scope,system,source_file,outer_archive_member,core_archive_member,inner_archive_sha256,original_archive_member,source_bytes,source_sha256,row_evidence_hash_available,source_sha256_matches_row_evidence,original_bytes_available_in_nested_archive,recovery_status,recovered_path,download_url,recovered_sha256,recovered_bytes,recovery_origin
目录,减免目录,cat_batch1.doc,购置税项目_目录覆盖与官方技术清单补采_20261008/inputs/购置税项目_样本重建与面板_20261008.zip,购置税项目_样本重建与面板_20261008/inputs/统一参数与资格事件入口_20261007.zip,6319ba54e481d5a5921420587c97c1d5cc177641ebc427d1fc80d1e0f2b73c9e,统一参数与资格事件入口_20261007/原件/减免目录/cat_batch1.doc,26161152,2497c1bf3f3ffb02166f358621f18fa2288e6c5b8a2d36177483ffd5bb1cf655,1,1,1,sha256_exact,/workspace/purchase_tax_audit/round3/archive/recovered/减免目录/cat_batch1.doc,https://www.miit.gov.cn/cms_files/filemanager/1226211233/attach/20238/a602677a9c8d4ecf8c77638ad2615814.doc,2497c1bf3f3ffb02166f358621f18fa2288e6c5b8a2d36177483ffd5bb1cf655,26161152,此前公开回收
目录,减免目录,cat_batch10.doc,购置税项目_目录覆盖与官方技术清单补采_20261008/inputs/购置税项目_样本重建与面板_20261008.zip,购置税项目_样本重建与面板_20261008/inputs/统一参数与资格事件入口_20261007.zip,6319ba54e481d5a5921420587c97c1d5cc177641ebc427d1fc80d1e0f2b73c9e,统一参数与资格事件入口_20261007/原件/减免目录/cat_batch10.doc,852480,52d2c7e0c19e9e318882aa3b9e644ecaf5e6cffb8935033e46d6bbedf4700666,1,1,1,sha256_exact,/workspace/purchase_tax_audit/round3/archive/recovered/减免目录/cat_batch10.doc,https://www.miit.gov.cn/cms_files/filemanager/1226211233/attach/20249/408a9a0a7d0448949bb1648d8032d47f.doc,52d2c7e0c19e9e318882aa3b9e644ecaf5e6cffb8935033e46d6bbedf4700666,852480,此前公开回收
目录,减免目录,cat_batch11.doc,购置税项目_目录覆盖与官方技术清单补采_20261008/inputs/购置税项目_样本重建与面板_20261008.zip,购置税项目_样本重建与面板_20261008/inputs/统一参数与资格事件入口_20261007.zip,6319ba54e481d5a5921420587c97c1d5cc177641ebc427d1fc80d1e0f2b73c9e,统一参数与资格事件入口_20261007/原件/减免目录/cat_batch11.doc,896512,50946a8cee281540011df1d8952664b2d1cc86e5c708ee4b605f3cbb29834db0,1,1,1,sha256_exact,/workspace/purchase_tax_audit/round3/archive/recovered/减免目录/cat_batch11.doc,https://www.miit.gov.cn/cms_files/filemanager/1226211233/attach/202410/beb628fdfb6d4ac0aedd4a564d37bbe7.doc,50946a8cee281540011df1d8952664b2d1cc86e5c708ee4b605f3cbb29834db0,896512,此前公开回收
目录,减免目录,cat_batch12.doc,购置税项目_目录覆盖与官方技术清单补采_20261008/inputs/购置税项目_样本重建与面板_20261008.zip,购置税项目_样本重建与面板_20261008/inputs/统一参数与资格事件入口_20261007.zip,6319ba54e481d5a5921420587c97c1d5cc177641ebc427d1fc80d1e0f2b73c9e,统一参数与资格事件入口_20261007/原件/减免目录/cat_batch12.doc,594432,68355cd598263f9e93f5a2dddac6a353082ac32bdb18581ddbdaace1078ef426,1,1,1,sha256_exact,/workspace/purchase_tax_audit/round3/archive/recovered/减免目录/cat_batch12.doc,https://www.miit.gov.cn/cms_files/filemanager/1226211233/attach/202411/3116f6beef6a4840945213e5c9fad3f9.doc,68355cd598263f9e93f5a2dddac6a353082ac32bdb18581ddbdaace1078ef426,594432,此前公开回收
目录,减免目录,cat_batch13.doc,购置税项目_目录覆盖与官方技术清单补采_20261008/inputs/购置税项目_样本重建与面板_20261008.zip,购置税项目_样本重建与面板_20261008/inputs/统一参数与资格事件入口_20261007.zip,6319ba54e481d5a5921420587c97c1d5cc177641ebc427d1fc80d1e0f2b73c9e,统一参数与资格事件入口_20261007/原件/减免目录/cat_batch13.doc,1070592,e31d5b07465ce75f0652cf4e57bd6e333a602fc71620618fd9a2f5eaad89e52b,1,1,1,sha256_exact,/workspace/purchase_tax_audit/round3/archive/recovered/减免目录/cat_batch13.doc,https://www.miit.gov.cn/cms_files/filemanager/1226211233/attach/202410/ccf8dff45cb64b4a884c9e08657fc75d.doc,e31d5b07465ce75f0652cf4e57bd6e333a602fc71620618fd9a2f5eaad89e52b,1070592,此前公开回收
目录,减免目录,cat_batch14.doc,购置税项目_目录覆盖与官方技术清单补采_20261008/inputs/购置税项目_样本重建与面板_20261008.zip,购置税项目_样本重建与面板_20261008/inputs/统一参数与资格事件入口_20261007.zip,6319ba54e481d5a5921420587c97c1d5cc177641ebc427d1fc80d1e0f2b73c9e,统一参数与资格事件入口_20261007/原件/减免目录/cat_batch14.doc,621568,bed37a691cccda53969b7f6c2639caf3a2f0fc3c5ae43a18f8463384c2701d96,1,1,1,sha256_exact,/workspace/purchase_tax_audit/round3/archive/recovered/减免目录/cat_batch14.doc,https://www.miit.gov.cn/cms_files/filemanager/1226211233/attach/202410/150d97d7d9c9451d96143a66e2c6dd97.doc,bed37a691cccda53969b7f6c2639caf3a2f0fc3c5ae43a18f8463384c2701d96,621568,此前公开回收
目录,减免目录,cat_batch15.doc,购置税项目_目录覆盖与官方技术清单补采_20261008/inputs/购置税项目_样本重建与面板_20261008.zip,购置税项目_样本重建与面板_20261008/inputs/统一参数与资格事件入口_20261007.zip,6319ba54e481d5a5921420587c97c1d5cc177641ebc427d1fc80d1e0f2b73c9e,统一参数与资格事件入口_20261007/原件/减免目录/cat_batch15.doc,645632,4d8bd150e663935e93775cdf40b10e5f547e1a9dc98c5ec7a23ba954ee78de93,1,1,1,sha256_exact,/workspace/purchase_tax_audit/round3/archive/recovered/减免目录/cat_batch15.doc,https://www.miit.gov.cn/cms_files/filemanager/1226211233/attach/20252/e4db44b95f924c4d94b9d5ccd4e5f4e8.doc,4d8bd150e663935e93775cdf40b10e5f547e1a9dc98c5ec7a23ba954ee78de93,645632,此前公开回收
目录,减免目录,cat_batch16.doc,购置税项目_目录覆盖与官方技术清单补采_20261008/inputs/购置税项目_样本重建与面板_20261008.zip,购置税项目_样本重建与面板_20261008/inputs/统一参数与资格事件入口_20261007.zip,6319ba54e481d5a5921420587c97c1d5cc177641ebc427d1fc80d1e0f2b73c9e,统一参数与资格事件入口_20261007/原件/减免目录/cat_batch16.doc,592384,01988c125167aeb6fa6098f9e4dedc963d74ecccb8ce3e44441ade0fd7a4b8b0,1,1,1,sha256_exact,/workspace/purchase_tax_audit/round3/archive/recovered/减免目录/cat_batch16.doc,https://www.miit.gov.cn/cms_files/filemanager/1226211233/attach/20253/7421c4b3ca864fc4bfe16f022549aa29.doc,01988c125167aeb6fa6098f9e4dedc963d74ecccb8ce3e44441ade0fd7a4b8b0,592384,此前公开回收
目录,减免目录,cat_batch17.doc,购置税项目_目录覆盖与官方技术清单补采_20261008/inputs/购置税项目_样本重建与面板_20261008.zip,购置税项目_样本重建与面板_20261008/inputs/统一参数与资格事件入口_20261007.zip,6319ba54e481d5a5921420587c97c1d5cc177641ebc427d1fc80d1e0f2b73c9e,统一参数与资格事件入口_20261007/原件/减免目录/cat_batch17.doc,916480,87ce6b791562fd8614def8ffc59f765bd968f7c993d95c036de4c9fb59534d50,1,1,1,sha256_exact,/workspace/purchase_tax_audit/round3/archive/recovered/减免目录/cat_batch17.doc,https://www.miit.gov.cn/cms_files/filemanager/1226211233/attach/20255/0fcf84654d544787a490fd264db38b71.doc,87ce6b791562fd8614def8ffc59f765bd968f7c993d95c036de4c9fb59534d50,916480,此前公开回收
目录,减免目录,cat_batch18.doc,购置税项目_目录覆盖与官方技术清单补采_20261008/inputs/购置税项目_样本重建与面板_20261008.zip,购置税项目_样本重建与面板_20261008/inputs/统一参数与资格事件入口_20261007.zip,6319ba54e481d5a5921420587c97c1d5cc177641ebc427d1fc80d1e0f2b73c9e,统一参数与资格事件入口_20261007/原件/减免目录/cat_batch18.doc,987648,49c6c79c58ea0fbaf5a7d6264627730fbfed601ae3e68a0773f49b53969cb2b5,1,1,1,sha256_exact,/workspace/purchase_tax_audit/round3/archive/recovered/减免目录/cat_batch18.doc,https://www.miit.gov.cn/cms_files/filemanager/1226211233/attach/20256/32552fea53234904ab58e45d2ed2d1a6.doc,49c6c79c58ea0fbaf5a7d6264627730fbfed601ae3e68a0773f49b53969cb2b5,987648,此前公开回收
目录,减免目录,cat_batch19.doc,购置税项目_目录覆盖与官方技术清单补采_20261008/inputs/购置税项目_样本重建与面板_20261008.zip,购置税项目_样本重建与面板_20261008/inputs/统一参数与资格事件入口_20261007.zip,6319ba54e481d5a5921420587c97c1d5cc177641ebc427d1fc80d1e0f2b73c9e,统一参数与资格事件入口_20261007/原件/减免目录/cat_batch19.doc,901120,0f193607fd511fa2a41d2d8b5244689b81cc1343234ac4cc341122ffbc3fb5be,1,1,1,sha256_exact,/workspace/purchase_tax_audit/round3/archive/recovered/减免目录/cat_batch19.doc,https://www.miit.gov.cn/cms_files/filemanager/1226211233/attach/20257/3ce7f09db39a4ef1bc1cb6735b1dfa47.doc,0f193607fd511fa2a41d2d8b5244689b81cc1343234ac4cc341122ffbc3fb5be,901120,此前公开回收
目录,减免目录,cat_batch2.doc,购置税项目_目录覆盖与官方技术清单补采_20261008/inputs/购置税项目_样本重建与面板_20261008.zip,购置税项目_样本重建与面板_20261008/inputs/统一参数与资格事件入口_20261007.zip,6319ba54e481d5a5921420587c97c1d5cc177641ebc427d1fc80d1e0f2b73c9e,统一参数与资格事件入口_20261007/原件/减免目录/cat_batch2.doc,366080,b8e8ee4a6195824b1add5a2a262207fa06d4ab3887de347eb3526c312302ea41,1,1,1,sha256_exact,/workspace/purchase_tax_audit/round3/archive/recovered/减免目录/cat_batch2.doc,https://www.miit.gov.cn/cms_files/filemanager/1226211233/attach/20242/d46581f8b10d4c75a5754717c99de925.doc,b8e8ee4a6195824b1add5a2a262207fa06d4ab3887de347eb3526c312302ea41,366080,此前公开回收
目录,减免目录,cat_batch20.doc,购置税项目_目录覆盖与官方技术清单补采_20261008/inputs/购置税项目_样本重建与面板_20261008.zip,购置税项目_样本重建与面板_20261008/inputs/统一参数与资格事件入口_20261007.zip,6319ba54e481d5a5921420587c97c1d5cc177641ebc427d1fc80d1e0f2b73c9e,统一参数与资格事件入口_20261007/原件/减免目录/cat_batch20.doc,977408,6bf85e8ed12ed9f6351e9e07da4c13d6ff97d887a6d061c042472c059f1a2aca,1,1,1,sha256_exact,/workspace/purchase_tax_audit/round3/archive/recovered/减免目录/cat_batch20.doc,https://www.miit.gov.cn/cms_files/filemanager/1226211233/attach/20257/c74befa80d7542e688d45a54260931ff.doc,6bf85e8ed12ed9f6351e9e07da4c13d6ff97d887a6d061c042472c059f1a2aca,977408,此前公开回收
目录,减免目录,cat_batch21.doc,购置税项目_目录覆盖与官方技术清单补采_20261008/inputs/购置税项目_样本重建与面板_20261008.zip,购置税项目_样本重建与面板_20261008/inputs/统一参数与资格事件入口_20261007.zip,6319ba54e481d5a5921420587c97c1d5cc177641ebc427d1fc80d1e0f2b73c9e,统一参数与资格事件入口_20261007/原件/减免目录/cat_batch21.doc,1295872,c085cc375c814151899dc1f6a6ee0e6da86d98a38f02cce21eba5d35d9bc2526,1,1,1,sha256_exact,/workspace/purchase_tax_audit/round3/archive/recovered/减免目录/cat_batch21.doc,https://www.miit.gov.cn/cms_files/filemanager/1226211233/attach/20259/3e035d5634f54e72be954f7745dea07f.doc,c085cc375c814151899dc1f6a6ee0e6da86d98a38f02cce21eba5d35d9bc2526,1295872,此前公开回收
目录,减免目录,cat_batch22.doc,购置税项目_目录覆盖与官方技术清单补采_20261008/inputs/购置税项目_样本重建与面板_20261008.zip,购置税项目_样本重建与面板_20261008/inputs/统一参数与资格事件入口_20261007.zip,6319ba54e481d5a5921420587c97c1d5cc177641ebc427d1fc80d1e0f2b73c9e,统一参数与资格事件入口_20261007/原件/减免目录/cat_batch22.doc,800768,f3f6e71c23f93647264177285f7f75abcd841a94622cb9cdd4e6e77c17a16e79,1,1,1,sha256_exact,/workspace/purchase_tax_audit/round3/archive/recovered/减免目录/cat_batch22.doc,https://www.miit.gov.cn/cms_files/filemanager/1226211233/attach/20259/2b1f4f7bae0e479ca0e1be50233b2310.doc,f3f6e71c23f93647264177285f7f75abcd841a94622cb9cdd4e6e77c17a16e79,800768,此前公开回收
目录,减免目录,cat_batch23.doc,购置税项目_目录覆盖与官方技术清单补采_20261008/inputs/购置税项目_样本重建与面板_20261008.zip,购置税项目_样本重建与面板_20261008/inputs/统一参数与资格事件入口_20261007.zip,6319ba54e481d5a5921420587c97c1d5cc177641ebc427d1fc80d1e0f2b73c9e,统一参数与资格事件入口_20261007/原件/减免目录/cat_batch23.doc,863232,70de67f1b182dc59c9f2152d826eabf564024b06d799b4daf3ffbc769e5958e6,1,1,1,sha256_exact,/workspace/purchase_tax_audit/round3/archive/recovered/减免目录/cat_batch23.doc,https://www.miit.gov.cn/cms_files/filemanager/1226211233/attach/202511/3f0c131df76b42c996d38b3be23e4342.doc,70de67f1b182dc59c9f2152d826eabf564024b06d799b4daf3ffbc769e5958e6,863232,此前公开回收
目录,减免目录,cat_batch24.doc,购置税项目_目录覆盖与官方技术清单补采_20261008/inputs/购置税项目_样本重建与面板_20261008.zip,购置税项目_样本重建与面板_20261008/inputs/统一参数与资格事件入口_20261007.zip,6319ba54e481d5a5921420587c97c1d5cc177641ebc427d1fc80d1e0f2b73c9e,统一参数与资格事件入口_20261007/原件/减免目录/cat_batch24.doc,1003520,bba2afa16ac3ec8cc0c7778a7281cefbd43ea398a797e97e56e2e99dfef9b1f3,1,1,1,sha256_exact,/workspace/purchase_tax_audit/round3/archive/recovered/减免目录/cat_batch24.doc,https://www.miit.gov.cn/cms_files/filemanager/1226211233/attach/202512/1584888df2a141d3be85fda969cf64c5.doc,bba2afa16ac3ec8cc0c7778a7281cefbd43ea398a797e97e56e2e99dfef9b1f3,1003520,此前公开回收
目录,减免目录,cat_batch3.doc,购置税项目_目录覆盖与官方技术清单补采_20261008/inputs/购置税项目_样本重建与面板_20261008.zip,购置税项目_样本重建与面板_20261008/inputs/统一参数与资格事件入口_20261007.zip,6319ba54e481d5a5921420587c97c1d5cc177641ebc427d1fc80d1e0f2b73c9e,统一参数与资格事件入口_20261007/原件/减免目录/cat_batch3.doc,593408,338c1551d098659125f729d8b63eb48134ce5dfcfd36362a2aacb04a112e87b8,1,1,1,sha256_exact,/workspace/purchase_tax_audit/round3/archive/recovered/减免目录/cat_batch3.doc,https://www.miit.gov.cn/cms_files/filemanager/1226211233/attach/20241/4e84f58fe87b479f8fe655b70d6ab3e7.doc,338c1551d098659125f729d8b63eb48134ce5dfcfd36362a2aacb04a112e87b8,593408,此前公开回收
目录,减免目录,cat_batch4.doc,购置税项目_目录覆盖与官方技术清单补采_20261008/inputs/购置税项目_样本重建与面板_20261008.zip,购置税项目_样本重建与面板_20261008/inputs/统一参数与资格事件入口_20261007.zip,6319ba54e481d5a5921420587c97c1d5cc177641ebc427d1fc80d1e0f2b73c9e,统一参数与资格事件入口_20261007/原件/减免目录/cat_batch4.doc,1089536,e6d4f6d7e11833351bf9e247aa8032273ad029b83385189b0ffebd81d10b8ce6,1,1,1,sha256_exact,/workspace/purchase_tax_audit/round3/archive/recovered/减免目录/cat_batch4.doc,https://www.miit.gov.cn/cms_files/filemanager/1226211233/attach/20244/c39421727e4c4721bab15ad551aadc5c.doc,e6d4f6d7e11833351bf9e247aa8032273ad029b83385189b0ffebd81d10b8ce6,1089536,此前公开回收
目录,减免目录,cat_batch5.doc,购置税项目_目录覆盖与官方技术清单补采_20261008/inputs/购置税项目_样本重建与面板_20261008.zip,购置税项目_样本重建与面板_20261008/inputs/统一参数与资格事件入口_20261007.zip,6319ba54e481d5a5921420587c97c1d5cc177641ebc427d1fc80d1e0f2b73c9e,统一参数与资格事件入口_20261007/原件/减免目录/cat_batch5.doc,1562112,be8c8373f926e8b033304f06a62d92b0f0fc066accc6841864c3fd414bc506ab,1,1,1,sha256_exact,/workspace/purchase_tax_audit/round3/archive/recovered/减免目录/cat_batch5.doc,https://www.miit.gov.cn/cms_files/filemanager/1226211233/attach/20244/608ba41642544eb9a5cee123c91c5e6d.doc,be8c8373f926e8b033304f06a62d92b0f0fc066accc6841864c3fd414bc506ab,1562112,此前公开回收
目录,减免目录,cat_batch6.doc,购置税项目_目录覆盖与官方技术清单补采_20261008/inputs/购置税项目_样本重建与面板_20261008.zip,购置税项目_样本重建与面板_20261008/inputs/统一参数与资格事件入口_20261007.zip,6319ba54e481d5a5921420587c97c1d5cc177641ebc427d1fc80d1e0f2b73c9e,统一参数与资格事件入口_20261007/原件/减免目录/cat_batch6.doc,4346880,8017fdbcfa01dc3f5d2bd65fe4a06f5212edd78d39fee33fd47f6a2823eedcf7,1,1,1,sha256_exact,/workspace/purchase_tax_audit/round3/archive/recovered/减免目录/cat_batch6.doc,https://www.miit.gov.cn/cms_files/filemanager/1226211233/attach/20244/4aabd4e028a74981be7faf6d7200bae5.doc,8017fdbcfa01dc3f5d2bd65fe4a06f5212edd78d39fee33fd47f6a2823eedcf7,4346880,此前公开回收
目录,减免目录,cat_batch7.doc,购置税项目_目录覆盖与官方技术清单补采_20261008/inputs/购置税项目_样本重建与面板_20261008.zip,购置税项目_样本重建与面板_20261008/inputs/统一参数与资格事件入口_20261007.zip,6319ba54e481d5a5921420587c97c1d5cc177641ebc427d1fc80d1e0f2b73c9e,统一参数与资格事件入口_20261007/原件/减免目录/cat_batch7.doc,1056768,64daa450394c7247fa213d342695ed4d2f08adf7c665a68ae5c8f1eb1118a202,1,1,1,sha256_exact,/workspace/purchase_tax_audit/round3/archive/recovered/减免目录/cat_batch7.doc,https://www.miit.gov.cn/cms_files/filemanager/1226211233/attach/20246/1fd9b1bb2345491ba37dcc4e6660e829.doc,64daa450394c7247fa213d342695ed4d2f08adf7c665a68ae5c8f1eb1118a202,1056768,此前公开回收
目录,减免目录,cat_batch8.doc,购置税项目_目录覆盖与官方技术清单补采_20261008/inputs/购置税项目_样本重建与面板_20261008.zip,购置税项目_样本重建与面板_20261008/inputs/统一参数与资格事件入口_20261007.zip,6319ba54e481d5a5921420587c97c1d5cc177641ebc427d1fc80d1e0f2b73c9e,统一参数与资格事件入口_20261007/原件/减免目录/cat_batch8.doc,758784,cbab4420ab84da22688f4c3ebb5b5c99f9350da948eb3eba04418c6ba02c5441,1,1,1,sha256_exact,/workspace/purchase_tax_audit/round3/archive/recovered/减免目录/cat_batch8.doc,https://www.miit.gov.cn/cms_files/filemanager/1226211233/attach/20248/79a54d5842f34538ac79dbca77cbc18a.doc,cbab4420ab84da22688f4c3ebb5b5c99f9350da948eb3eba04418c6ba02c5441,758784,此前公开回收
目录,减免目录,cat_batch9.doc,购置税项目_目录覆盖与官方技术清单补采_20261008/inputs/购置税项目_样本重建与面板_20261008.zip,购置税项目_样本重建与面板_20261008/inputs/统一参数与资格事件入口_20261007.zip,6319ba54e481d5a5921420587c97c1d5cc177641ebc427d1fc80d1e0f2b73c9e,统一参数与资格事件入口_20261007/原件/减免目录/cat_batch9.doc,942080,74d572a9275de9f57212c399bc437e64fc60e908170abcdb8b544b0ece5f8a11,1,1,1,sha256_exact,/workspace/purchase_tax_audit/round3/archive/recovered/减免目录/cat_batch9.doc,https://www.miit.gov.cn/cms_files/filemanager/1226211233/attach/20249/48a4abfd28174f65bcc89a1addd69715.doc,74d572a9275de9f57212c399bc437e64fc60e908170abcdb8b544b0ece5f8a11,942080,此前公开回收
目录,免征目录,mf_batch01.pdf,购置税项目_目录覆盖与官方技术清单补采_20261008/inputs/购置税项目_样本重建与面板_20261008.zip,购置税项目_样本重建与面板_20261008/inputs/统一参数与资格事件入口_20261007.zip,6319ba54e481d5a5921420587c97c1d5cc177641ebc427d1fc80d1e0f2b73c9e,统一参数与资格事件入口_20261007/原件/免征目录/mf_batch01.pdf,442883,eac13628c37f01c4da157a2d1916d97acc81fdc295f18e1783549075ce7e5aa7,1,1,1,sha256_exact,/workspace/purchase_tax_audit/round5/originals/mf_batch01.pdf,,eac13628c37f01c4da157a2d1916d97acc81fdc295f18e1783549075ce7e5aa7,442883,用户本轮提供历史原件
目录,免征目录,mf_batch02.pdf,购置税项目_目录覆盖与官方技术清单补采_20261008/inputs/购置税项目_样本重建与面板_20261008.zip,购置税项目_样本重建与面板_20261008/inputs/统一参数与资格事件入口_20261007.zip,6319ba54e481d5a5921420587c97c1d5cc177641ebc427d1fc80d1e0f2b73c9e,统一参数与资格事件入口_20261007/原件/免征目录/mf_batch02.pdf,513407,0b13b4fd2de6c4de3ab0f8add88bb8d24354d05ca6af46904fe1065c53c9c519,1,1,1,sha256_exact,/workspace/purchase_tax_audit/round3/archive/recovered/免征目录/mf_batch02.pdf,https://www.miit.gov.cn/cms_files/filemanager/oldfile/miit/n1146285/n1146352/n3054355/n3057585/n3057592/c3616789/part/3616790.pdf,0b13b4fd2de6c4de3ab0f8add88bb8d24354d05ca6af46904fe1065c53c9c519,513407,此前公开回收
目录,免征目录,mf_batch03.pdf,购置税项目_目录覆盖与官方技术清单补采_20261008/inputs/购置税项目_样本重建与面板_20261008.zip,购置税项目_样本重建与面板_20261008/inputs/统一参数与资格事件入口_20261007.zip,6319ba54e481d5a5921420587c97c1d5cc177641ebc427d1fc80d1e0f2b73c9e,统一参数与资格事件入口_20261007/原件/免征目录/mf_batch03.pdf,612297,1367fdf126160143cbeecaedf4a66b528d105bbfa58a06b2118487a2e05000a5,1,1,1,sha256_exact,/workspace/purchase_tax_audit/round3/archive/recovered/免征目录/mf_batch03.pdf,https://www.miit.gov.cn/cms_files/filemanager/oldfile/miit/n1146285/n1146352/n3054355/n3057585/n3057592/c3616902/part/3616903.pdf,1367fdf126160143cbeecaedf4a66b528d105bbfa58a06b2118487a2e05000a5,612297,此前公开回收
目录,免征目录,mf_batch04.pdf,购置税项目_目录覆盖与官方技术清单补采_20261008/inputs/购置税项目_样本重建与面板_20261008.zip,购置税项目_样本重建与面板_20261008/inputs/统一参数与资格事件入口_20261007.zip,6319ba54e481d5a5921420587c97c1d5cc177641ebc427d1fc80d1e0f2b73c9e,统一参数与资格事件入口_20261007/原件/免征目录/mf_batch04.pdf,663508,7539cd299efb49a366656a4da32393075bcb03a5e10ea54e975f82f6099d9c81,1,1,1,sha256_exact,/workspace/purchase_tax_audit/round3/archive/recovered/免征目录/mf_batch04.pdf,https://www.miit.gov.cn/cms_files/filemanager/oldfile/miit/n1146285/n1146352/n3054355/n3057585/n3057592/c3617181/part/3617182.pdf,7539cd299efb49a366656a4da32393075bcb03a5e10ea54e975f82f6099d9c81,663508,此前公开回收
目录,免征目录,mf_batch05.pdf,购置税项目_目录覆盖与官方技术清单补采_20261008/inputs/购置税项目_样本重建与面板_20261008.zip,购置税项目_样本重建与面板_20261008/inputs/统一参数与资格事件入口_20261007.zip,6319ba54e481d5a5921420587c97c1d5cc177641ebc427d1fc80d1e0f2b73c9e,统一参数与资格事件入口_20261007/原件/免征目录/mf_batch05.pdf,882930,658aa5fbf13859a9bbe1db6235da2f7e79fc325cc34e4c0ec1ffab7f8cc2ebca,1,1,1,sha256_exact,/workspace/purchase_tax_audit/round3/archive/recovered/免征目录/mf_batch05.pdf,https://www.miit.gov.cn/cms_files/filemanager/oldfile/miit/n1146285/n1146352/n3054355/n3057585/n3057592/c3868877/part/3868878.pdf,658aa5fbf13859a9bbe1db6235da2f7e79fc325cc34e4c0ec1ffab7f8cc2ebca,882930,此前公开回收
目录,免征目录,mf_batch06.pdf,购置税项目_目录覆盖与官方技术清单补采_20261008/inputs/购置税项目_样本重建与面板_20261008.zip,购置税项目_样本重建与面板_20261008/inputs/统一参数与资格事件入口_20261007.zip,6319ba54e481d5a5921420587c97c1d5cc177641ebc427d1fc80d1e0f2b73c9e,统一参数与资格事件入口_20261007/原件/免征目录/mf_batch06.pdf,1231875,df226dc3953484911afdd265072593abc08c9f66d52a1df7492e215ce15c9b54,1,1,1,sha256_exact,/workspace/purchase_tax_audit/round3/archive/recovered/免征目录/mf_batch06.pdf,https://www.miit.gov.cn/cms_files/filemanager/oldfile/miit/n1146285/n1146352/n3054355/n3057585/n3057592/c4450885/part/4478433.pdf,df226dc3953484911afdd265072593abc08c9f66d52a1df7492e215ce15c9b54,1231875,此前公开回收
目录,免征目录,mf_batch07.pdf,购置税项目_目录覆盖与官方技术清单补采_20261008/inputs/购置税项目_样本重建与面板_20261008.zip,购置税项目_样本重建与面板_20261008/inputs/统一参数与资格事件入口_20261007.zip,6319ba54e481d5a5921420587c97c1d5cc177641ebc427d1fc80d1e0f2b73c9e,统一参数与资格事件入口_20261007/原件/免征目录/mf_batch07.pdf,1184008,ad8e7f0576c7261a718e5a561358462b598d617361c6f02d7a14fb2038b758b0,1,1,1,sha256_exact,/workspace/purchase_tax_audit/round3/archive/recovered/免征目录/mf_batch07.pdf,https://www.miit.gov.cn/cms_files/filemanager/oldfile/miit/n1146285/n1146352/n3054355/n3057585/n3057590/c5149599/part/5149608.pdf,ad8e7f0576c7261a718e5a561358462b598d617361c6f02d7a14fb2038b758b0,1184008,此前公开回收
目录,免征目录,mf_batch08.pdf,购置税项目_目录覆盖与官方技术清单补采_20261008/inputs/购置税项目_样本重建与面板_20261008.zip,购置税项目_样本重建与面板_20261008/inputs/统一参数与资格事件入口_20261007.zip,6319ba54e481d5a5921420587c97c1d5cc177641ebc427d1fc80d1e0f2b73c9e,统一参数与资格事件入口_20261007/原件/免征目录/mf_batch08.pdf,150940,39b242717c026063c908426a890cd361f1165aa5729988d56303b2f8d5fb3b42,1,1,1,sha256_exact,/workspace/purchase_tax_audit/round3/archive/recovered/免征目录/mf_batch08.pdf,https://shanghai.chinatax.gov.cn/zcfw/zcfgk/node94/201608/P020160801451686083424.pdf,39b242717c026063c908426a890cd361f1165aa5729988d56303b2f8d5fb3b42,150940,此前公开回收
目录,免征目录,mf_batch09.pdf,购置税项目_目录覆盖与官方技术清单补采_20261008/inputs/购置税项目_样本重建与面板_20261008.zip,购置税项目_样本重建与面板_20261008/inputs/统一参数与资格事件入口_20261007.zip,6319ba54e481d5a5921420587c97c1d5cc177641ebc427d1fc80d1e0f2b73c9e,统一参数与资格事件入口_20261007/原件/免征目录/mf_batch09.pdf,1838402,7eea7200c04fefec34f6ae6db5a1bae77f82a534348f266e95575cae051c8c8c,1,1,1,sha256_exact,/workspace/purchase_tax_audit/round3/archive/recovered/免征目录/mf_batch09.pdf,https://shanghai.chinatax.gov.cn/zcfw/zcfgk/node94/201701/P020170119289378427107.pdf,7eea7200c04fefec34f6ae6db5a1bae77f82a534348f266e95575cae051c8c8c,1838402,此前公开回收
目录,免征目录,mf_batch10.pdf,购置税项目_目录覆盖与官方技术清单补采_20261008/inputs/购置税项目_样本重建与面板_20261008.zip,购置税项目_样本重建与面板_20261008/inputs/统一参数与资格事件入口_20261007.zip,6319ba54e481d5a5921420587c97c1d5cc177641ebc427d1fc80d1e0f2b73c9e,统一参数与资格事件入口_20261007/原件/免征目录/mf_batch10.pdf,263608,ac1b1ad2605b4f24762fb1f01cea64b685393577d01648618fa1882bb5700ac3,1,1,1,sha256_exact,/workspace/purchase_tax_audit/round3/archive/recovered/免征目录/mf_batch10.pdf,https://www.miit.gov.cn/cms_files/filemanager/oldfile/miit/n1146285/n1146352/n3054355/n3057585/n3057590/c5606985/part/5607000.pdf,ac1b1ad2605b4f24762fb1f01cea64b685393577d01648618fa1882bb5700ac3,263608,此前公开回收
目录,免征目录,mf_batch11.pdf,购置税项目_目录覆盖与官方技术清单补采_20261008/inputs/购置税项目_样本重建与面板_20261008.zip,购置税项目_样本重建与面板_20261008/inputs/统一参数与资格事件入口_20261007.zip,6319ba54e481d5a5921420587c97c1d5cc177641ebc427d1fc80d1e0f2b73c9e,统一参数与资格事件入口_20261007/原件/免征目录/mf_batch11.pdf,279685,ec4f33e5e872841e6d1fa5d435793c285a15614ef2e64f39b9013389b5e51724,1,1,1,sha256_exact,/workspace/purchase_tax_audit/round3/archive/recovered/免征目录/mf_batch11.pdf,https://www.miit.gov.cn/cms_files/filemanager/oldfile/miit/n1146285/n1146352/n3054355/n3057585/n3057589/c5716825/part/5716840.pdf,ec4f33e5e872841e6d1fa5d435793c285a15614ef2e64f39b9013389b5e51724,279685,此前公开回收
目录,免征目录,mf_batch12.pdf,购置税项目_目录覆盖与官方技术清单补采_20261008/inputs/购置税项目_样本重建与面板_20261008.zip,购置税项目_样本重建与面板_20261008/inputs/统一参数与资格事件入口_20261007.zip,6319ba54e481d5a5921420587c97c1d5cc177641ebc427d1fc80d1e0f2b73c9e,统一参数与资格事件入口_20261007/原件/免征目录/mf_batch12.pdf,241080,afbd7133ccf901dbdc065b2ff80768450dc901def8d216cf5bb87baa98f7a1e2,1,1,1,sha256_exact,/workspace/purchase_tax_audit/round3/archive/recovered/免征目录/mf_batch12.pdf,https://shanghai.chinatax.gov.cn/zcfw/zcfgk/node94/201710/P020171027489007968581.pdf,afbd7133ccf901dbdc065b2ff80768450dc901def8d216cf5bb87baa98f7a1e2,241080,此前公开回收
目录,免征目录,mf_batch13.pdf,购置税项目_目录覆盖与官方技术清单补采_20261008/inputs/购置税项目_样本重建与面板_20261008.zip,购置税项目_样本重建与面板_20261008/inputs/统一参数与资格事件入口_20261007.zip,6319ba54e481d5a5921420587c97c1d5cc177641ebc427d1fc80d1e0f2b73c9e,统一参数与资格事件入口_20261007/原件/免征目录/mf_batch13.pdf,196388,e82c4f41c448edbb5269c95f2ff35d0c577f7ff0d12ff30b2d4c307a1aa31a6b,1,1,1,sha256_exact,/workspace/purchase_tax_audit/round3/archive/recovered/免征目录/mf_batch13.pdf,https://shanghai.chinatax.gov.cn/zcfw/zcfgk/node94/201803/P020180319395421566936.pdf,e82c4f41c448edbb5269c95f2ff35d0c577f7ff0d12ff30b2d4c307a1aa31a6b,196388,此前公开回收
目录,免征目录,mf_batch14.docx,购置税项目_目录覆盖与官方技术清单补采_20261008/inputs/购置税项目_样本重建与面板_20261008.zip,购置税项目_样本重建与面板_20261008/inputs/统一参数与资格事件入口_20261007.zip,6319ba54e481d5a5921420587c97c1d5cc177641ebc427d1fc80d1e0f2b73c9e,统一参数与资格事件入口_20261007/原件/免征目录/mf_batch14.docx,265216,6a48764b5ccb7c4ffa6f54daa44d3a42095b8a981fc982e774ddaaded41e9921,1,1,1,sha256_exact,/workspace/purchase_tax_audit/round3/archive/recovered/免征目录/mf_batch14.docx,https://www.miit.gov.cn/cms_files/filemanager/oldfile/miit/n1146285/n1146352/n3054355/n3057585/n3057589/c5949379/part/5949380.doc,6a48764b5ccb7c4ffa6f54daa44d3a42095b8a981fc982e774ddaaded41e9921,265216,此前公开回收
目录,免征目录,mf_batch15.pdf,购置税项目_目录覆盖与官方技术清单补采_20261008/inputs/购置税项目_样本重建与面板_20261008.zip,购置税项目_样本重建与面板_20261008/inputs/统一参数与资格事件入口_20261007.zip,6319ba54e481d5a5921420587c97c1d5cc177641ebc427d1fc80d1e0f2b73c9e,统一参数与资格事件入口_20261007/原件/免征目录/mf_batch15.pdf,130117,bbb3b1e38c535c13d6ef1bc1f4105509476c91a7e63723dc7a70e372904d90f4,1,1,1,sha256_exact,/workspace/purchase_tax_audit/round3/archive/recovered/免征目录/mf_batch15.pdf,https://shanghai.chinatax.gov.cn/zcfw/zcfgk/node94/201803/P020180319387858596785.pdf,bbb3b1e38c535c13d6ef1bc1f4105509476c91a7e63723dc7a70e372904d90f4,130117,此前公开回收
目录,免征目录,mf_batch16.docx,购置税项目_目录覆盖与官方技术清单补采_20261008/inputs/购置税项目_样本重建与面板_20261008.zip,购置税项目_样本重建与面板_20261008/inputs/统一参数与资格事件入口_20261007.zip,6319ba54e481d5a5921420587c97c1d5cc177641ebc427d1fc80d1e0f2b73c9e,统一参数与资格事件入口_20261007/原件/免征目录/mf_batch16.docx,468819,9db5ace6c1c59bd9636d48636f94fa77d2b6e0aa27b109421690ce6a8c4a3967,1,1,1,sha256_exact,/workspace/purchase_tax_audit/round3/archive/recovered/免征目录/mf_batch16.docx,https://www.miit.gov.cn/cms_files/filemanager/oldfile/miit/n1146285/n1146352/n3054355/n3057585/n3057590/c6063879/part/6063895.doc,9db5ace6c1c59bd9636d48636f94fa77d2b6e0aa27b109421690ce6a8c4a3967,468819,此前公开回收
目录,免征目录,mf_batch17.pdf,购置税项目_目录覆盖与官方技术清单补采_20261008/inputs/购置税项目_样本重建与面板_20261008.zip,购置税项目_样本重建与面板_20261008/inputs/统一参数与资格事件入口_20261007.zip,6319ba54e481d5a5921420587c97c1d5cc177641ebc427d1fc80d1e0f2b73c9e,统一参数与资格事件入口_20261007/原件/免征目录/mf_batch17.pdf,154796,577a4ba9c586fe08565f6a60e6de5474698031566d8dcef484cd44335879e334,1,1,1,sha256_exact,/workspace/purchase_tax_audit/round3/archive/recovered/免征目录/mf_batch17.pdf,https://www.miit.gov.cn/cms_files/filemanager/oldfile/miit/n1146295/n1652858/n1652930/n4509607/c6134069/part/6134125.pdf,577a4ba9c586fe08565f6a60e6de5474698031566d8dcef484cd44335879e334,154796,此前公开回收
目录,免征目录,mf_batch18.doc,购置税项目_目录覆盖与官方技术清单补采_20261008/inputs/购置税项目_样本重建与面板_20261008.zip,购置税项目_样本重建与面板_20261008/inputs/统一参数与资格事件入口_20261007.zip,6319ba54e481d5a5921420587c97c1d5cc177641ebc427d1fc80d1e0f2b73c9e,统一参数与资格事件入口_20261007/原件/免征目录/mf_batch18.doc,1402663,43f5426f7f80996ee11a894710d7229c743abf7ad69ba239f61075e0a9ddd37a,1,1,1,sha256_exact,/workspace/purchase_tax_audit/round3/archive/recovered/免征目录/mf_batch18.doc,https://www.miit.gov.cn/cms_files/filemanager/oldfile/miit/n1146285/n1146352/n3054355/n3057585/n3057590/c6225704/part/6228162.doc,43f5426f7f80996ee11a894710d7229c743abf7ad69ba239f61075e0a9ddd37a,1402663,此前公开回收
目录,免征目录,mf_batch19.docx,购置税项目_目录覆盖与官方技术清单补采_20261008/inputs/购置税项目_样本重建与面板_20261008.zip,购置税项目_样本重建与面板_20261008/inputs/统一参数与资格事件入口_20261007.zip,6319ba54e481d5a5921420587c97c1d5cc177641ebc427d1fc80d1e0f2b73c9e,统一参数与资格事件入口_20261007/原件/免征目录/mf_batch19.docx,109073,fafd1558aa0f21067847c19bdd0a95c79b919737be7b07b87c4538107fb2b8e3,1,1,1,sha256_exact,/workspace/purchase_tax_audit/round3/archive/recovered/免征目录/mf_batch19.docx,https://shanghai.chinatax.gov.cn/zcfw/zcfgk/node94/201912/P020191209607145346772.docx,fafd1558aa0f21067847c19bdd0a95c79b919737be7b07b87c4538107fb2b8e3,109073,此前公开回收
目录,免征目录,mf_batch20.docx,购置税项目_目录覆盖与官方技术清单补采_20261008/inputs/购置税项目_样本重建与面板_20261008.zip,购置税项目_样本重建与面板_20261008/inputs/统一参数与资格事件入口_20261007.zip,6319ba54e481d5a5921420587c97c1d5cc177641ebc427d1fc80d1e0f2b73c9e,统一参数与资格事件入口_20261007/原件/免征目录/mf_batch20.docx,164521,374d3f87551d75d1c163e76abb38f350ea93f8a2b8cad6174568c307d1cc0130,1,1,1,sha256_exact,/workspace/purchase_tax_audit/round3/archive/recovered/免征目录/mf_batch20.docx,https://shanghai.chinatax.gov.cn/zcfw/zcfgk/node94/201812/P020181203378051750421.docx,374d3f87551d75d1c163e76abb38f350ea93f8a2b8cad6174568c307d1cc0130,164521,此前公开回收
目录,免征目录,mf_batch21.docx,购置税项目_目录覆盖与官方技术清单补采_20261008/inputs/购置税项目_样本重建与面板_20261008.zip,购置税项目_样本重建与面板_20261008/inputs/统一参数与资格事件入口_20261007.zip,6319ba54e481d5a5921420587c97c1d5cc177641ebc427d1fc80d1e0f2b73c9e,统一参数与资格事件入口_20261007/原件/免征目录/mf_batch21.docx,93426,cd981cecffd781db646c194ab2c853b0466cc86eea0f616e95300b88932b8d9b,1,1,1,sha256_exact,/workspace/purchase_tax_audit/round3/archive/recovered/免征目录/mf_batch21.docx,https://shanghai.chinatax.gov.cn/zcfw/zcfgk/node94/201812/P020181203379245146694.docx,cd981cecffd781db646c194ab2c853b0466cc86eea0f616e95300b88932b8d9b,93426,此前公开回收
目录,免征目录,mf_batch22.doc,购置税项目_目录覆盖与官方技术清单补采_20261008/inputs/购置税项目_样本重建与面板_20261008.zip,购置税项目_样本重建与面板_20261008/inputs/统一参数与资格事件入口_20261007.zip,6319ba54e481d5a5921420587c97c1d5cc177641ebc427d1fc80d1e0f2b73c9e,统一参数与资格事件入口_20261007/原件/免征目录/mf_batch22.doc,560096,eaf3fc1e64742af85b3d4bc90388d0a93154a497fd6c1fb9bf73b857672e1212,1,1,1,sha256_exact,/workspace/purchase_tax_audit/round3/archive/recovered/免征目录/mf_batch22.doc,https://www.miit.gov.cn/cms_files/filemanager/oldfile/miit/n1146295/n1652858/n1652930/n4509607/c6549215/part/6549310.doc,eaf3fc1e64742af85b3d4bc90388d0a93154a497fd6c1fb9bf73b857672e1212,560096,此前公开回收
目录,免征目录,mf_batch23.docx,购置税项目_目录覆盖与官方技术清单补采_20261008/inputs/购置税项目_样本重建与面板_20261008.zip,购置税项目_样本重建与面板_20261008/inputs/统一参数与资格事件入口_20261007.zip,6319ba54e481d5a5921420587c97c1d5cc177641ebc427d1fc80d1e0f2b73c9e,统一参数与资格事件入口_20261007/原件/免征目录/mf_batch23.docx,561999,87f838de0da3ba5887f77b2bf5c1dbf5b427e7cef896309a7084c11dd8f5efa0,1,1,1,sha256_exact,/workspace/purchase_tax_audit/round3/archive/recovered/免征目录/mf_batch23.docx,https://shanghai.chinatax.gov.cn/zcfw/zcfgk/node94/201906/P020190626428112304875.doc,87f838de0da3ba5887f77b2bf5c1dbf5b427e7cef896309a7084c11dd8f5efa0,561999,此前公开回收
目录,免征目录,mf_batch24.wps,购置税项目_目录覆盖与官方技术清单补采_20261008/inputs/购置税项目_样本重建与面板_20261008.zip,购置税项目_样本重建与面板_20261008/inputs/统一参数与资格事件入口_20261007.zip,6319ba54e481d5a5921420587c97c1d5cc177641ebc427d1fc80d1e0f2b73c9e,统一参数与资格事件入口_20261007/原件/免征目录/mf_batch24.wps,631305,07775a0cb063fe0fce5880b9378dd1eb2522b725d645cabdee314d604779939d,1,1,1,sha256_exact,/workspace/purchase_tax_audit/round3/archive/recovered/免征目录/mf_batch24.wps,https://www.miit.gov.cn/cms_files/filemanager/oldfile/miit/n1146295/n1652858/n1652930/n4509607/c6833928/part/6834571.wps,07775a0cb063fe0fce5880b9378dd1eb2522b725d645cabdee314d604779939d,631305,此前公开回收
目录,免征目录,mf_batch25.wps,购置税项目_目录覆盖与官方技术清单补采_20261008/inputs/购置税项目_样本重建与面板_20261008.zip,购置税项目_样本重建与面板_20261008/inputs/统一参数与资格事件入口_20261007.zip,6319ba54e481d5a5921420587c97c1d5cc177641ebc427d1fc80d1e0f2b73c9e,统一参数与资格事件入口_20261007/原件/免征目录/mf_batch25.wps,957440,9d2abe319463522513fe9c90f98bb8d0a825b599267d0b3cc403cec9624b3297,1,1,1,sha256_exact,/workspace/purchase_tax_audit/round3/archive/recovered/免征目录/mf_batch25.wps,https://www.miit.gov.cn/cms_files/filemanager/oldfile/miit/n1146295/n1652858/n1652930/n4509607/c6997868/part/6997889.wps,9d2abe319463522513fe9c90f98bb8d0a825b599267d0b3cc403cec9624b3297,957440,此前公开回收
目录,免征目录,mf_batch26.docx,购置税项目_目录覆盖与官方技术清单补采_20261008/inputs/购置税项目_样本重建与面板_20261008.zip,购置税项目_样本重建与面板_20261008/inputs/统一参数与资格事件入口_20261007.zip,6319ba54e481d5a5921420587c97c1d5cc177641ebc427d1fc80d1e0f2b73c9e,统一参数与资格事件入口_20261007/原件/免征目录/mf_batch26.docx,99034,de0890335ef3a4f1302a8a0735ec8b6aed52e994e2635db481820060d62248b5,1,1,1,sha256_exact,/workspace/purchase_tax_audit/round4/public_gaps/batch26_tax_catalogue.docx,https://fgk.chinatax.gov.cn/zcfgk/c100013/c5207235/5207235/files/%E5%85%8D%E5%BE%81%E8%BD%A6%E8%BE%86%E8%B4%AD%E7%BD%AE%E7%A8%8E%E7%9A%84%E6%96%B0%E8%83%BD%E6%BA%90%E6%B1%BD%E8%BD%A6%E8%BD%A6%E5%9E%8B%E7%9B%AE%E5%BD%95%EF%BC%88%E7%AC%AC%E4%BA%8C%E5%8D%81%E5%85%AD%E6%89%B9%EF%BC%89.docx,de0890335ef3a4f1302a8a0735ec8b6aed52e994e2635db481820060d62248b5,99034,此前公开回收
目录,免征目录,mf_batch27.doc,购置税项目_目录覆盖与官方技术清单补采_20261008/inputs/购置税项目_样本重建与面板_20261008.zip,购置税项目_样本重建与面板_20261008/inputs/统一参数与资格事件入口_20261007.zip,6319ba54e481d5a5921420587c97c1d5cc177641ebc427d1fc80d1e0f2b73c9e,统一参数与资格事件入口_20261007/原件/免征目录/mf_batch27.doc,855142,2bd67cf7e1efc03ae93942d0d340ffef87478709520383b6ee4d08baf843ead1,1,1,1,sha256_exact,/workspace/purchase_tax_audit/round3/archive/recovered/免征目录/mf_batch27.doc,https://shanghai.chinatax.gov.cn/tax/zcfw/zcfgk/node94/201912/P020191230484651261204.doc,2bd67cf7e1efc03ae93942d0d340ffef87478709520383b6ee4d08baf843ead1,855142,此前公开回收
目录,免征目录,mf_batch28.doc,购置税项目_目录覆盖与官方技术清单补采_20261008/inputs/购置税项目_样本重建与面板_20261008.zip,购置税项目_样本重建与面板_20261008/inputs/统一参数与资格事件入口_20261007.zip,6319ba54e481d5a5921420587c97c1d5cc177641ebc427d1fc80d1e0f2b73c9e,统一参数与资格事件入口_20261007/原件/免征目录/mf_batch28.doc,760118,dfe1b301a5e8373e94e0e4a2fccee3d258c56bb662e4928764a71274142acd72,1,1,1,sha256_exact,/workspace/purchase_tax_audit/round3/archive/recovered/免征目录/mf_batch28.doc,https://www.miit.gov.cn/cms_files/filemanager/oldfile/miit/n1146295/n1652858/n1652930/n4509607/c7564229/part/7564255.doc,dfe1b301a5e8373e94e0e4a2fccee3d258c56bb662e4928764a71274142acd72,760118,此前公开回收
目录,免征目录,mf_batch29.doc,购置税项目_目录覆盖与官方技术清单补采_20261008/inputs/购置税项目_样本重建与面板_20261008.zip,购置税项目_样本重建与面板_20261008/inputs/补充数据_免征29与车速电耗_20261007.zip,52c9c9d0a5924c029d982dc71bc9acb34c6998a23842c093807b9998137765b4,补充数据_免征29与车速电耗_20261007/原件/mf_batch29.doc,538817,8d24a01958cc6d44fa7826ecbb6a76869b9a0f2c98b97597d57af02932f2afaf,1,1,1,sha256_exact,/workspace/purchase_tax_audit/round3/archive/recovered/免征目录/mf_batch29.doc,https://www.miit.gov.cn/cms_files/filemanager/oldfile/miit/n1146295/n1652858/n1652930/n4509607/c7589631/part/7589662.doc,8d24a01958cc6d44fa7826ecbb6a76869b9a0f2c98b97597d57af02932f2afaf,538817,此前公开回收
目录,免征目录,mf_batch30.doc,购置税项目_目录覆盖与官方技术清单补采_20261008/inputs/购置税项目_样本重建与面板_20261008.zip,购置税项目_样本重建与面板_20261008/inputs/统一参数与资格事件入口_20261007.zip,6319ba54e481d5a5921420587c97c1d5cc177641ebc427d1fc80d1e0f2b73c9e,统一参数与资格事件入口_20261007/原件/免征目录/mf_batch30.doc,551424,e7fa3b47858ec2035b8055bc15be00b2b26920a5e8d3cad481058a80b92ead24,1,1,1,sha256_exact,/workspace/purchase_tax_audit/round3/archive/recovered/免征目录/mf_batch30.doc,https://www.miit.gov.cn/cms_files/filemanager/oldfile/miit/n1146285/n1146352/n3054355/n3057585/n3057590/c7818156/part/7818171.doc,e7fa3b47858ec2035b8055bc15be00b2b26920a5e8d3cad481058a80b92ead24,551424,此前公开回收
目录,免征目录,mf_batch31.doc,购置税项目_目录覆盖与官方技术清单补采_20261008/inputs/购置税项目_样本重建与面板_20261008.zip,购置税项目_样本重建与面板_20261008/inputs/统一参数与资格事件入口_20261007.zip,6319ba54e481d5a5921420587c97c1d5cc177641ebc427d1fc80d1e0f2b73c9e,统一参数与资格事件入口_20261007/原件/免征目录/mf_batch31.doc,511874,e1ccec4a87ab96ca346e5756d6b14369eb9727ec2c2cfd03c1182a592ddd3bee,1,1,1,sha256_exact,/workspace/purchase_tax_audit/round3/archive/recovered/免征目录/mf_batch31.doc,https://www.miit.gov.cn/n1146290/n1146402/c7885698/part/7885710.doc,e1ccec4a87ab96ca346e5756d6b14369eb9727ec2c2cfd03c1182a592ddd3bee,511874,此前公开回收
目录,免征目录,mf_batch32.doc,购置税项目_目录覆盖与官方技术清单补采_20261008/inputs/购置税项目_样本重建与面板_20261008.zip,购置税项目_样本重建与面板_20261008/inputs/统一参数与资格事件入口_20261007.zip,6319ba54e481d5a5921420587c97c1d5cc177641ebc427d1fc80d1e0f2b73c9e,统一参数与资格事件入口_20261007/原件/免征目录/mf_batch32.doc,712033,ad7c65b4831a05b7c70e1e73fe834aa9beed883c66f898e799fcbbeb43cc3d75,1,1,1,sha256_exact,/workspace/purchase_tax_audit/round3/archive/recovered/免征目录/mf_batch32.doc,https://www.miit.gov.cn/cms_files/filemanager/oldfile/miit/n1146295/n1652858/n1652930/n4509607/c7942604/part/7942631.doc,ad7c65b4831a05b7c70e1e73fe834aa9beed883c66f898e799fcbbeb43cc3d75,712033,此前公开回收
目录,免征目录,mf_batch33.doc,购置税项目_目录覆盖与官方技术清单补采_20261008/inputs/购置税项目_样本重建与面板_20261008.zip,购置税项目_样本重建与面板_20261008/inputs/统一参数与资格事件入口_20261007.zip,6319ba54e481d5a5921420587c97c1d5cc177641ebc427d1fc80d1e0f2b73c9e,统一参数与资格事件入口_20261007/原件/免征目录/mf_batch33.doc,1234977,ff98fbb1708c47cdcfc1e79e7a1647e72a7ae6d4255dce3b250d661001340c09,1,1,1,sha256_exact,/workspace/purchase_tax_audit/round3/archive/recovered/免征目录/mf_batch33.doc,https://www.miit.gov.cn/cms_files/filemanager/oldfile/miit/n1146285/n1146352/n3054355/n3057585/n3057592/c8019528/part/8019537.doc,ff98fbb1708c47cdcfc1e79e7a1647e72a7ae6d4255dce3b250d661001340c09,1234977,此前公开回收
目录,免征目录,mf_batch34.doc,购置税项目_目录覆盖与官方技术清单补采_20261008/inputs/购置税项目_样本重建与面板_20261008.zip,购置税项目_样本重建与面板_20261008/inputs/统一参数与资格事件入口_20261007.zip,6319ba54e481d5a5921420587c97c1d5cc177641ebc427d1fc80d1e0f2b73c9e,统一参数与资格事件入口_20261007/原件/免征目录/mf_batch34.doc,825297,d5c5bb03cc5fe0f16b284048e265ad35d62c12c0416f14aef0ce026a229aa831,1,1,1,sha256_exact,/workspace/purchase_tax_audit/round3/archive/recovered/免征目录/mf_batch34.doc,https://www.miit.gov.cn/cms_files/filemanager/oldfile/miit/n1146285/n1146352/n3054355/n3057585/n3057590/c8060383/part/8060598.doc,d5c5bb03cc5fe0f16b284048e265ad35d62c12c0416f14aef0ce026a229aa831,825297,此前公开回收
目录,免征目录,mf_batch35.wps,购置税项目_目录覆盖与官方技术清单补采_20261008/inputs/购置税项目_样本重建与面板_20261008.zip,购置税项目_样本重建与面板_20261008/inputs/统一参数与资格事件入口_20261007.zip,6319ba54e481d5a5921420587c97c1d5cc177641ebc427d1fc80d1e0f2b73c9e,统一参数与资格事件入口_20261007/原件/免征目录/mf_batch35.wps,756040,e4a6abd0e50daa81d029f8b37584511354700e855dc89de210fcba782b0643f0,1,1,1,sha256_exact,/workspace/purchase_tax_audit/round3/archive/recovered/免征目录/mf_batch35.wps,https://www.miit.gov.cn/cms_files/filemanager/oldfile/miit/n1146285/n1146352/n3054355/n3057585/n3057590/c8091385/part/8093780.wps,e4a6abd0e50daa81d029f8b37584511354700e855dc89de210fcba782b0643f0,756040,此前公开回收
目录,免征目录,mf_batch36.doc,购置税项目_目录覆盖与官方技术清单补采_20261008/inputs/购置税项目_样本重建与面板_20261008.zip,购置税项目_样本重建与面板_20261008/inputs/统一参数与资格事件入口_20261007.zip,6319ba54e481d5a5921420587c97c1d5cc177641ebc427d1fc80d1e0f2b73c9e,统一参数与资格事件入口_20261007/原件/免征目录/mf_batch36.doc,607744,05cfcfd9136685ad6d6e13b8228cd123cca109c26f43a4c71472016b5a610a9f,1,1,1,sha256_exact,/workspace/purchase_tax_audit/round3/archive/recovered/免征目录/mf_batch36.doc,https://www.miit.gov.cn/cms_files/filemanager/1226211233/attach/202010/3297a66e4fca43c7bb5a9ddb2a9dcefc.doc,05cfcfd9136685ad6d6e13b8228cd123cca109c26f43a4c71472016b5a610a9f,607744,此前公开回收
目录,免征目录,mf_batch37.doc,购置税项目_目录覆盖与官方技术清单补采_20261008/inputs/购置税项目_样本重建与面板_20261008.zip,购置税项目_样本重建与面板_20261008/inputs/统一参数与资格事件入口_20261007.zip,6319ba54e481d5a5921420587c97c1d5cc177641ebc427d1fc80d1e0f2b73c9e,统一参数与资格事件入口_20261007/原件/免征目录/mf_batch37.doc,669184,136057faede292d8070763e326c8dbdcddf3790653cc6879a13758f91556881f,1,1,1,sha256_exact,/workspace/purchase_tax_audit/round3/archive/recovered/免征目录/mf_batch37.doc,https://www.miit.gov.cn/cms_files/filemanager/1226211233/attach/202011/1f9b0f758a404561b25564635ebd9452.doc,136057faede292d8070763e326c8dbdcddf3790653cc6879a13758f91556881f,669184,此前公开回收
目录,免征目录,mf_batch38.doc,购置税项目_目录覆盖与官方技术清单补采_20261008/inputs/购置税项目_样本重建与面板_20261008.zip,购置税项目_样本重建与面板_20261008/inputs/统一参数与资格事件入口_20261007.zip,6319ba54e481d5a5921420587c97c1d5cc177641ebc427d1fc80d1e0f2b73c9e,统一参数与资格事件入口_20261007/原件/免征目录/mf_batch38.doc,502784,7c9def45fe5c40e4c5ffb483a1d1efd383c12cb16a5c4ba021d4ce28384776de,1,1,1,sha256_exact,/workspace/purchase_tax_audit/round3/archive/recovered/免征目录/mf_batch38.doc,https://www.miit.gov.cn/cms_files/filemanager/1226211233/attach/202012/01f55cbfc6194130a080d8d6caba724f.doc,7c9def45fe5c40e4c5ffb483a1d1efd383c12cb16a5c4ba021d4ce28384776de,502784,此前公开回收
目录,免征目录,mf_batch39.doc,购置税项目_目录覆盖与官方技术清单补采_20261008/inputs/购置税项目_样本重建与面板_20261008.zip,购置税项目_样本重建与面板_20261008/inputs/统一参数与资格事件入口_20261007.zip,6319ba54e481d5a5921420587c97c1d5cc177641ebc427d1fc80d1e0f2b73c9e,统一参数与资格事件入口_20261007/原件/免征目录/mf_batch39.doc,333824,48158862f567d71b07ac0a7a60c2c3bc6d2bb44dd5a86290b0b809d757a9eb07,1,1,1,sha256_exact,/workspace/purchase_tax_audit/round3/archive/recovered/免征目录/mf_batch39.doc,https://www.miit.gov.cn/api-gateway/jpaas-web-server/front/document/file-download?fileUrl=/cms_files/filemanager/1226211233/attach/20211/47acb088ff2047c28936fec721eced7b.doc&fileName=4.%E5%85%8D%E5%BE%81%E8%BD%A6%E8%BE%86%E8%B4%AD%E7%BD%AE%E7%A8%8E%E7%9A%84%E6%96%B0%E8%83%BD%E6%BA%90%E6%B1%BD%E8%BD%A6%E8%BD%A6%E5%9E%8B%E7%9B%AE%E5%BD%95%EF%BC%88%E7%AC%AC%E4%B8%89%E5%8D%81%E4%B9%9D%E6%89%B9%EF%BC%89.doc,48158862f567d71b07ac0a7a60c2c3bc6d2bb44dd5a86290b0b809d757a9eb07,333824,此前公开回收
目录,免征目录,mf_batch40.doc,购置税项目_目录覆盖与官方技术清单补采_20261008/inputs/购置税项目_样本重建与面板_20261008.zip,购置税项目_样本重建与面板_20261008/inputs/统一参数与资格事件入口_20261007.zip,6319ba54e481d5a5921420587c97c1d5cc177641ebc427d1fc80d1e0f2b73c9e,统一参数与资格事件入口_20261007/原件/免征目录/mf_batch40.doc,312320,93047c8e87a1f45948933ee36d00160788032370ecf11b551624e0ca45ecc1d1,1,1,1,sha256_exact,/workspace/purchase_tax_audit/round3/archive/recovered/免征目录/mf_batch40.doc,https://www.miit.gov.cn/cms_files/filemanager/431831678/attach/20214/b5aa4458d95544f0b7510c6b34f507c3.doc,93047c8e87a1f45948933ee36d00160788032370ecf11b551624e0ca45ecc1d1,312320,此前公开回收
目录,免征目录,mf_batch41.doc,购置税项目_目录覆盖与官方技术清单补采_20261008/inputs/购置税项目_样本重建与面板_20261008.zip,购置税项目_样本重建与面板_20261008/inputs/统一参数与资格事件入口_20261007.zip,6319ba54e481d5a5921420587c97c1d5cc177641ebc427d1fc80d1e0f2b73c9e,统一参数与资格事件入口_20261007/原件/免征目录/mf_batch41.doc,373248,ba4634c0877ebf99f8e462013e4a07e40f57478a4aaf921801a6c85a49c42b7f,1,1,1,sha256_exact,/workspace/purchase_tax_audit/round3/archive/recovered/免征目录/mf_batch41.doc,https://www.miit.gov.cn/api-gateway/jpaas-web-server/front/document/file-download?fileUrl=/cms_files/filemanager/1226211233/attach/20213/21b3c08d32124addbd06f3668e5905bd.doc&fileName=4.%E5%85%8D%E5%BE%81%E8%BD%A6%E8%BE%86%E8%B4%AD%E7%BD%AE%E7%A8%8E%E7%9A%84%E6%96%B0%E8%83%BD%E6%BA%90%E6%B1%BD%E8%BD%A6%E8%BD%A6%E5%9E%8B%E7%9B%AE%E5%BD%95%EF%BC%88%E7%AC%AC%E5%9B%9B%E5%8D%81%E4%B8%80%E6%89%B9%EF%BC%89.doc,ba4634c0877ebf99f8e462013e4a07e40f57478a4aaf921801a6c85a49c42b7f,373248,此前公开回收
目录,免征目录,mf_batch42.doc,购置税项目_目录覆盖与官方技术清单补采_20261008/inputs/购置税项目_样本重建与面板_20261008.zip,购置税项目_样本重建与面板_20261008/inputs/统一参数与资格事件入口_20261007.zip,6319ba54e481d5a5921420587c97c1d5cc177641ebc427d1fc80d1e0f2b73c9e,统一参数与资格事件入口_20261007/原件/免征目录/mf_batch42.doc,486912,fef4fd8ea19d773d368642e51a4bdb24c148530251a2240be4ff1358d5d41fab,1,1,1,sha256_exact,/workspace/purchase_tax_audit/round3/archive/recovered/免征目录/mf_batch42.doc,https://www.miit.gov.cn/cms_files/filemanager/1226211233/attach/20214/fa594ed2f6b6496b87f96eb7631492d8.doc,fef4fd8ea19d773d368642e51a4bdb24c148530251a2240be4ff1358d5d41fab,486912,此前公开回收
目录,免征目录,mf_batch43.doc,购置税项目_目录覆盖与官方技术清单补采_20261008/inputs/购置税项目_样本重建与面板_20261008.zip,购置税项目_样本重建与面板_20261008/inputs/统一参数与资格事件入口_20261007.zip,6319ba54e481d5a5921420587c97c1d5cc177641ebc427d1fc80d1e0f2b73c9e,统一参数与资格事件入口_20261007/原件/免征目录/mf_batch43.doc,321024,5d5202dfe31364ec0884640d8bba22b0f640154d0bcc6154272890e604cfc01c,1,1,1,sha256_exact,/workspace/purchase_tax_audit/round3/archive/recovered/免征目录/mf_batch43.doc,https://www.miit.gov.cn/cms_files/filemanager/1226211233/attach/20216/45f75291f8ab4630b6da23ea6e1bf524.doc,5d5202dfe31364ec0884640d8bba22b0f640154d0bcc6154272890e604cfc01c,321024,此前公开回收
目录,免征目录,mf_batch44.doc,购置税项目_目录覆盖与官方技术清单补采_20261008/inputs/购置税项目_样本重建与面板_20261008.zip,购置税项目_样本重建与面板_20261008/inputs/统一参数与资格事件入口_20261007.zip,6319ba54e481d5a5921420587c97c1d5cc177641ebc427d1fc80d1e0f2b73c9e,统一参数与资格事件入口_20261007/原件/免征目录/mf_batch44.doc,453632,aea30846204f4e55c0d969450f1619e1649eb27f471d5b0a2636d0da77eb0611,1,1,1,sha256_exact,/workspace/purchase_tax_audit/round3/archive/recovered/免征目录/mf_batch44.doc,https://www.miit.gov.cn/cms_files/filemanager/1226211233/attach/20217/22a0191fa87d47a4a733f4b36f466bb6.doc,aea30846204f4e55c0d969450f1619e1649eb27f471d5b0a2636d0da77eb0611,453632,此前公开回收
目录,免征目录,mf_batch45.doc,购置税项目_目录覆盖与官方技术清单补采_20261008/inputs/购置税项目_样本重建与面板_20261008.zip,购置税项目_样本重建与面板_20261008/inputs/统一参数与资格事件入口_20261007.zip,6319ba54e481d5a5921420587c97c1d5cc177641ebc427d1fc80d1e0f2b73c9e,统一参数与资格事件入口_20261007/原件/免征目录/mf_batch45.doc,556032,56f5e7c5fd36e990024f8121006a76da260361f4e4660846e78255d007126f7a,1,1,1,sha256_exact,/workspace/purchase_tax_audit/round3/archive/recovered/免征目录/mf_batch45.doc,https://www.miit.gov.cn/cms_files/filemanager/1226211233/attach/20217/2635c2aa916d48ff8d49e6d63c920264.doc,56f5e7c5fd36e990024f8121006a76da260361f4e4660846e78255d007126f7a,556032,此前公开回收
目录,免征目录,mf_batch46.doc,购置税项目_目录覆盖与官方技术清单补采_20261008/inputs/购置税项目_样本重建与面板_20261008.zip,购置税项目_样本重建与面板_20261008/inputs/统一参数与资格事件入口_20261007.zip,6319ba54e481d5a5921420587c97c1d5cc177641ebc427d1fc80d1e0f2b73c9e,统一参数与资格事件入口_20261007/原件/免征目录/mf_batch46.doc,596480,a4b2048b3d5c29a8969f0348e9fd19a3293f0c23e6f37a48bf42a2ed70c7d37d,1,1,1,sha256_exact,/workspace/purchase_tax_audit/round3/archive/recovered/免征目录/mf_batch46.doc,https://www.miit.gov.cn/cms_files/filemanager/1226211233/attach/20219/f9b00322d818415ab55dc98354f9dba2.doc,a4b2048b3d5c29a8969f0348e9fd19a3293f0c23e6f37a48bf42a2ed70c7d37d,596480,此前公开回收
目录,免征目录,mf_batch47.doc,购置税项目_目录覆盖与官方技术清单补采_20261008/inputs/购置税项目_样本重建与面板_20261008.zip,购置税项目_样本重建与面板_20261008/inputs/统一参数与资格事件入口_20261007.zip,6319ba54e481d5a5921420587c97c1d5cc177641ebc427d1fc80d1e0f2b73c9e,统一参数与资格事件入口_20261007/原件/免征目录/mf_batch47.doc,552448,fb4517fe8220b10bc435a77a5328df13c732c70b335942dfad0ae9394affe9b4,1,1,1,sha256_exact,/workspace/purchase_tax_audit/round3/archive/recovered/免征目录/mf_batch47.doc,https://www.miit.gov.cn/cms_files/filemanager/1226211233/attach/20219/6d445196a06b4a0dab2123b594963595.doc,fb4517fe8220b10bc435a77a5328df13c732c70b335942dfad0ae9394affe9b4,552448,此前公开回收
目录,免征目录,mf_batch48.doc,购置税项目_目录覆盖与官方技术清单补采_20261008/inputs/购置税项目_样本重建与面板_20261008.zip,购置税项目_样本重建与面板_20261008/inputs/统一参数与资格事件入口_20261007.zip,6319ba54e481d5a5921420587c97c1d5cc177641ebc427d1fc80d1e0f2b73c9e,统一参数与资格事件入口_20261007/原件/免征目录/mf_batch48.doc,546816,ee5aa19736215cfcb3b76ffff90bcd0d9108c61758ccb756f7d4ad17e75a835c,1,1,1,sha256_exact,/workspace/purchase_tax_audit/round3/archive/recovered/免征目录/mf_batch48.doc,https://www.miit.gov.cn/cms_files/filemanager/1226211233/attach/202110/84ef98f41b724f34a0791002be11e3b5.doc,ee5aa19736215cfcb3b76ffff90bcd0d9108c61758ccb756f7d4ad17e75a835c,546816,此前公开回收
目录,免征目录,mf_batch49.doc,购置税项目_目录覆盖与官方技术清单补采_20261008/inputs/购置税项目_样本重建与面板_20261008.zip,购置税项目_样本重建与面板_20261008/inputs/统一参数与资格事件入口_20261007.zip,6319ba54e481d5a5921420587c97c1d5cc177641ebc427d1fc80d1e0f2b73c9e,统一参数与资格事件入口_20261007/原件/免征目录/mf_batch49.doc,501248,c7a56509a4d9272982da0abc9d1ea213ee1fbea3d0f1edad124630c9b5e3474e,1,1,1,sha256_exact,/workspace/purchase_tax_audit/round3/archive/recovered/免征目录/mf_batch49.doc,https://www.miit.gov.cn/cms_files/filemanager/1226211233/attach/202111/de6339a2a57d469a8ca2668069cb6811.doc,c7a56509a4d9272982da0abc9d1ea213ee1fbea3d0f1edad124630c9b5e3474e,501248,此前公开回收
目录,免征目录,mf_batch50.doc,购置税项目_目录覆盖与官方技术清单补采_20261008/inputs/购置税项目_样本重建与面板_20261008.zip,购置税项目_样本重建与面板_20261008/inputs/统一参数与资格事件入口_20261007.zip,6319ba54e481d5a5921420587c97c1d5cc177641ebc427d1fc80d1e0f2b73c9e,统一参数与资格事件入口_20261007/原件/免征目录/mf_batch50.doc,458752,3810672d92621612507384960254de602e629e75a308df22ee2291519445095e,1,1,1,sha256_exact,/workspace/purchase_tax_audit/round3/archive/recovered/免征目录/mf_batch50.doc,https://www.miit.gov.cn/cms_files/filemanager/1226211233/attach/202112/d599870edf694e079f9913e6cc909db3.doc,3810672d92621612507384960254de602e629e75a308df22ee2291519445095e,458752,此前公开回收
目录,免征目录,mf_batch51.doc,购置税项目_目录覆盖与官方技术清单补采_20261008/inputs/购置税项目_样本重建与面板_20261008.zip,购置税项目_样本重建与面板_20261008/inputs/统一参数与资格事件入口_20261007.zip,6319ba54e481d5a5921420587c97c1d5cc177641ebc427d1fc80d1e0f2b73c9e,统一参数与资格事件入口_20261007/原件/免征目录/mf_batch51.doc,365568,35411ca0ab3ef42915600b148fca6fe76bcb86f5dc3812f71d74f3ebda125ce6,1,1,1,sha256_exact,/workspace/purchase_tax_audit/round3/archive/recovered/免征目录/mf_batch51.doc,https://www.miit.gov.cn/cms_files/filemanager/1226211233/attach/202112/3b76ac3b78ba4121aeecd63b8d99eec9.doc,35411ca0ab3ef42915600b148fca6fe76bcb86f5dc3812f71d74f3ebda125ce6,365568,此前公开回收
目录,免征目录,mf_batch52.doc,购置税项目_目录覆盖与官方技术清单补采_20261008/inputs/购置税项目_样本重建与面板_20261008.zip,购置税项目_样本重建与面板_20261008/inputs/统一参数与资格事件入口_20261007.zip,6319ba54e481d5a5921420587c97c1d5cc177641ebc427d1fc80d1e0f2b73c9e,统一参数与资格事件入口_20261007/原件/免征目录/mf_batch52.doc,475136,650a1430fd7c9a9139970f857a0382498bfd368fe64a95f24c17ca3f49dfa3cc,1,1,1,sha256_exact,/workspace/purchase_tax_audit/round3/archive/recovered/免征目录/mf_batch52.doc,https://www.miit.gov.cn/cms_files/filemanager/1226211233/attach/202112/69a9335783d143dd8d388ffa21d1ff6e.doc,650a1430fd7c9a9139970f857a0382498bfd368fe64a95f24c17ca3f49dfa3cc,475136,此前公开回收
目录,免征目录,mf_batch53.doc,购置税项目_目录覆盖与官方技术清单补采_20261008/inputs/购置税项目_样本重建与面板_20261008.zip,购置税项目_样本重建与面板_20261008/inputs/统一参数与资格事件入口_20261007.zip,6319ba54e481d5a5921420587c97c1d5cc177641ebc427d1fc80d1e0f2b73c9e,统一参数与资格事件入口_20261007/原件/免征目录/mf_batch53.doc,521216,a1f426ff77c80bce4d153fbfb6d01a7b6c6c87539f52ac4643edb7b060e21d2a,1,1,1,sha256_exact,/workspace/purchase_tax_audit/round3/archive/recovered/免征目录/mf_batch53.doc,https://www.miit.gov.cn/cms_files/filemanager/1226211233/attach/202112/9cf314e9fa5843328e02298e65bbaa91.doc,a1f426ff77c80bce4d153fbfb6d01a7b6c6c87539f52ac4643edb7b060e21d2a,521216,此前公开回收
目录,免征目录,mf_batch54.doc,购置税项目_目录覆盖与官方技术清单补采_20261008/inputs/购置税项目_样本重建与面板_20261008.zip,购置税项目_样本重建与面板_20261008/inputs/统一参数与资格事件入口_20261007.zip,6319ba54e481d5a5921420587c97c1d5cc177641ebc427d1fc80d1e0f2b73c9e,统一参数与资格事件入口_20261007/原件/免征目录/mf_batch54.doc,680448,e4ce106fc0fb21bc61cac40ff0de97e60dff2d18b5b7d24c494bb74873312fd7,1,1,1,sha256_exact,/workspace/purchase_tax_audit/round3/archive/recovered/免征目录/mf_batch54.doc,https://www.miit.gov.cn/cms_files/filemanager/1226211233/attach/20224/085dc3c4d4d84057b585712b04ac71d0.doc,e4ce106fc0fb21bc61cac40ff0de97e60dff2d18b5b7d24c494bb74873312fd7,680448,此前公开回收
目录,免征目录,mf_batch55.doc,购置税项目_目录覆盖与官方技术清单补采_20261008/inputs/购置税项目_样本重建与面板_20261008.zip,购置税项目_样本重建与面板_20261008/inputs/统一参数与资格事件入口_20261007.zip,6319ba54e481d5a5921420587c97c1d5cc177641ebc427d1fc80d1e0f2b73c9e,统一参数与资格事件入口_20261007/原件/免征目录/mf_batch55.doc,513473,0457d0430e9e7f114c91341a715405c3933dd4783762cd74b9871e4918ba887f,1,1,1,sha256_exact,/workspace/purchase_tax_audit/round3/archive/recovered/免征目录/mf_batch55.doc,https://www.miit.gov.cn/cms_files/filemanager/1226211233/attach/20224/50056da511c64042af846f636f668c49.doc,0457d0430e9e7f114c91341a715405c3933dd4783762cd74b9871e4918ba887f,513473,此前公开回收
目录,免征目录,mf_batch56.doc,购置税项目_目录覆盖与官方技术清单补采_20261008/inputs/购置税项目_样本重建与面板_20261008.zip,购置税项目_样本重建与面板_20261008/inputs/统一参数与资格事件入口_20261007.zip,6319ba54e481d5a5921420587c97c1d5cc177641ebc427d1fc80d1e0f2b73c9e,统一参数与资格事件入口_20261007/原件/免征目录/mf_batch56.doc,704512,cbffdc0819640e8f18c11a2a277b26b2e043c81406533457ff225f4df1c6c068,1,1,1,sha256_exact,/workspace/purchase_tax_audit/round3/archive/recovered/免征目录/mf_batch56.doc,https://www.miit.gov.cn/cms_files/filemanager/1226211233/attach/20226/4d66a215747e4c0a9bf9b36ed07e3f39.doc,cbffdc0819640e8f18c11a2a277b26b2e043c81406533457ff225f4df1c6c068,704512,此前公开回收
目录,免征目录,mf_batch57.doc,购置税项目_目录覆盖与官方技术清单补采_20261008/inputs/购置税项目_样本重建与面板_20261008.zip,购置税项目_样本重建与面板_20261008/inputs/统一参数与资格事件入口_20261007.zip,6319ba54e481d5a5921420587c97c1d5cc177641ebc427d1fc80d1e0f2b73c9e,统一参数与资格事件入口_20261007/原件/免征目录/mf_batch57.doc,754176,96d9708a19952b23d71fc40e9976a33ae30ca118226a032954a93ab36f355f21,1,1,1,sha256_exact,/workspace/purchase_tax_audit/round3/archive/recovered/免征目录/mf_batch57.doc,https://www.miit.gov.cn/cms_files/filemanager/1226211233/attach/20227/9a6e3b551b3946fca1a8d864346e0b44.doc,96d9708a19952b23d71fc40e9976a33ae30ca118226a032954a93ab36f355f21,754176,此前公开回收
目录,免征目录,mf_batch58.doc,购置税项目_目录覆盖与官方技术清单补采_20261008/inputs/购置税项目_样本重建与面板_20261008.zip,购置税项目_样本重建与面板_20261008/inputs/统一参数与资格事件入口_20261007.zip,6319ba54e481d5a5921420587c97c1d5cc177641ebc427d1fc80d1e0f2b73c9e,统一参数与资格事件入口_20261007/原件/免征目录/mf_batch58.doc,566784,b642358bb3078d2dde909a798935c0c1fc75d90f22b33f7c48aa87209acc100d,1,1,1,sha256_exact,/workspace/purchase_tax_audit/round3/archive/recovered/免征目录/mf_batch58.doc,https://www.miit.gov.cn/cms_files/filemanager/1226211233/attach/20229/cff86de9e22c4f47ac2c876aebf51990.doc,b642358bb3078d2dde909a798935c0c1fc75d90f22b33f7c48aa87209acc100d,566784,此前公开回收
目录,免征目录,mf_batch59.doc,购置税项目_目录覆盖与官方技术清单补采_20261008/inputs/购置税项目_样本重建与面板_20261008.zip,购置税项目_样本重建与面板_20261008/inputs/统一参数与资格事件入口_20261007.zip,6319ba54e481d5a5921420587c97c1d5cc177641ebc427d1fc80d1e0f2b73c9e,统一参数与资格事件入口_20261007/原件/免征目录/mf_batch59.doc,766976,32738e2df847e0c74ff96d48b8a13e1dd9c31aee84b7c0a633e2d9c8a3e01f86,1,1,1,sha256_exact,/workspace/purchase_tax_audit/round3/archive/recovered/免征目录/mf_batch59.doc,https://www.miit.gov.cn/cms_files/filemanager/1226211233/attach/202210/28746209967d4ebdb5e7a0a280cd8a59.doc,32738e2df847e0c74ff96d48b8a13e1dd9c31aee84b7c0a633e2d9c8a3e01f86,766976,此前公开回收
目录,免征目录,mf_batch60.doc,购置税项目_目录覆盖与官方技术清单补采_20261008/inputs/购置税项目_样本重建与面板_20261008.zip,购置税项目_样本重建与面板_20261008/inputs/统一参数与资格事件入口_20261007.zip,6319ba54e481d5a5921420587c97c1d5cc177641ebc427d1fc80d1e0f2b73c9e,统一参数与资格事件入口_20261007/原件/免征目录/mf_batch60.doc,743424,aabd19e9a0955380873798454b18b3bb15c87937dffcbb0ccfab2eae3bf3551b,1,1,1,sha256_exact,/workspace/purchase_tax_audit/round3/archive/recovered/免征目录/mf_batch60.doc,https://www.miit.gov.cn/cms_files/filemanager/1226211233/attach/202210/d4eb531a65b14e3cb1fd1ce2ad180f7b.doc,aabd19e9a0955380873798454b18b3bb15c87937dffcbb0ccfab2eae3bf3551b,743424,此前公开回收
目录,免征目录,mf_batch61.doc,购置税项目_目录覆盖与官方技术清单补采_20261008/inputs/购置税项目_样本重建与面板_20261008.zip,购置税项目_样本重建与面板_20261008/inputs/统一参数与资格事件入口_20261007.zip,6319ba54e481d5a5921420587c97c1d5cc177641ebc427d1fc80d1e0f2b73c9e,统一参数与资格事件入口_20261007/原件/免征目录/mf_batch61.doc,882046,d360a77695ccf20f3c17a354a1dd02fc846a7ae8bd18b41492515881a7240b72,1,1,1,sha256_exact,/workspace/purchase_tax_audit/round3/archive/recovered/免征目录/mf_batch61.doc,https://www.miit.gov.cn/cms_files/filemanager/1226211233/attach/202212/7e0d5a0167cf496c93ba9eac851d8fef.doc,d360a77695ccf20f3c17a354a1dd02fc846a7ae8bd18b41492515881a7240b72,882046,此前公开回收
目录,免征目录,mf_batch62.doc,购置税项目_目录覆盖与官方技术清单补采_20261008/inputs/购置税项目_样本重建与面板_20261008.zip,购置税项目_样本重建与面板_20261008/inputs/统一参数与资格事件入口_20261007.zip,6319ba54e481d5a5921420587c97c1d5cc177641ebc427d1fc80d1e0f2b73c9e,统一参数与资格事件入口_20261007/原件/免征目录/mf_batch62.doc,1243136,7694ac7207998b6af7c895cdd2c1d752421df436d4b28f83195261dd47f6509c,1,1,1,sha256_exact,/workspace/purchase_tax_audit/round3/archive/recovered/免征目录/mf_batch62.doc,https://www.miit.gov.cn/cms_files/filemanager/1226211233/attach/20231/c6495c1ea7aa43679d25e5651b883c3c.doc,7694ac7207998b6af7c895cdd2c1d752421df436d4b28f83195261dd47f6509c,1243136,此前公开回收
目录,免征目录,mf_batch63.doc,购置税项目_目录覆盖与官方技术清单补采_20261008/inputs/购置税项目_样本重建与面板_20261008.zip,购置税项目_样本重建与面板_20261008/inputs/统一参数与资格事件入口_20261007.zip,6319ba54e481d5a5921420587c97c1d5cc177641ebc427d1fc80d1e0f2b73c9e,统一参数与资格事件入口_20261007/原件/免征目录/mf_batch63.doc,591360,1d0f4bf9c7c1f67712e9efa3a5e3222c30d4e438653b9335aaff9714e65f8c05,1,1,1,sha256_exact,/workspace/purchase_tax_audit/round3/archive/recovered/免征目录/mf_batch63.doc,https://www.miit.gov.cn/cms_files/filemanager/1226211233/attach/20233/c8cb272662094b3baa0c924e7fae0e68.doc,1d0f4bf9c7c1f67712e9efa3a5e3222c30d4e438653b9335aaff9714e65f8c05,591360,此前公开回收
目录,免征目录,mf_batch64.doc,购置税项目_目录覆盖与官方技术清单补采_20261008/inputs/购置税项目_样本重建与面板_20261008.zip,购置税项目_样本重建与面板_20261008/inputs/统一参数与资格事件入口_20261007.zip,6319ba54e481d5a5921420587c97c1d5cc177641ebc427d1fc80d1e0f2b73c9e,统一参数与资格事件入口_20261007/原件/免征目录/mf_batch64.doc,597504,c4e238989e7e40ec2c3a6a899ead170b4a745bc72546ba6fd4a5731d8890c6cb,1,1,1,sha256_exact,/workspace/purchase_tax_audit/round5/originals/mf_batch64.doc,,c4e238989e7e40ec2c3a6a899ead170b4a745bc72546ba6fd4a5731d8890c6cb,597504,用户本轮提供历史原件
目录,免征目录,mf_batch65.doc,购置税项目_目录覆盖与官方技术清单补采_20261008/inputs/购置税项目_样本重建与面板_20261008.zip,购置税项目_样本重建与面板_20261008/inputs/统一参数与资格事件入口_20261007.zip,6319ba54e481d5a5921420587c97c1d5cc177641ebc427d1fc80d1e0f2b73c9e,统一参数与资格事件入口_20261007/原件/免征目录/mf_batch65.doc,608256,06a6a578a9a60516a845bc92deac49954438a789e9e4a7cf3cd140f256d9b13d,1,1,1,sha256_exact,/workspace/purchase_tax_audit/round3/archive/recovered/免征目录/mf_batch65.doc,https://www.miit.gov.cn/cms_files/filemanager/1226211233/attach/20233/9690d55f242d491d98c7bed3465e948c.doc,06a6a578a9a60516a845bc92deac49954438a789e9e4a7cf3cd140f256d9b13d,608256,此前公开回收
目录,免征目录,mf_batch66.doc,购置税项目_目录覆盖与官方技术清单补采_20261008/inputs/购置税项目_样本重建与面板_20261008.zip,购置税项目_样本重建与面板_20261008/inputs/统一参数与资格事件入口_20261007.zip,6319ba54e481d5a5921420587c97c1d5cc177641ebc427d1fc80d1e0f2b73c9e,统一参数与资格事件入口_20261007/原件/免征目录/mf_batch66.doc,634368,05a5fce42de1c5412803fe6a7bb46d04c4d61cb71dc5d88a9b59a3e884350544,1,1,1,sha256_exact,/workspace/purchase_tax_audit/round3/archive/recovered/免征目录/mf_batch66.doc,https://www.miit.gov.cn/cms_files/filemanager/1226211233/attach/20235/2bbdeccfb7fe4573b236a27dcaa2284e.doc,05a5fce42de1c5412803fe6a7bb46d04c4d61cb71dc5d88a9b59a3e884350544,634368,此前公开回收
目录,免征目录,mf_batch67.doc,购置税项目_目录覆盖与官方技术清单补采_20261008/inputs/购置税项目_样本重建与面板_20261008.zip,购置税项目_样本重建与面板_20261008/inputs/统一参数与资格事件入口_20261007.zip,6319ba54e481d5a5921420587c97c1d5cc177641ebc427d1fc80d1e0f2b73c9e,统一参数与资格事件入口_20261007/原件/免征目录/mf_batch67.doc,716800,963a02fcc1f361414f4f003c6d63e00b178d0b962134ed2206c38978f3118101,1,1,1,sha256_exact,/workspace/purchase_tax_audit/round3/archive/recovered/免征目录/mf_batch67.doc,https://www.miit.gov.cn/cms_files/filemanager/1226211233/attach/20236/dda4cab9489e4383b0b98841b13bbf9d.doc,963a02fcc1f361414f4f003c6d63e00b178d0b962134ed2206c38978f3118101,716800,此前公开回收
目录,免征目录,mf_batch68.doc,购置税项目_目录覆盖与官方技术清单补采_20261008/inputs/购置税项目_样本重建与面板_20261008.zip,购置税项目_样本重建与面板_20261008/inputs/统一参数与资格事件入口_20261007.zip,6319ba54e481d5a5921420587c97c1d5cc177641ebc427d1fc80d1e0f2b73c9e,统一参数与资格事件入口_20261007/原件/免征目录/mf_batch68.doc,518656,58113d08377020d08de0aeb0e08ff63c4a4411dbe35ad69cfdd6f82fdf0fcc77,1,1,1,sha256_exact,/workspace/purchase_tax_audit/round3/archive/recovered/免征目录/mf_batch68.doc,https://www.miit.gov.cn/cms_files/filemanager/1226211233/attach/20238/7e184f798bec44b7a2276d496381f29f.doc,58113d08377020d08de0aeb0e08ff63c4a4411dbe35ad69cfdd6f82fdf0fcc77,518656,此前公开回收
目录,免征目录,mf_batch69.doc,购置税项目_目录覆盖与官方技术清单补采_20261008/inputs/购置税项目_样本重建与面板_20261008.zip,购置税项目_样本重建与面板_20261008/inputs/统一参数与资格事件入口_20261007.zip,6319ba54e481d5a5921420587c97c1d5cc177641ebc427d1fc80d1e0f2b73c9e,统一参数与资格事件入口_20261007/原件/免征目录/mf_batch69.doc,759808,357d61a16c94488c9fdd761f393edb7029b05394ab06117abaebcba1a1e45546,1,1,1,sha256_exact,/workspace/purchase_tax_audit/round3/archive/recovered/免征目录/mf_batch69.doc,https://www.miit.gov.cn/cms_files/filemanager/1226211233/attach/20238/97f9f386eabc4ef9a9cb7a93bbd8fc47.doc,357d61a16c94488c9fdd761f393edb7029b05394ab06117abaebcba1a1e45546,759808,此前公开回收
目录,免征目录,mf_batch70.doc,购置税项目_目录覆盖与官方技术清单补采_20261008/inputs/购置税项目_样本重建与面板_20261008.zip,购置税项目_样本重建与面板_20261008/inputs/统一参数与资格事件入口_20261007.zip,6319ba54e481d5a5921420587c97c1d5cc177641ebc427d1fc80d1e0f2b73c9e,统一参数与资格事件入口_20261007/原件/免征目录/mf_batch70.doc,644608,29b9f5df62602e114f0ed01426c185fdb15a654022cdf16d4df624bb736ed813,1,1,1,sha256_exact,/workspace/purchase_tax_audit/round3/archive/recovered/免征目录/mf_batch70.doc,https://www.miit.gov.cn/cms_files/filemanager/1226211233/attach/20238/54868854173d45b3b0a023fd5258c6c1.doc,29b9f5df62602e114f0ed01426c185fdb15a654022cdf16d4df624bb736ed813,644608,此前公开回收
目录,免征目录,mf_batch71.doc,购置税项目_目录覆盖与官方技术清单补采_20261008/inputs/购置税项目_样本重建与面板_20261008.zip,购置税项目_样本重建与面板_20261008/inputs/统一参数与资格事件入口_20261007.zip,6319ba54e481d5a5921420587c97c1d5cc177641ebc427d1fc80d1e0f2b73c9e,统一参数与资格事件入口_20261007/原件/免征目录/mf_batch71.doc,575488,b37b78b64b8ef7e12e6e95d6fd27a4a6e364c0c83ba403ffcf3bca82c60e3460,1,1,1,sha256_exact,/workspace/purchase_tax_audit/round3/archive/recovered/免征目录/mf_batch71.doc,https://www.miit.gov.cn/cms_files/filemanager/1226211233/attach/202311/b616da30dcbc4111a4a19262f191f629.doc,b37b78b64b8ef7e12e6e95d6fd27a4a6e364c0c83ba403ffcf3bca82c60e3460,575488,此前公开回收
目录,免征目录,mf_batch72.doc,购置税项目_目录覆盖与官方技术清单补采_20261008/inputs/购置税项目_样本重建与面板_20261008.zip,购置税项目_样本重建与面板_20261008/inputs/统一参数与资格事件入口_20261007.zip,6319ba54e481d5a5921420587c97c1d5cc177641ebc427d1fc80d1e0f2b73c9e,统一参数与资格事件入口_20261007/原件/免征目录/mf_batch72.doc,507904,2e516a046975cb1a150474ae9786b1ef54f3f98fa71f7d2e11636dfcea00c68e,1,1,1,sha256_exact,/workspace/purchase_tax_audit/round3/archive/recovered/免征目录/mf_batch72.doc,https://www.miit.gov.cn/cms_files/filemanager/1226211233/attach/202311/3252bcc3b7a646aba4fde99f4914960a.doc,2e516a046975cb1a150474ae9786b1ef54f3f98fa71f7d2e11636dfcea00c68e,507904,此前公开回收
目录,免征目录,mf_batch73.doc,购置税项目_目录覆盖与官方技术清单补采_20261008/inputs/购置税项目_样本重建与面板_20261008.zip,购置税项目_样本重建与面板_20261008/inputs/统一参数与资格事件入口_20261007.zip,6319ba54e481d5a5921420587c97c1d5cc177641ebc427d1fc80d1e0f2b73c9e,统一参数与资格事件入口_20261007/原件/免征目录/mf_batch73.doc,623616,6f2dc095feac36ceb15a8bce2ab9ddb12df9aa84d3c9604cb850f5dd73380844,1,1,1,sha256_exact,/workspace/purchase_tax_audit/round3/archive/recovered/免征目录/mf_batch73.doc,https://www.miit.gov.cn/cms_files/filemanager/1226211233/attach/20239/7e91a26f23444936b1b34333945eca6b.doc,6f2dc095feac36ceb15a8bce2ab9ddb12df9aa84d3c9604cb850f5dd73380844,623616,此前公开回收
历史撤销,历史正式撤销,批18_税收撤销_撤销《免征车辆购置税的新能源汽车车型目录》的车型名单.doc,购置税项目_目录覆盖与官方技术清单补采_20261008/inputs/购置税项目_样本重建与面板_20261008.zip,购置税项目_样本重建与面板_20261008/inputs/统一参数与资格事件入口_20261007.zip,6319ba54e481d5a5921420587c97c1d5cc177641ebc427d1fc80d1e0f2b73c9e,统一参数与资格事件入口_20261007/原件/历史正式撤销名单/批18_税收撤销_撤销《免征车辆购置税的新能源汽车车型目录》的车型名单.doc,420519,1ce4db83d9c3c886c28688d6905fb933925e6720db614c9e495690392c15541a,1,1,1,sha256_exact,/workspace/purchase_tax_audit/round3/archive/recovered/历史正式撤销/批18_税收撤销_撤销《免征车辆购置税的新能源汽车车型目录》的车型名单.doc,https://www.miit.gov.cn/cms_files/filemanager/oldfile/miit/n1146285/n1146352/n3054355/n3057585/n3057590/c6225704/part/6225721.doc,1ce4db83d9c3c886c28688d6905fb933925e6720db614c9e495690392c15541a,420519,此前公开回收
历史撤销,历史正式撤销,批20_税收撤销_撤销《免征车辆购置税的新能源汽车车型目录》的车型名单.doc,购置税项目_目录覆盖与官方技术清单补采_20261008/inputs/购置税项目_样本重建与面板_20261008.zip,购置税项目_样本重建与面板_20261008/inputs/统一参数与资格事件入口_20261007.zip,6319ba54e481d5a5921420587c97c1d5cc177641ebc427d1fc80d1e0f2b73c9e,统一参数与资格事件入口_20261007/原件/历史正式撤销名单/批20_税收撤销_撤销《免征车辆购置税的新能源汽车车型目录》的车型名单.doc,320516,f1e3f7fdbefacb50d36a15b47888e72f095d7e4294d0488b5df8b82b7d15462d,1,1,1,sha256_exact,/workspace/purchase_tax_audit/round3/archive/recovered/历史正式撤销/批20_税收撤销_撤销《免征车辆购置税的新能源汽车车型目录》的车型名单.doc,https://shanghai.chinatax.gov.cn/zcfw/zcfgk/node94/201812/P020181203378052067936.doc,f1e3f7fdbefacb50d36a15b47888e72f095d7e4294d0488b5df8b82b7d15462d,320516,此前公开回收
历史撤销,历史正式撤销,批21_税收撤销_撤销《免征车辆购置税的新能源汽车车型目录》的车型名单.doc,购置税项目_目录覆盖与官方技术清单补采_20261008/inputs/购置税项目_样本重建与面板_20261008.zip,购置税项目_样本重建与面板_20261008/inputs/统一参数与资格事件入口_20261007.zip,6319ba54e481d5a5921420587c97c1d5cc177641ebc427d1fc80d1e0f2b73c9e,统一参数与资格事件入口_20261007/原件/历史正式撤销名单/批21_税收撤销_撤销《免征车辆购置税的新能源汽车车型目录》的车型名单.doc,189952,d4973578ea321bc9f36a078ea9b6918773615cb11384e6938d9b2777dfc498b9,1,1,1,sha256_exact,/workspace/purchase_tax_audit/round3/archive/recovered/历史正式撤销/批21_税收撤销_撤销《免征车辆购置税的新能源汽车车型目录》的车型名单.doc,https://shanghai.chinatax.gov.cn/zcfw/zcfgk/node94/201812/P020181203379245308415.doc,d4973578ea321bc9f36a078ea9b6918773615cb11384e6938d9b2777dfc498b9,189952,此前公开回收
历史撤销,历史正式撤销,批22_税收撤销_撤销《免征车辆购置税的新能源汽车车型目录》.docx,购置税项目_目录覆盖与官方技术清单补采_20261008/inputs/购置税项目_样本重建与面板_20261008.zip,购置税项目_样本重建与面板_20261008/inputs/统一参数与资格事件入口_20261007.zip,6319ba54e481d5a5921420587c97c1d5cc177641ebc427d1fc80d1e0f2b73c9e,统一参数与资格事件入口_20261007/原件/历史正式撤销名单/批22_税收撤销_撤销《免征车辆购置税的新能源汽车车型目录》.docx,41742,3e107c2067732b2c598d411e07fa4480aa6dd3cfffe4da4a0e677d528cd04de6,1,1,1,sha256_exact,/workspace/purchase_tax_audit/round3/archive/recovered/历史正式撤销/批22_税收撤销_撤销《免征车辆购置税的新能源汽车车型目录》.docx,https://www.miit.gov.cn/cms_files/filemanager/oldfile/miit/n1146295/n1652858/n1652930/n4509607/c6549215/part/6549312.docx,3e107c2067732b2c598d411e07fa4480aa6dd3cfffe4da4a0e677d528cd04de6,41742,此前公开回收
历史撤销,历史正式撤销,批23_税收撤销_撤销《免征车辆购置税的新能源汽车车型目录》的车型名单.docx,购置税项目_目录覆盖与官方技术清单补采_20261008/inputs/购置税项目_样本重建与面板_20261008.zip,购置税项目_样本重建与面板_20261008/inputs/统一参数与资格事件入口_20261007.zip,6319ba54e481d5a5921420587c97c1d5cc177641ebc427d1fc80d1e0f2b73c9e,统一参数与资格事件入口_20261007/原件/历史正式撤销名单/批23_税收撤销_撤销《免征车辆购置税的新能源汽车车型目录》的车型名单.docx,298686,6323d35362a9aff98b9e81b82694386357b12e8c4f7bb99da646bbaa1452a582,1,1,1,sha256_exact,/workspace/purchase_tax_audit/round3/archive/recovered/历史正式撤销/批23_税收撤销_撤销《免征车辆购置税的新能源汽车车型目录》的车型名单.docx,https://shanghai.chinatax.gov.cn/zcfw/zcfgk/node94/201906/P020190626428112455160.doc,6323d35362a9aff98b9e81b82694386357b12e8c4f7bb99da646bbaa1452a582,298686,此前公开回收
历史撤销,历史正式撤销,批24_税收撤销_撤销《免征车辆购置税的新能源汽车车型目录》的车型名单.docx,购置税项目_目录覆盖与官方技术清单补采_20261008/inputs/购置税项目_样本重建与面板_20261008.zip,购置税项目_样本重建与面板_20261008/inputs/统一参数与资格事件入口_20261007.zip,6319ba54e481d5a5921420587c97c1d5cc177641ebc427d1fc80d1e0f2b73c9e,统一参数与资格事件入口_20261007/原件/历史正式撤销名单/批24_税收撤销_撤销《免征车辆购置税的新能源汽车车型目录》的车型名单.docx,21580,1f98070cfdd62b68d3d0e9d7a41daf9d414f932ee29b21a6e004353723108d51,1,1,1,sha256_exact,/workspace/purchase_tax_audit/round3/archive/recovered/历史正式撤销/批24_税收撤销_撤销《免征车辆购置税的新能源汽车车型目录》的车型名单.docx,https://www.miit.gov.cn/cms_files/filemanager/oldfile/miit/n1146295/n1652858/n1652930/n4509607/c6833928/part/6834573.docx,1f98070cfdd62b68d3d0e9d7a41daf9d414f932ee29b21a6e004353723108d51,21580,此前公开回收
历史撤销,历史正式撤销,批26_税收撤销_撤销《免征车辆购置税的新能源汽车车型目录》的车型名单.docx,购置税项目_目录覆盖与官方技术清单补采_20261008/inputs/购置税项目_样本重建与面板_20261008.zip,购置税项目_样本重建与面板_20261008/inputs/统一参数与资格事件入口_20261007.zip,6319ba54e481d5a5921420587c97c1d5cc177641ebc427d1fc80d1e0f2b73c9e,统一参数与资格事件入口_20261007/原件/历史正式撤销名单/批26_税收撤销_撤销《免征车辆购置税的新能源汽车车型目录》的车型名单.docx,53919,f210c6a6a1e4f8edd3036f38e7d06b91dda93864667118f2808e7b778a2cb544,1,1,1,sha256_exact,/workspace/purchase_tax_audit/round4/public_gaps/batch26_tax_withdrawal.docx,https://fgk.chinatax.gov.cn/zcfgk/c100013/c5207235/5207235/files/%E6%92%A4%E9%94%80%E3%80%8A%E5%85%8D%E5%BE%81%E8%BD%A6%E8%BE%86%E8%B4%AD%E7%BD%AE%E7%A8%8E%E7%9A%84%E6%96%B0%E8%83%BD%E6%BA%90%E6%B1%BD%E8%BD%A6%E8%BD%A6%E5%9E%8B%E7%9B%AE%E5%BD%95%E3%80%8B%E7%9A%84%E8%BD%A6%E5%9E%8B%E5%90%8D%E5%8D%95.docx,f210c6a6a1e4f8edd3036f38e7d06b91dda93864667118f2808e7b778a2cb544,53919,此前公开回收
历史撤销,历史正式撤销,批27_税收撤销_撤销《免征车辆购置税的新能源汽车车型目录》的车型名单.doc,购置税项目_目录覆盖与官方技术清单补采_20261008/inputs/购置税项目_样本重建与面板_20261008.zip,购置税项目_样本重建与面板_20261008/inputs/统一参数与资格事件入口_20261007.zip,6319ba54e481d5a5921420587c97c1d5cc177641ebc427d1fc80d1e0f2b73c9e,统一参数与资格事件入口_20261007/原件/历史正式撤销名单/批27_税收撤销_撤销《免征车辆购置税的新能源汽车车型目录》的车型名单.doc,721973,c388317a1453e6b139a2a67bd21e4b5818d6711b0982feb55626f0ac886783ff,1,1,1,sha256_exact,/workspace/purchase_tax_audit/round3/archive/recovered/历史正式撤销/批27_税收撤销_撤销《免征车辆购置税的新能源汽车车型目录》的车型名单.doc,https://www.miit.gov.cn/cms_files/filemanager/oldfile/miit/n1146285/n1146352/n3054355/n3057585/n3057589/c7485448/part/7485456.doc,c388317a1453e6b139a2a67bd21e4b5818d6711b0982feb55626f0ac886783ff,721973,此前公开回收
历史撤销,历史正式撤销,批40_税收撤销_6.撤销《免征车辆购置税的新能源汽车车型目录》的车型名单..xls,购置税项目_目录覆盖与官方技术清单补采_20261008/inputs/购置税项目_样本重建与面板_20261008.zip,购置税项目_样本重建与面板_20261008/inputs/统一参数与资格事件入口_20261007.zip,6319ba54e481d5a5921420587c97c1d5cc177641ebc427d1fc80d1e0f2b73c9e,统一参数与资格事件入口_20261007/原件/历史正式撤销名单/批40_税收撤销_6.撤销《免征车辆购置税的新能源汽车车型目录》的车型名单..xls,173056,77e87fb0f43861e830013e2e7b5d67b6e4c4fe2d0b198fcf43f1856a1dd5192b,1,1,1,sha256_exact,/workspace/purchase_tax_audit/round3/archive/recovered/历史正式撤销/批40_税收撤销_6.撤销《免征车辆购置税的新能源汽车车型目录》的车型名单..xls,https://www.miit.gov.cn/cms_files/filemanager/1226211233/attach/20216/ad5c5837877f4f96a995bb295c8d0af9.xls,77e87fb0f43861e830013e2e7b5d67b6e4c4fe2d0b198fcf43f1856a1dd5192b,173056,此前公开回收
