model_key,in_core_2208,purpose,priority_configuration_36,identity_285_model,low_temperature_19_model
BAW6521MA51BEV,0,optional_other_scope_readonly,0,1,0
BAW6521MAJ1BEV,0,optional_other_scope_readonly,1,0,0
BAW6521MAJBEV,0,optional_other_scope_readonly,1,0,0
BAW6521MAK1BEV,0,optional_other_scope_readonly,1,0,0
BAW7000UL45BEV,0,optional_other_scope_readonly,0,1,0
BJ6480A603BEV,0,optional_other_scope_readonly,0,1,0
BJ6480A604BEV,0,optional_other_scope_readonly,0,1,0
BJ6480A605BEV,0,optional_other_scope_readonly,0,1,0
BJ6539EVAA1,0,optional_other_scope_readonly,1,0,0
BJ6539EVAA2,0,optional_other_scope_readonly,1,0,0
BJ7001A617BEV,0,optional_other_scope_readonly,0,1,0
BJ7001A618BEV,0,optional_other_scope_readonly,0,1,0
BJ7003NBEV1,0,optional_other_scope_readonly,0,1,0
BJ7003NBEV2,0,optional_other_scope_readonly,0,1,0
BRX6490DB5X0BEV,0,optional_other_scope_readonly,0,1,0
BYD6470MBEV3,0,optional_other_scope_readonly,0,1,0
BYD7004BEV6,0,optional_other_scope_readonly,0,1,0
BYD7004BEV7,0,optional_other_scope_readonly,0,1,0
CC6470CA22ABEV,0,optional_other_scope_readonly,0,1,0
CC7000BJ00GABEV,0,optional_other_scope_readonly,1,0,0
CC7000BJ01GBEV,0,optional_other_scope_readonly,1,0,0
CC7000BJ01JBEV,0,optional_other_scope_readonly,0,1,0
CC7000CG00ABEV,0,optional_other_scope_readonly,1,0,0
CC7000CG00FBEV,0,optional_other_scope_readonly,1,1,0
CC7000ZM00BBEV,0,optional_other_scope_readonly,0,1,0
CC7000ZM00EBEV,0,optional_other_scope_readonly,0,1,0
CC7000ZM00FBEV,0,optional_other_scope_readonly,0,1,0
CC7000ZM02CBEV,0,optional_other_scope_readonly,0,1,0
CC7000ZM02DBEV,0,optional_other_scope_readonly,0,1,0
CC7000ZM02GBEV,0,optional_other_scope_readonly,0,1,0
CC7000ZM05ABEV,0,optional_other_scope_readonly,0,1,0
CC7001ZM00BBEV,0,optional_other_scope_readonly,0,1,0
CC7001ZM00EBEV,0,optional_other_scope_readonly,0,1,0
CC7001ZM01BBEV,0,optional_other_scope_readonly,0,1,0
CC7001ZM01BEV,0,optional_other_scope_readonly,0,1,0
CC7001ZM02CBEV,0,optional_other_scope_readonly,0,1,0
CGC7000BEV2J3,0,optional_other_scope_readonly,0,1,0
CGC7000BEV2J5,0,optional_other_scope_readonly,0,1,0
CSA6493YSEV1,0,optional_other_scope_readonly,0,1,0
CSA7001KBEV1,0,optional_other_scope_readonly,0,1,0
CSA7005DSEV1,0,optional_other_scope_readonly,0,1,0
DC7006XAAXBEVN,0,optional_other_scope_readonly,1,0,0
DD7000BEVWRA,0,optional_other_scope_readonly,1,0,0
DFM7002G1F9BEV,0,optional_other_scope_readonly,0,1,0
DFM7003G1F1BEV,0,optional_other_scope_readonly,1,0,0
DXK7001RD18BEV,0,optional_other_scope_readonly,1,0,0
FZ6470BEVC10A,0,optional_other_scope_readonly,1,0,0
FZ6480BEV13,0,optional_other_scope_readonly,0,1,0
FZ6480BEV17,0,optional_other_scope_readonly,1,0,0
FZ7000BEV11,0,optional_other_scope_readonly,1,0,0
FZ7000BEV13,0,optional_other_scope_readonly,1,0,0
FZ7000BEV14,0,optional_other_scope_readonly,1,0,0
FZ7000BEVC01A,0,optional_other_scope_readonly,1,0,0
FZ7000BEVC01D,0,optional_other_scope_readonly,1,0,0
FZ7000BEVC01F,0,optional_other_scope_readonly,1,0,0
GTM6470BFBEV,0,optional_other_scope_readonly,0,1,0
GTM6470BFEBEV,0,optional_other_scope_readonly,1,1,1
GTM6470BWBEV,0,optional_other_scope_readonly,0,1,0
HFC6494ECSEV1-W,0,optional_other_scope_readonly,0,1,0
HFC6512ECSEV1-W,0,optional_other_scope_readonly,0,1,0
HFC7002CSEV1-W,0,optional_other_scope_readonly,0,1,0
HFC7003CSEV1-W,0,optional_other_scope_readonly,0,1,0
HRQ6351BEV,0,optional_other_scope_readonly,1,0,0
HRQ6352BEV,0,optional_other_scope_readonly,1,0,0
JKC6450A0X0BEV,0,optional_other_scope_readonly,0,1,0
JNJ7000EVM1,0,optional_other_scope_readonly,1,0,0
JX6482UBEV,0,optional_other_scope_readonly,0,1,0
LF6461SEV01,0,optional_other_scope_readonly,1,0,0
LF6462SEV01,0,optional_other_scope_readonly,1,0,0
LZ6510NPD0EV,0,optional_other_scope_readonly,1,0,0
LZW7004EVPKAMB,0,optional_other_scope_readonly,0,1,0
LZW7005EVA5DBKA,0,optional_other_scope_readonly,0,1,0
LZW7005EVA5EBK,0,optional_other_scope_readonly,0,1,0
LZW7005EVA5KBJA,0,optional_other_scope_readonly,0,1,1
LZW7005EVC1DBKA,0,optional_other_scope_readonly,0,1,0
LZW7005EVC1EBJ,0,optional_other_scope_readonly,0,1,1
LZW7005EVC1HBKA,0,optional_other_scope_readonly,0,1,0
LZW7005EVC2CBM,0,optional_other_scope_readonly,0,1,0
NHQ7000BEVDH,0,optional_other_scope_readonly,0,1,0
SC6443PABBEV,0,optional_other_scope_readonly,1,0,0
SC6471EACBEV,0,optional_other_scope_readonly,0,1,0
SC7001FAMBEV,0,optional_other_scope_readonly,1,0,0
THZ7000BEVS11M,0,optional_other_scope_readonly,0,1,0
THZ7000BEVS11S,0,optional_other_scope_readonly,1,0,0
THZ7000BEVS11T,0,optional_other_scope_readonly,1,0,0
THZ7000BEVS362,0,optional_other_scope_readonly,0,1,0
THZ7000BEVS363,0,optional_other_scope_readonly,0,1,0
TV6470BEVFFE,0,optional_other_scope_readonly,1,0,0
YGM7000BEVBD1,0,optional_other_scope_readonly,1,0,0
YGM7009BEVBA3,0,optional_other_scope_readonly,1,0,0
YQZ7005BEV,0,optional_other_scope_readonly,1,0,0
