firm_routing_name,model_key,JX原空能量,32联合跨界,4单项细分,92逐车资格,2208试验口径,purpose_scopes,source_versions_json,same_model_is_same_configuration,reply_rule
东风汽车集团有限公司,DFA7000A1F2BEV,0,0,0,0,1,2208试验口径,"[{""purpose_scope"":""2208试验口径"",""source_record_ids"":""old-17-PDF-grid-1-0-12"",""source_observation_date_upper"":""2018-04-16"",""source_file"":""原件/免征目录/mf_batch17.pdf"",""source_sha256"":""577a4ba9c586fe08565f6a60e6de5474698031566d8dcef484cd44335879e334"",""firm_route_basis"":""原件企业合并格/上下文候选；非登记实体认证""}]",0,按来源/日期/配置版本分别答复；同型号合并附件不等于同配置或逐车资格认证
东风汽车集团有限公司,DFA7000A1F4BEV,0,0,0,0,1,2208试验口径,"[{""purpose_scope"":""2208试验口径"",""source_record_ids"":""old-20-DOCX--0-10"",""source_observation_date_upper"":""2018-09-19"",""source_file"":""原件/免征目录/mf_batch20.docx"",""source_sha256"":""374d3f87551d75d1c163e76abb38f350ea93f8a2b8cad6174568c307d1cc0130"",""firm_route_basis"":""原记录firm_raw""}]",0,按来源/日期/配置版本分别答复；同型号合并附件不等于同配置或逐车资格认证
东风汽车集团有限公司,DFA7000A1F5BEV,0,0,0,0,1,2208试验口径,"[{""purpose_scope"":""2208试验口径"",""source_record_ids"":""old-19-DOCX--0-15"",""source_observation_date_upper"":""2018-07-31"",""source_file"":""原件/免征目录/mf_batch19.docx"",""source_sha256"":""fafd1558aa0f21067847c19bdd0a95c79b919737be7b07b87c4538107fb2b8e3"",""firm_route_basis"":""原记录firm_raw""}]",0,按来源/日期/配置版本分别答复；同型号合并附件不等于同配置或逐车资格认证
东风汽车集团有限公司,DFA7000A1F6BEV,0,0,0,0,1,2208试验口径,"[{""purpose_scope"":""2208试验口径"",""source_record_ids"":""old-19-DOCX--0-16"",""source_observation_date_upper"":""2018-07-31"",""source_file"":""原件/免征目录/mf_batch19.docx"",""source_sha256"":""fafd1558aa0f21067847c19bdd0a95c79b919737be7b07b87c4538107fb2b8e3"",""firm_route_basis"":""原件企业合并格/上下文候选；非登记实体认证""}]",0,按来源/日期/配置版本分别答复；同型号合并附件不等于同配置或逐车资格认证
东风汽车集团有限公司,DFA7000A1F7BEV,0,0,0,0,1,2208试验口径,"[{""purpose_scope"":""2208试验口径"",""source_record_ids"":""old-20-DOCX--0-11"",""source_observation_date_upper"":""2018-09-19"",""source_file"":""原件/免征目录/mf_batch20.docx"",""source_sha256"":""374d3f87551d75d1c163e76abb38f350ea93f8a2b8cad6174568c307d1cc0130"",""firm_route_basis"":""原件企业合并格/上下文候选；非登记实体认证""}]",0,按来源/日期/配置版本分别答复；同型号合并附件不等于同配置或逐车资格认证
东风汽车集团有限公司,DFA7000A1F8BEV,0,0,0,0,1,2208试验口径,"[{""purpose_scope"":""2208试验口径"",""source_record_ids"":""old-23-Word97--0-11"",""source_observation_date_upper"":""2019-03-13"",""source_file"":""原件/免征目录/mf_batch23.docx"",""source_sha256"":""87f838de0da3ba5887f77b2bf5c1dbf5b427e7cef896309a7084c11dd8f5efa0"",""firm_route_basis"":""原记录firm_raw""}]",0,按来源/日期/配置版本分别答复；同型号合并附件不等于同配置或逐车资格认证
东风汽车集团有限公司,DFA7000A1FABEV,0,0,0,0,1,2208试验口径,"[{""purpose_scope"":""2208试验口径"",""source_record_ids"":""old-24-Word97--2-15"",""source_observation_date_upper"":""2019-04-30"",""source_file"":""原件/免征目录/mf_batch24.wps"",""source_sha256"":""07775a0cb063fe0fce5880b9378dd1eb2522b725d645cabdee314d604779939d"",""firm_route_basis"":""原记录firm_raw""}]",0,按来源/日期/配置版本分别答复；同型号合并附件不等于同配置或逐车资格认证
东风汽车集团有限公司,DFA7000A1FDBEV,0,0,0,0,1,2208试验口径,"[{""purpose_scope"":""2208试验口径"",""source_record_ids"":""old-25-Word97--0-60"",""source_observation_date_upper"":""2019-06-12"",""source_file"":""原件/免征目录/mf_batch25.wps"",""source_sha256"":""9d2abe319463522513fe9c90f98bb8d0a825b599267d0b3cc403cec9624b3297"",""firm_route_basis"":""原件企业合并格/上下文候选；非登记实体认证""}]",0,按来源/日期/配置版本分别答复；同型号合并附件不等于同配置或逐车资格认证
东风汽车集团有限公司,DFA7000A1FESEV,0,0,0,0,1,2208试验口径,"[{""purpose_scope"":""2208试验口径"",""source_record_ids"":""old-45-Word97--0-7"",""source_observation_date_upper"":""2021-08-10"",""source_file"":""原件/免征目录/mf_batch45.doc"",""source_sha256"":""56f5e7c5fd36e990024f8121006a76da260361f4e4660846e78255d007126f7a"",""firm_route_basis"":""原记录firm_raw""}]",0,按来源/日期/配置版本分别答复；同型号合并附件不等于同配置或逐车资格认证
东风汽车集团有限公司,DFA7000C1A1BEV,0,0,0,0,1,2208试验口径,"[{""purpose_scope"":""2208试验口径"",""source_record_ids"":""old-20-DOCX--0-12"",""source_observation_date_upper"":""2018-09-19"",""source_file"":""原件/免征目录/mf_batch20.docx"",""source_sha256"":""374d3f87551d75d1c163e76abb38f350ea93f8a2b8cad6174568c307d1cc0130"",""firm_route_basis"":""原件企业合并格/上下文候选；非登记实体认证""}]",0,按来源/日期/配置版本分别答复；同型号合并附件不等于同配置或逐车资格认证
东风汽车集团有限公司,DFA7000C1A2BEV,0,0,0,0,1,2208试验口径,"[{""purpose_scope"":""2208试验口径"",""source_record_ids"":""old-26-DOCX--0-36"",""source_observation_date_upper"":""2019-08-30"",""source_file"":""原件/免征目录/mf_batch26.docx"",""source_sha256"":""de0890335ef3a4f1302a8a0735ec8b6aed52e994e2635db481820060d62248b5"",""firm_route_basis"":""原记录firm_raw""}]",0,按来源/日期/配置版本分别答复；同型号合并附件不等于同配置或逐车资格认证
东风汽车集团有限公司,DFA7000C1A3BEV,0,0,0,0,1,2208试验口径,"[{""purpose_scope"":""2208试验口径"",""source_record_ids"":""old-26-DOCX--0-37"",""source_observation_date_upper"":""2019-08-30"",""source_file"":""原件/免征目录/mf_batch26.docx"",""source_sha256"":""de0890335ef3a4f1302a8a0735ec8b6aed52e994e2635db481820060d62248b5"",""firm_route_basis"":""原件企业合并格/上下文候选；非登记实体认证""}]",0,按来源/日期/配置版本分别答复；同型号合并附件不等于同配置或逐车资格认证
东风汽车集团有限公司,DFA7000C1A4BEV,0,0,0,0,1,2208试验口径,"[{""purpose_scope"":""2208试验口径"",""source_record_ids"":""old-27-Word97--0-6"",""source_observation_date_upper"":""2019-10-25"",""source_file"":""原件/免征目录/mf_batch27.doc"",""source_sha256"":""2bd67cf7e1efc03ae93942d0d340ffef87478709520383b6ee4d08baf843ead1"",""firm_route_basis"":""原记录firm_raw""}]",0,按来源/日期/配置版本分别答复；同型号合并附件不等于同配置或逐车资格认证
东风汽车集团有限公司,DFA7000C1A5BEV,0,0,0,0,1,2208试验口径,"[{""purpose_scope"":""2208试验口径"",""source_record_ids"":""old-27-Word97--0-7"",""source_observation_date_upper"":""2019-10-25"",""source_file"":""原件/免征目录/mf_batch27.doc"",""source_sha256"":""2bd67cf7e1efc03ae93942d0d340ffef87478709520383b6ee4d08baf843ead1"",""firm_route_basis"":""原件企业合并格/上下文候选；非登记实体认证""}]",0,按来源/日期/配置版本分别答复；同型号合并附件不等于同配置或逐车资格认证
东风汽车集团有限公司,DFA7000C1A6BEV,0,0,0,0,1,2208试验口径,"[{""purpose_scope"":""2208试验口径"",""source_record_ids"":""old-32-Word97--0-4"",""source_observation_date_upper"":""2020-06-02"",""source_file"":""原件/免征目录/mf_batch32.doc"",""source_sha256"":""ad7c65b4831a05b7c70e1e73fe834aa9beed883c66f898e799fcbbeb43cc3d75"",""firm_route_basis"":""原记录firm_raw""}]",0,按来源/日期/配置版本分别答复；同型号合并附件不等于同配置或逐车资格认证
东风汽车集团有限公司,DFA7000C1A7BEV,0,0,0,0,1,2208试验口径,"[{""purpose_scope"":""2208试验口径"",""source_record_ids"":""old-32-Word97--0-5"",""source_observation_date_upper"":""2020-06-02"",""source_file"":""原件/免征目录/mf_batch32.doc"",""source_sha256"":""ad7c65b4831a05b7c70e1e73fe834aa9beed883c66f898e799fcbbeb43cc3d75"",""firm_route_basis"":""原件企业合并格/上下文候选；非登记实体认证""}]",0,按来源/日期/配置版本分别答复；同型号合并附件不等于同配置或逐车资格认证
东风汽车集团有限公司,DFA7000C1A8BEV,0,0,0,0,1,2208试验口径,"[{""purpose_scope"":""2208试验口径"",""source_record_ids"":""old-32-Word97--0-6"",""source_observation_date_upper"":""2020-06-02"",""source_file"":""原件/免征目录/mf_batch32.doc"",""source_sha256"":""ad7c65b4831a05b7c70e1e73fe834aa9beed883c66f898e799fcbbeb43cc3d75"",""firm_route_basis"":""原件企业合并格/上下文候选；非登记实体认证""}]",0,按来源/日期/配置版本分别答复；同型号合并附件不等于同配置或逐车资格认证
东风汽车集团有限公司,DFA7000G1F5BEV,0,0,0,0,1,2208试验口径,"[{""purpose_scope"":""2208试验口径"",""source_record_ids"":""old-17-PDF-grid-1-0-14"",""source_observation_date_upper"":""2018-04-16"",""source_file"":""原件/免征目录/mf_batch17.pdf"",""source_sha256"":""577a4ba9c586fe08565f6a60e6de5474698031566d8dcef484cd44335879e334"",""firm_route_basis"":""原件企业合并格/上下文候选；非登记实体认证""}]",0,按来源/日期/配置版本分别答复；同型号合并附件不等于同配置或逐车资格认证
东风汽车集团有限公司,DFA7000G1F6BEV,0,0,0,0,1,2208试验口径,"[{""purpose_scope"":""2208试验口径"",""source_record_ids"":""old-17-PDF-grid-1-0-15"",""source_observation_date_upper"":""2018-04-16"",""source_file"":""原件/免征目录/mf_batch17.pdf"",""source_sha256"":""577a4ba9c586fe08565f6a60e6de5474698031566d8dcef484cd44335879e334"",""firm_route_basis"":""原件企业合并格/上下文候选；非登记实体认证""}]",0,按来源/日期/配置版本分别答复；同型号合并附件不等于同配置或逐车资格认证
东风汽车集团有限公司,DFA7000G1F7BEV,0,0,0,0,1,2208试验口径,"[{""purpose_scope"":""2208试验口径"",""source_record_ids"":""old-18-Word97--0-5"",""source_observation_date_upper"":""2018-06-19"",""source_file"":""原件/免征目录/mf_batch18.doc"",""source_sha256"":""43f5426f7f80996ee11a894710d7229c743abf7ad69ba239f61075e0a9ddd37a"",""firm_route_basis"":""原件企业合并格/上下文候选；非登记实体认证""}]",0,按来源/日期/配置版本分别答复；同型号合并附件不等于同配置或逐车资格认证
东风汽车集团有限公司,DFA7000L2ABEV4,0,0,0,0,1,2208试验口径,"[{""purpose_scope"":""2208试验口径"",""source_record_ids"":""old-19-DOCX--0-17"",""source_observation_date_upper"":""2018-07-31"",""source_file"":""原件/免征目录/mf_batch19.docx"",""source_sha256"":""fafd1558aa0f21067847c19bdd0a95c79b919737be7b07b87c4538107fb2b8e3"",""firm_route_basis"":""原件企业合并格/上下文候选；非登记实体认证""}]",0,按来源/日期/配置版本分别答复；同型号合并附件不等于同配置或逐车资格认证
东风汽车集团有限公司,DFM6473M5F1BEV,0,0,0,0,1,2208试验口径,"[{""purpose_scope"":""2208试验口径"",""source_record_ids"":""old-68-Word97--0-3"",""source_observation_date_upper"":""2023-08-16"",""source_file"":""原件/免征目录/mf_batch68.doc"",""source_sha256"":""58113d08377020d08de0aeb0e08ff63c4a4411dbe35ad69cfdd6f82fdf0fcc77"",""firm_route_basis"":""原记录firm_raw""}]",0,按来源/日期/配置版本分别答复；同型号合并附件不等于同配置或逐车资格认证
东风汽车集团有限公司,DFM7000A2F1BEV,0,0,0,0,1,2208试验口径,"[{""purpose_scope"":""2208试验口径"",""source_record_ids"":""old-70-Word97--0-7"",""source_observation_date_upper"":""2023-10-18"",""source_file"":""原件/免征目录/mf_batch70.doc"",""source_sha256"":""29b9f5df62602e114f0ed01426c185fdb15a654022cdf16d4df624bb736ed813"",""firm_route_basis"":""原件企业合并格/上下文候选；非登记实体认证""}]",0,按来源/日期/配置版本分别答复；同型号合并附件不等于同配置或逐车资格认证
东风汽车集团有限公司,DFM7000A2FBEV,0,0,0,0,1,2208试验口径,"[{""purpose_scope"":""2208试验口径"",""source_record_ids"":""old-70-Word97--0-6"",""source_observation_date_upper"":""2023-10-18"",""source_file"":""原件/免征目录/mf_batch70.doc"",""source_sha256"":""29b9f5df62602e114f0ed01426c185fdb15a654022cdf16d4df624bb736ed813"",""firm_route_basis"":""原记录firm_raw""}]",0,按来源/日期/配置版本分别答复；同型号合并附件不等于同配置或逐车资格认证
东风汽车集团有限公司,DFM7000G1A1BEV,0,0,0,0,1,2208试验口径,"[{""purpose_scope"":""2208试验口径"",""source_record_ids"":""mf29-t0-r1"",""source_observation_date_upper"":""2019-12-27"",""source_file"":""原件/mf_batch29.doc"",""source_sha256"":""8d24a01958cc6d44fa7826ecbb6a76869b9a0f2c98b97597d57af02932f2afaf"",""firm_route_basis"":""原记录firm_raw""}]",0,按来源/日期/配置版本分别答复；同型号合并附件不等于同配置或逐车资格认证
东风汽车集团有限公司,DFM7000G1A2BEV,0,0,0,0,1,2208试验口径,"[{""purpose_scope"":""2208试验口径"",""source_record_ids"":""old-47-Word97--0-5"",""source_observation_date_upper"":""2021-09-30"",""source_file"":""原件/免征目录/mf_batch47.doc"",""source_sha256"":""fb4517fe8220b10bc435a77a5328df13c732c70b335942dfad0ae9394affe9b4"",""firm_route_basis"":""原记录firm_raw""}]",0,按来源/日期/配置版本分别答复；同型号合并附件不等于同配置或逐车资格认证
东风汽车集团有限公司,DFM7000G1A3BEV,0,0,0,0,1,2208试验口径,"[{""purpose_scope"":""2208试验口径"",""source_record_ids"":""old-38-Word97--0-7"",""source_observation_date_upper"":""2020-12-30"",""source_file"":""原件/免征目录/mf_batch38.doc"",""source_sha256"":""7c9def45fe5c40e4c5ffb483a1d1efd383c12cb16a5c4ba021d4ce28384776de"",""firm_route_basis"":""原件企业合并格/上下文候选；非登记实体认证""}]",0,按来源/日期/配置版本分别答复；同型号合并附件不等于同配置或逐车资格认证
东风汽车集团有限公司,DFM7000G1F3PBEV,0,0,0,0,1,2208试验口径,"[{""purpose_scope"":""2208试验口径"",""source_record_ids"":""old-20-DOCX--0-14"",""source_observation_date_upper"":""2018-09-19"",""source_file"":""原件/免征目录/mf_batch20.docx"",""source_sha256"":""374d3f87551d75d1c163e76abb38f350ea93f8a2b8cad6174568c307d1cc0130"",""firm_route_basis"":""原件企业合并格/上下文候选；非登记实体认证""}]",0,按来源/日期/配置版本分别答复；同型号合并附件不等于同配置或逐车资格认证
东风汽车集团有限公司,DFM7000G1F6BEV,0,0,0,0,1,2208试验口径,"[{""purpose_scope"":""2208试验口径"",""source_record_ids"":""old-19-DOCX--0-18"",""source_observation_date_upper"":""2018-07-31"",""source_file"":""原件/免征目录/mf_batch19.docx"",""source_sha256"":""fafd1558aa0f21067847c19bdd0a95c79b919737be7b07b87c4538107fb2b8e3"",""firm_route_basis"":""原件企业合并格/上下文候选；非登记实体认证""}]",0,按来源/日期/配置版本分别答复；同型号合并附件不等于同配置或逐车资格认证
东风汽车集团有限公司,DFM7000G1F6PBEV,0,0,0,0,1,2208试验口径,"[{""purpose_scope"":""2208试验口径"",""source_record_ids"":""old-22-Word97--0-4"",""source_observation_date_upper"":""2018-12-18"",""source_file"":""原件/免征目录/mf_batch22.doc"",""source_sha256"":""eaf3fc1e64742af85b3d4bc90388d0a93154a497fd6c1fb9bf73b857672e1212"",""firm_route_basis"":""原记录firm_raw""}]",0,按来源/日期/配置版本分别答复；同型号合并附件不等于同配置或逐车资格认证
东风汽车集团有限公司,DFM7000G1F7BEV,0,0,0,0,1,2208试验口径,"[{""purpose_scope"":""2208试验口径"",""source_record_ids"":""old-22-Word97--0-5"",""source_observation_date_upper"":""2018-12-18"",""source_file"":""原件/免征目录/mf_batch22.doc"",""source_sha256"":""eaf3fc1e64742af85b3d4bc90388d0a93154a497fd6c1fb9bf73b857672e1212"",""firm_route_basis"":""原件企业合并格/上下文候选；非登记实体认证""}]",0,按来源/日期/配置版本分别答复；同型号合并附件不等于同配置或逐车资格认证
东风汽车集团有限公司,DFM7000G1F8BEV,0,0,0,0,1,2208试验口径,"[{""purpose_scope"":""2208试验口径"",""source_record_ids"":""mf29-t0-r2"",""source_observation_date_upper"":""2019-12-27"",""source_file"":""原件/mf_batch29.doc"",""source_sha256"":""8d24a01958cc6d44fa7826ecbb6a76869b9a0f2c98b97597d57af02932f2afaf"",""firm_route_basis"":""原件企业合并格/上下文候选；非登记实体认证""}]",0,按来源/日期/配置版本分别答复；同型号合并附件不等于同配置或逐车资格认证
东风汽车集团有限公司,DFM7000G1F8PBEV,0,0,0,0,1,2208试验口径,"[{""purpose_scope"":""2208试验口径"",""source_record_ids"":""old-37-Word97--0-9"",""source_observation_date_upper"":""2020-11-30"",""source_file"":""原件/免征目录/mf_batch37.doc"",""source_sha256"":""136057faede292d8070763e326c8dbdcddf3790653cc6879a13758f91556881f"",""firm_route_basis"":""原记录firm_raw""}]",0,按来源/日期/配置版本分别答复；同型号合并附件不等于同配置或逐车资格认证
东风汽车集团有限公司,DFM7000G1F9BEV,0,0,0,0,1,2208试验口径,"[{""purpose_scope"":""2208试验口径"",""source_record_ids"":""old-32-Word97--0-7"",""source_observation_date_upper"":""2020-06-02"",""source_file"":""原件/免征目录/mf_batch32.doc"",""source_sha256"":""ad7c65b4831a05b7c70e1e73fe834aa9beed883c66f898e799fcbbeb43cc3d75"",""firm_route_basis"":""原件企业合并格/上下文候选；非登记实体认证""}]",0,按来源/日期/配置版本分别答复；同型号合并附件不等于同配置或逐车资格认证
东风汽车集团有限公司,DFM7000G1F9PBEV,0,0,0,0,1,2208试验口径,"[{""purpose_scope"":""2208试验口径"",""source_record_ids"":""old-38-Word97--0-6"",""source_observation_date_upper"":""2020-12-30"",""source_file"":""原件/免征目录/mf_batch38.doc"",""source_sha256"":""7c9def45fe5c40e4c5ffb483a1d1efd383c12cb16a5c4ba021d4ce28384776de"",""firm_route_basis"":""原记录firm_raw""}]",0,按来源/日期/配置版本分别答复；同型号合并附件不等于同配置或逐车资格认证
东风汽车集团有限公司,DFM7000G1FABEV,0,0,0,0,1,2208试验口径,"[{""purpose_scope"":""2208试验口径"",""source_record_ids"":""old-33-Word97--0-6"",""source_observation_date_upper"":""2020-07-21"",""source_file"":""原件/免征目录/mf_batch33.doc"",""source_sha256"":""ff98fbb1708c47cdcfc1e79e7a1647e72a7ae6d4255dce3b250d661001340c09"",""firm_route_basis"":""原记录firm_raw""}]",0,按来源/日期/配置版本分别答复；同型号合并附件不等于同配置或逐车资格认证
东风汽车集团有限公司,DFM7000N1FBEV,0,0,0,0,1,2208试验口径,"[{""purpose_scope"":""2208试验口径"",""source_record_ids"":""old-28-Word97--0-3"",""source_observation_date_upper"":""2019-12-10"",""source_file"":""原件/免征目录/mf_batch28.doc"",""source_sha256"":""dfe1b301a5e8373e94e0e4a2fccee3d258c56bb662e4928764a71274142acd72"",""firm_route_basis"":""原记录firm_raw""}]",0,按来源/日期/配置版本分别答复；同型号合并附件不等于同配置或逐车资格认证
东风汽车集团有限公司,DFM7000S1F4BEV,0,0,0,0,1,2208试验口径,"[{""purpose_scope"":""2208试验口径"",""source_record_ids"":""old-71-Word97--0-16"",""source_observation_date_upper"":""2023-11-20"",""source_file"":""原件/免征目录/mf_batch71.doc"",""source_sha256"":""b37b78b64b8ef7e12e6e95d6fd27a4a6e364c0c83ba403ffcf3bca82c60e3460"",""firm_route_basis"":""原件企业合并格/上下文候选；非登记实体认证""}]",0,按来源/日期/配置版本分别答复；同型号合并附件不等于同配置或逐车资格认证
东风汽车集团有限公司,DFM7000S1F5BEV,0,0,0,0,1,2208试验口径,"[{""purpose_scope"":""2208试验口径"",""source_record_ids"":""old-71-Word97--0-17"",""source_observation_date_upper"":""2023-11-20"",""source_file"":""原件/免征目录/mf_batch71.doc"",""source_sha256"":""b37b78b64b8ef7e12e6e95d6fd27a4a6e364c0c83ba403ffcf3bca82c60e3460"",""firm_route_basis"":""原件企业合并格/上下文候选；非登记实体认证""}]",0,按来源/日期/配置版本分别答复；同型号合并附件不等于同配置或逐车资格认证
东风汽车集团有限公司,DFM7000S1F6BEV,0,0,0,0,1,2208试验口径,"[{""purpose_scope"":""2208试验口径"",""source_record_ids"":""old-71-Word97--0-15"",""source_observation_date_upper"":""2023-11-20"",""source_file"":""原件/免征目录/mf_batch71.doc"",""source_sha256"":""b37b78b64b8ef7e12e6e95d6fd27a4a6e364c0c83ba403ffcf3bca82c60e3460"",""firm_route_basis"":""原记录firm_raw""}]",0,按来源/日期/配置版本分别答复；同型号合并附件不等于同配置或逐车资格认证
东风汽车集团有限公司,DFM7001G1F1BEV,0,0,0,0,1,2208试验口径,"[{""purpose_scope"":""2208试验口径"",""source_record_ids"":""old-37-Word97--0-10"",""source_observation_date_upper"":""2020-11-30"",""source_file"":""原件/免征目录/mf_batch37.doc"",""source_sha256"":""136057faede292d8070763e326c8dbdcddf3790653cc6879a13758f91556881f"",""firm_route_basis"":""原件企业合并格/上下文候选；非登记实体认证""}]",0,按来源/日期/配置版本分别答复；同型号合并附件不等于同配置或逐车资格认证
东风汽车集团有限公司,DFM7001G1F2BEV,0,0,0,0,1,2208试验口径,"[{""purpose_scope"":""2208试验口径"",""source_record_ids"":""old-37-Word97--0-11"",""source_observation_date_upper"":""2020-11-30"",""source_file"":""原件/免征目录/mf_batch37.doc"",""source_sha256"":""136057faede292d8070763e326c8dbdcddf3790653cc6879a13758f91556881f"",""firm_route_basis"":""原件企业合并格/上下文候选；非登记实体认证""}]",0,按来源/日期/配置版本分别答复；同型号合并附件不等于同配置或逐车资格认证
东风汽车集团有限公司,DFM7001G1F2SBEV,0,0,0,0,1,2208试验口径,"[{""purpose_scope"":""2208试验口径"",""source_record_ids"":""old-61-Word97--0-20"",""source_observation_date_upper"":""2022-12-19"",""source_file"":""原件/免征目录/mf_batch61.doc"",""source_sha256"":""d360a77695ccf20f3c17a354a1dd02fc846a7ae8bd18b41492515881a7240b72"",""firm_route_basis"":""原记录firm_raw""}]",0,按来源/日期/配置版本分别答复；同型号合并附件不等于同配置或逐车资格认证
东风汽车集团有限公司,DFM7001G1F3BEV,0,0,0,1,1,92逐车资格;2208试验口径,"[{""purpose_scope"":""92逐车资格"",""source_record_ids"":""new-06-cell-5449"",""source_observation_date_upper"":""2024-05-31"",""source_file"":""原件/减免目录/cat_batch6.doc"",""source_sha256"":""8017fdbcfa01dc3f5d2bd65fe4a06f5212edd78d39fee33fd47f6a2823eedcf7"",""firm_route_basis"":""原记录firm_raw""},{""purpose_scope"":""2208试验口径"",""source_record_ids"":""old-37-Word97--0-12"",""source_observation_date_upper"":""2020-11-30"",""source_file"":""原件/免征目录/mf_batch37.doc"",""source_sha256"":""136057faede292d8070763e326c8dbdcddf3790653cc6879a13758f91556881f"",""firm_route_basis"":""原件企业合并格/上下文候选；非登记实体认证""}]",0,按来源/日期/配置版本分别答复；同型号合并附件不等于同配置或逐车资格认证
东风汽车集团有限公司,DFM7001G1F6BEV,0,0,0,0,1,2208试验口径,"[{""purpose_scope"":""2208试验口径"",""source_record_ids"":""old-47-Word97--0-7"",""source_observation_date_upper"":""2021-09-30"",""source_file"":""原件/免征目录/mf_batch47.doc"",""source_sha256"":""fb4517fe8220b10bc435a77a5328df13c732c70b335942dfad0ae9394affe9b4"",""firm_route_basis"":""原件企业合并格/上下文候选；非登记实体认证""}]",0,按来源/日期/配置版本分别答复；同型号合并附件不等于同配置或逐车资格认证
东风汽车集团有限公司,DFM7001G1F7BEV,0,0,0,0,1,2208试验口径,"[{""purpose_scope"":""2208试验口径"",""source_record_ids"":""old-47-Word97--0-9"",""source_observation_date_upper"":""2021-09-30"",""source_file"":""原件/免征目录/mf_batch47.doc"",""source_sha256"":""fb4517fe8220b10bc435a77a5328df13c732c70b335942dfad0ae9394affe9b4"",""firm_route_basis"":""原件企业合并格/上下文候选；非登记实体认证""}]",0,按来源/日期/配置版本分别答复；同型号合并附件不等于同配置或逐车资格认证
东风汽车集团有限公司,DFM7002G1F1BEV,0,0,0,0,1,2208试验口径,"[{""purpose_scope"":""2208试验口径"",""source_record_ids"":""old-47-Word97--0-8"",""source_observation_date_upper"":""2021-09-30"",""source_file"":""原件/免征目录/mf_batch47.doc"",""source_sha256"":""fb4517fe8220b10bc435a77a5328df13c732c70b335942dfad0ae9394affe9b4"",""firm_route_basis"":""原件企业合并格/上下文候选；非登记实体认证""}]",0,按来源/日期/配置版本分别答复；同型号合并附件不等于同配置或逐车资格认证
东风汽车集团有限公司,DFM7002G1F2BEV,0,0,0,0,1,2208试验口径,"[{""purpose_scope"":""2208试验口径"",""source_record_ids"":""old-41-Word97--0-13"",""source_observation_date_upper"":""2021-03-31"",""source_file"":""原件/免征目录/mf_batch41.doc"",""source_sha256"":""ba4634c0877ebf99f8e462013e4a07e40f57478a4aaf921801a6c85a49c42b7f"",""firm_route_basis"":""原记录firm_raw""}]",0,按来源/日期/配置版本分别答复；同型号合并附件不等于同配置或逐车资格认证
东风汽车集团有限公司,DFM7002G1F4BEV,0,0,0,0,1,2208试验口径,"[{""purpose_scope"":""2208试验口径"",""source_record_ids"":""old-53-Word97--0-16"",""source_observation_date_upper"":""2022-04-08"",""source_file"":""原件/免征目录/mf_batch53.doc"",""source_sha256"":""a1f426ff77c80bce4d153fbfb6d01a7b6c6c87539f52ac4643edb7b060e21d2a"",""firm_route_basis"":""原件企业合并格/上下文候选；非登记实体认证""}]",0,按来源/日期/配置版本分别答复；同型号合并附件不等于同配置或逐车资格认证
东风汽车集团有限公司,DFM7002G1F7BEV,0,0,0,0,1,2208试验口径,"[{""purpose_scope"":""2208试验口径"",""source_record_ids"":""old-52-Word97--0-12"",""source_observation_date_upper"":""2022-03-08"",""source_file"":""原件/免征目录/mf_batch52.doc"",""source_sha256"":""650a1430fd7c9a9139970f857a0382498bfd368fe64a95f24c17ca3f49dfa3cc"",""firm_route_basis"":""原记录firm_raw""}]",0,按来源/日期/配置版本分别答复；同型号合并附件不等于同配置或逐车资格认证
东风汽车集团有限公司,DFM7002G1F8BEV,0,0,0,0,1,2208试验口径,"[{""purpose_scope"":""2208试验口径"",""source_record_ids"":""old-55-Word97--0-24"",""source_observation_date_upper"":""2022-06-01"",""source_file"":""原件/免征目录/mf_batch55.doc"",""source_sha256"":""0457d0430e9e7f114c91341a715405c3933dd4783762cd74b9871e4918ba887f"",""firm_route_basis"":""原件企业合并格/上下文候选；非登记实体认证""}]",0,按来源/日期/配置版本分别答复；同型号合并附件不等于同配置或逐车资格认证
东风汽车集团有限公司,DFM7002G1FABEV,0,0,0,0,1,2208试验口径,"[{""purpose_scope"":""2208试验口径"",""source_record_ids"":""old-54-Word97--0-26"",""source_observation_date_upper"":""2022-05-12"",""source_file"":""原件/免征目录/mf_batch54.doc"",""source_sha256"":""e4ce106fc0fb21bc61cac40ff0de97e60dff2d18b5b7d24c494bb74873312fd7"",""firm_route_basis"":""原件企业合并格/上下文候选；非登记实体认证""}]",0,按来源/日期/配置版本分别答复；同型号合并附件不等于同配置或逐车资格认证
东风汽车集团有限公司,DFM7002G1FBBEV,0,0,0,1,1,92逐车资格;2208试验口径,"[{""purpose_scope"":""92逐车资格"",""source_record_ids"":""new-05-cell-4492;new-06-cell-5065"",""source_observation_date_upper"":""2024-05-20"",""source_file"":""原件/减免目录/cat_batch5.doc"",""source_sha256"":""be8c8373f926e8b033304f06a62d92b0f0fc066accc6841864c3fd414bc506ab"",""firm_route_basis"":""原记录firm_raw""},{""purpose_scope"":""2208试验口径"",""source_record_ids"":""old-63-Word97--0-5"",""source_observation_date_upper"":""2023-03-10"",""source_file"":""原件/免征目录/mf_batch63.doc"",""source_sha256"":""1d0f4bf9c7c1f67712e9efa3a5e3222c30d4e438653b9335aaff9714e65f8c05"",""firm_route_basis"":""原记录firm_raw""}]",0,按来源/日期/配置版本分别答复；同型号合并附件不等于同配置或逐车资格认证
东风汽车集团有限公司,DFM7002G1FCBEV,0,0,0,0,1,2208试验口径,"[{""purpose_scope"":""2208试验口径"",""source_record_ids"":""old-64-Word97--0-7"",""source_observation_date_upper"":""2023-04-17"",""source_file"":""原件/免征目录/mf_batch64.doc"",""source_sha256"":""c4e238989e7e40ec2c3a6a899ead170b4a745bc72546ba6fd4a5731d8890c6cb"",""firm_route_basis"":""原记录firm_raw""}]",0,按来源/日期/配置版本分别答复；同型号合并附件不等于同配置或逐车资格认证
东风汽车集团有限公司,DFM7003G1F1BEV,0,0,1,0,0,4单项细分,"[{""purpose_scope"":""4单项细分"",""source_record_ids"":""old-55-Word97--0-23"",""source_observation_date_upper"":""2022-06-01"",""source_file"":""原件/免征目录/mf_batch55.doc"",""source_sha256"":""0457d0430e9e7f114c91341a715405c3933dd4783762cd74b9871e4918ba887f"",""firm_route_basis"":""原记录firm_raw""}]",0,按来源/日期/配置版本分别答复；同型号合并附件不等于同配置或逐车资格认证
东风汽车集团有限公司,DFM7003G1F3BEV,0,0,0,0,1,2208试验口径,"[{""purpose_scope"":""2208试验口径"",""source_record_ids"":""old-71-Word97--0-18"",""source_observation_date_upper"":""2023-11-20"",""source_file"":""原件/免征目录/mf_batch71.doc"",""source_sha256"":""b37b78b64b8ef7e12e6e95d6fd27a4a6e364c0c83ba403ffcf3bca82c60e3460"",""firm_route_basis"":""原件企业合并格/上下文候选；非登记实体认证""}]",0,按来源/日期/配置版本分别答复；同型号合并附件不等于同配置或逐车资格认证
东风汽车集团有限公司,EQ2040RMVBEV,0,0,0,0,1,2208试验口径,"[{""purpose_scope"":""2208试验口径"",""source_record_ids"":""old-62-Word97--0-4"",""source_observation_date_upper"":""2023-02-20"",""source_file"":""原件/免征目录/mf_batch62.doc"",""source_sha256"":""7694ac7207998b6af7c895cdd2c1d752421df436d4b28f83195261dd47f6509c"",""firm_route_basis"":""原记录firm_raw""}]",0,按来源/日期/配置版本分别答复；同型号合并附件不等于同配置或逐车资格认证
东风汽车集团有限公司,EQ6490AL5F1BEV,0,0,0,0,1,2208试验口径,"[{""purpose_scope"":""2208试验口径"",""source_record_ids"":""old-42-Word97--0-18"",""source_observation_date_upper"":""2021-04-30"",""source_file"":""原件/免征目录/mf_batch42.doc"",""source_sha256"":""fef4fd8ea19d773d368642e51a4bdb24c148530251a2240be4ff1358d5d41fab"",""firm_route_basis"":""原记录firm_raw""}]",0,按来源/日期/配置版本分别答复；同型号合并附件不等于同配置或逐车资格认证
东风汽车集团有限公司,EQ6490AL5F2BEV,0,0,0,0,1,2208试验口径,"[{""purpose_scope"":""2208试验口径"",""source_record_ids"":""old-42-Word97--0-19"",""source_observation_date_upper"":""2021-04-30"",""source_file"":""原件/免征目录/mf_batch42.doc"",""source_sha256"":""fef4fd8ea19d773d368642e51a4bdb24c148530251a2240be4ff1358d5d41fab"",""firm_route_basis"":""原件企业合并格/上下文候选；非登记实体认证""}]",0,按来源/日期/配置版本分别答复；同型号合并附件不等于同配置或逐车资格认证
东风汽车集团有限公司,EQ6491AL5F2BEV,0,0,0,1,1,92逐车资格;2208试验口径,"[{""purpose_scope"":""92逐车资格"",""source_record_ids"":""new-04-cell-3423;new-06-cell-4933"",""source_observation_date_upper"":""2024-04-15"",""source_file"":""原件/减免目录/cat_batch4.doc"",""source_sha256"":""e6d4f6d7e11833351bf9e247aa8032273ad029b83385189b0ffebd81d10b8ce6"",""firm_route_basis"":""原记录firm_raw""},{""purpose_scope"":""2208试验口径"",""source_record_ids"":""old-53-Word97--0-15"",""source_observation_date_upper"":""2022-04-08"",""source_file"":""原件/免征目录/mf_batch53.doc"",""source_sha256"":""a1f426ff77c80bce4d153fbfb6d01a7b6c6c87539f52ac4643edb7b060e21d2a"",""firm_route_basis"":""原件企业合并格/上下文候选；非登记实体认证""}]",0,按来源/日期/配置版本分别答复；同型号合并附件不等于同配置或逐车资格认证
东风汽车集团有限公司,EQ6530AL5F2BEV,0,0,0,1,1,92逐车资格;2208试验口径,"[{""purpose_scope"":""92逐车资格"",""source_record_ids"":""new-03-cell-123;new-06-cell-4597"",""source_observation_date_upper"":""2024-03-11"",""source_file"":""原件/减免目录/cat_batch3.doc"",""source_sha256"":""338c1551d098659125f729d8b63eb48134ce5dfcfd36362a2aacb04a112e87b8"",""firm_route_basis"":""原件企业合并格/上下文候选；非登记实体认证""},{""purpose_scope"":""2208试验口径"",""source_record_ids"":""old-54-Word97--0-25"",""source_observation_date_upper"":""2022-05-12"",""source_file"":""原件/免征目录/mf_batch54.doc"",""source_sha256"":""e4ce106fc0fb21bc61cac40ff0de97e60dff2d18b5b7d24c494bb74873312fd7"",""firm_route_basis"":""原记录firm_raw""}]",0,按来源/日期/配置版本分别答复；同型号合并附件不等于同配置或逐车资格认证
东风汽车集团有限公司,EQ6531AL5F2BEV,0,0,0,1,1,92逐车资格;2208试验口径,"[{""purpose_scope"":""92逐车资格"",""source_record_ids"":""new-03-cell-134;new-06-cell-4609"",""source_observation_date_upper"":""2024-03-11"",""source_file"":""原件/减免目录/cat_batch3.doc"",""source_sha256"":""338c1551d098659125f729d8b63eb48134ce5dfcfd36362a2aacb04a112e87b8"",""firm_route_basis"":""原件企业合并格/上下文候选；非登记实体认证""},{""purpose_scope"":""2208试验口径"",""source_record_ids"":""old-54-Word97--0-28"",""source_observation_date_upper"":""2022-05-12"",""source_file"":""原件/免征目录/mf_batch54.doc"",""source_sha256"":""e4ce106fc0fb21bc61cac40ff0de97e60dff2d18b5b7d24c494bb74873312fd7"",""firm_route_basis"":""原件企业合并格/上下文候选；非登记实体认证""}]",0,按来源/日期/配置版本分别答复；同型号合并附件不等于同配置或逐车资格认证
东风汽车集团有限公司,EQ6532AL5F2BEV,0,0,0,0,1,2208试验口径,"[{""purpose_scope"":""2208试验口径"",""source_record_ids"":""old-69-Word97--0-6"",""source_observation_date_upper"":""2023-09-14"",""source_file"":""原件/免征目录/mf_batch69.doc"",""source_sha256"":""357d61a16c94488c9fdd761f393edb7029b05394ab06117abaebcba1a1e45546"",""firm_route_basis"":""原记录firm_raw""}]",0,按来源/日期/配置版本分别答复；同型号合并附件不等于同配置或逐车资格认证
东风汽车集团有限公司,EQ6533AL5F2BEV,0,0,0,0,1,2208试验口径,"[{""purpose_scope"":""2208试验口径"",""source_record_ids"":""old-69-Word97--0-7"",""source_observation_date_upper"":""2023-09-14"",""source_file"":""原件/免征目录/mf_batch69.doc"",""source_sha256"":""357d61a16c94488c9fdd761f393edb7029b05394ab06117abaebcba1a1e45546"",""firm_route_basis"":""原件企业合并格/上下文候选；非登记实体认证""}]",0,按来源/日期/配置版本分别答复；同型号合并附件不等于同配置或逐车资格认证
东风汽车集团有限公司,EQ6534AL5F2BEV,0,0,0,0,1,2208试验口径,"[{""purpose_scope"":""2208试验口径"",""source_record_ids"":""old-70-Word97--0-8"",""source_observation_date_upper"":""2023-10-18"",""source_file"":""原件/免征目录/mf_batch70.doc"",""source_sha256"":""29b9f5df62602e114f0ed01426c185fdb15a654022cdf16d4df624bb736ed813"",""firm_route_basis"":""原件企业合并格/上下文候选；非登记实体认证""}]",0,按来源/日期/配置版本分别答复；同型号合并附件不等于同配置或逐车资格认证
东风汽车集团有限公司,EQ7000AL1F2BEV,0,0,0,1,1,92逐车资格;2208试验口径,"[{""purpose_scope"":""92逐车资格"",""source_record_ids"":""new-05-cell-4723;new-06-cell-5317"",""source_observation_date_upper"":""2024-05-20"",""source_file"":""原件/减免目录/cat_batch5.doc"",""source_sha256"":""be8c8373f926e8b033304f06a62d92b0f0fc066accc6841864c3fd414bc506ab"",""firm_route_basis"":""原记录firm_raw""},{""purpose_scope"":""2208试验口径"",""source_record_ids"":""old-60-Word97--0-14"",""source_observation_date_upper"":""2022-11-09"",""source_file"":""原件/免征目录/mf_batch60.doc"",""source_sha256"":""aabd19e9a0955380873798454b18b3bb15c87937dffcbb0ccfab2eae3bf3551b"",""firm_route_basis"":""原记录firm_raw""}]",0,按来源/日期/配置版本分别答复；同型号合并附件不等于同配置或逐车资格认证
东风汽车集团有限公司,EQ7000FA2F1BEV,0,0,0,0,1,2208试验口径,"[{""purpose_scope"":""2208试验口径"",""source_record_ids"":""old-25-Word97--0-62"",""source_observation_date_upper"":""2019-06-12"",""source_file"":""原件/免征目录/mf_batch25.wps"",""source_sha256"":""9d2abe319463522513fe9c90f98bb8d0a825b599267d0b3cc403cec9624b3297"",""firm_route_basis"":""原件企业合并格/上下文候选；非登记实体认证""}]",0,按来源/日期/配置版本分别答复；同型号合并附件不等于同配置或逐车资格认证
东风汽车集团有限公司,EQ7000FD2F2BEV,0,0,0,0,1,2208试验口径,"[{""purpose_scope"":""2208试验口径"",""source_record_ids"":""old-34-Word97--0-7"",""source_observation_date_upper"":""2020-08-24"",""source_file"":""原件/免征目录/mf_batch34.doc"",""source_sha256"":""d5c5bb03cc5fe0f16b284048e265ad35d62c12c0416f14aef0ce026a229aa831"",""firm_route_basis"":""原记录firm_raw""}]",0,按来源/日期/配置版本分别答复；同型号合并附件不等于同配置或逐车资格认证
东风汽车集团有限公司,EQ7000FD2F3BEV,0,0,0,0,1,2208试验口径,"[{""purpose_scope"":""2208试验口径"",""source_record_ids"":""old-60-Word97--0-16"",""source_observation_date_upper"":""2022-11-09"",""source_file"":""原件/免征目录/mf_batch60.doc"",""source_sha256"":""aabd19e9a0955380873798454b18b3bb15c87937dffcbb0ccfab2eae3bf3551b"",""firm_route_basis"":""原记录firm_raw""}]",0,按来源/日期/配置版本分别答复；同型号合并附件不等于同配置或逐车资格认证
东风汽车集团有限公司,EQ7000FL2F1BEV,0,0,0,0,1,2208试验口径,"[{""purpose_scope"":""2208试验口径"",""source_record_ids"":""old-25-Word97--0-63"",""source_observation_date_upper"":""2019-06-12"",""source_file"":""原件/免征目录/mf_batch25.wps"",""source_sha256"":""9d2abe319463522513fe9c90f98bb8d0a825b599267d0b3cc403cec9624b3297"",""firm_route_basis"":""原件企业合并格/上下文候选；非登记实体认证""}]",0,按来源/日期/配置版本分别答复；同型号合并附件不等于同配置或逐车资格认证
东风汽车集团有限公司,EQ7000FR2F1BEV,0,0,0,0,1,2208试验口径,"[{""purpose_scope"":""2208试验口径"",""source_record_ids"":""old-25-Word97--0-64"",""source_observation_date_upper"":""2019-06-12"",""source_file"":""原件/免征目录/mf_batch25.wps"",""source_sha256"":""9d2abe319463522513fe9c90f98bb8d0a825b599267d0b3cc403cec9624b3297"",""firm_route_basis"":""原件企业合并格/上下文候选；非登记实体认证""}]",0,按来源/日期/配置版本分别答复；同型号合并附件不等于同配置或逐车资格认证
东风汽车集团有限公司,EQ7000FR2F2BEV,0,0,0,0,1,2208试验口径,"[{""purpose_scope"":""2208试验口径"",""source_record_ids"":""old-34-Word97--0-8"",""source_observation_date_upper"":""2020-08-24"",""source_file"":""原件/免征目录/mf_batch34.doc"",""source_sha256"":""d5c5bb03cc5fe0f16b284048e265ad35d62c12c0416f14aef0ce026a229aa831"",""firm_route_basis"":""原件企业合并格/上下文候选；非登记实体认证""}]",0,按来源/日期/配置版本分别答复；同型号合并附件不等于同配置或逐车资格认证
东风汽车集团有限公司,EQ7000FS2F1BEV,0,0,0,0,1,2208试验口径,"[{""purpose_scope"":""2208试验口径"",""source_record_ids"":""old-25-Word97--0-65"",""source_observation_date_upper"":""2019-06-12"",""source_file"":""原件/免征目录/mf_batch25.wps"",""source_sha256"":""9d2abe319463522513fe9c90f98bb8d0a825b599267d0b3cc403cec9624b3297"",""firm_route_basis"":""原件企业合并格/上下文候选；非登记实体认证""}]",0,按来源/日期/配置版本分别答复；同型号合并附件不等于同配置或逐车资格认证
东风汽车集团有限公司,EQ7000FV2F1BEV,0,0,0,0,1,2208试验口径,"[{""purpose_scope"":""2208试验口径"",""source_record_ids"":""old-25-Word97--0-66"",""source_observation_date_upper"":""2019-06-12"",""source_file"":""原件/免征目录/mf_batch25.wps"",""source_sha256"":""9d2abe319463522513fe9c90f98bb8d0a825b599267d0b3cc403cec9624b3297"",""firm_route_basis"":""原件企业合并格/上下文候选；非登记实体认证""}]",0,按来源/日期/配置版本分别答复；同型号合并附件不等于同配置或逐车资格认证
东风汽车集团有限公司,EQ7001AL1F2BEV,0,0,0,1,1,92逐车资格;2208试验口径,"[{""purpose_scope"":""92逐车资格"",""source_record_ids"":""new-04-cell-3434;new-06-cell-4945"",""source_observation_date_upper"":""2024-04-15"",""source_file"":""原件/减免目录/cat_batch4.doc"",""source_sha256"":""e6d4f6d7e11833351bf9e247aa8032273ad029b83385189b0ffebd81d10b8ce6"",""firm_route_basis"":""原件企业合并格/上下文候选；非登记实体认证""},{""purpose_scope"":""2208试验口径"",""source_record_ids"":""old-60-Word97--0-21"",""source_observation_date_upper"":""2022-11-09"",""source_file"":""原件/免征目录/mf_batch60.doc"",""source_sha256"":""aabd19e9a0955380873798454b18b3bb15c87937dffcbb0ccfab2eae3bf3551b"",""firm_route_basis"":""原记录firm_raw""}]",0,按来源/日期/配置版本分别答复；同型号合并附件不等于同配置或逐车资格认证
东风汽车集团有限公司,EQ7002AL1F2BEV,0,0,0,0,1,2208试验口径,"[{""purpose_scope"":""2208试验口径"",""source_record_ids"":""old-70-Word97--0-9"",""source_observation_date_upper"":""2023-10-18"",""source_file"":""原件/免征目录/mf_batch70.doc"",""source_sha256"":""29b9f5df62602e114f0ed01426c185fdb15a654022cdf16d4df624bb736ed813"",""firm_route_basis"":""原件企业合并格/上下文候选；非登记实体认证""}]",0,按来源/日期/配置版本分别答复；同型号合并附件不等于同配置或逐车资格认证
