file_relative_to_audit,sha256,bytes,purpose
round5/reconstruction/data_v1_5/研究数据/参数版本_原值与计算代理.csv,d72dddbc280eec061894e39321c0cf37a2b3b0ec89bdbe1623614616604888ab,6774326,逐行来源/公开接洽入口/本轮有界核查回执；公开入口不等于原报告持有人认证
round5/reconstruction/data_v1_5/研究数据/参数版本_字段勘误生效视图.csv,93b6dbbf41cdaada23f286f4ca3b4923b5b71ccbe6be117e2dedbd02626355c4,14074707,逐行来源/公开接洽入口/本轮有界核查回执；公开入口不等于原报告持有人认证
round5/reconstruction/data_v1_5/研究数据/资格事件_逐原件连接.csv,725eb3c0fdabef8112dff848047410bd861ff8e50f8c0028116400bb6e4e7b61,2865026,逐行来源/公开接洽入口/本轮有界核查回执；公开入口不等于原报告持有人认证
round5/requirements/19配置版本_低温报告优先待补清单.csv,df9b4f04cab894bdfcc7e81f45d03c875b82d8de456e35cbdbab2cdbb715f45b,7531,逐行来源/公开接洽入口/本轮有界核查回执；公开入口不等于原报告持有人认证
round5/requirements/2208数值可用型号_公告前试验工况待核清单.csv,edcf7902bd769ea9a4ee01328856c13f7e44336328e0e3ee9f5f1cf918104009,3329180,逐行来源/公开接洽入口/本轮有界核查回执；公开入口不等于原报告持有人认证
round5/requirements/285配置版本_跨目录身份材料待补清单.csv,1a62a665fe524cb4ef9be60da4fb5e0c9303b72311eb7ff798dda9893503fb82,157788,逐行来源/公开接洽入口/本轮有界核查回执；公开入口不等于原报告持有人认证
round5/requirements/32型号_区间跨阈值优先配置材料清单.csv,cdf6e2389011c922bd561964f17c7178250459823d1c35ff744271a9ee866d7c,33738,逐行来源/公开接洽入口/本轮有界核查回执；公开入口不等于原报告持有人认证
round5/requirements/4型号_单项跨阈值补充清单.csv,d292945b401d6d1842722e81ea2b5c1c14b3627959b5575b39126fb5dd39a958,4807,逐行来源/公开接洽入口/本轮有界核查回执；公开入口不等于原报告持有人认证
round5/requirements/92再申报型号_逐车材料待补清单.csv,87c7332724de9e12073ff08972bfbf369c446bebf38f2d4c605ce51cadbf57d6,47231,逐行来源/公开接洽入口/本轮有界核查回执；公开入口不等于原报告持有人认证
round5/requirements/仅1型号_公告前真实原空字段待补.csv,88417cf8a451db9b7e437a781f4ecc16796bd9ee264f880fe3b4f94da3f31118,789,逐行来源/公开接洽入口/本轮有界核查回执；公开入口不等于原报告持有人认证
round8/final_gap_status/计数与交叉核查.json,5b613c567e7c73960636e0332b6ecaba8a06a3d48ccdacbea43e90b69e9e64cb,16428,逐行来源/公开接洽入口/本轮有界核查回执；公开入口不等于原报告持有人认证
round8/jx_public_final_pass/raw/jmc_common.js,e5267fb171b40aacf3fdd9d88786de67da9dbcede0c59a93fe83b81deb620689,146364,逐行来源/公开接洽入口/本轮有界核查回执；公开入口不等于原报告持有人认证
round8/jx_public_final_pass/raw/jmc_common.js.receipt.json,f2fc35602e1df172d6479de108cccc5ccfc5367aaa1cffea43c9eb909d78e7b8,1594,逐行来源/公开接洽入口/本轮有界核查回执；公开入口不等于原报告持有人认证
round9/public_configuration/public_configuration_summary.json,51aa1f4d5f7ee87732ca1af8c8738eddc5ca06e06709791d65bbd4d7ed1901a3,2439,逐行来源/公开接洽入口/本轮有界核查回执；公开入口不等于原报告持有人认证
round9/public_cycle/public_cycle_summary.json,cd8d3b8fea1f5351ed0c8a725ce125445df4c0ecec906470149ef1cf5eea94d1,2289,逐行来源/公开接洽入口/本轮有界核查回执；公开入口不等于原报告持有人认证
round9/public_jx_extended/jx_extended_summary.json,3645910c2ed14711a3dfadbabe4c85df39318b9c1468c1c9d03f8c2aa0033fbf,876,逐行来源/公开接洽入口/本轮有界核查回执；公开入口不等于原报告持有人认证
round9/public_lowtemp/portals/dfxiaokang.html.receipt.json,8ec9ff5b5f38be44803d19b1735a59f2d91d5033b77d3fe2116d650ebe3b09c8,410,逐行来源/公开接洽入口/本轮有界核查回执；公开入口不等于原报告持有人认证
round9/public_lowtemp/portals/gac_toyota.html,8aef40403e2082252cee07184b1e3054a8996017e40f77709c518bb0358bd03f,16376,逐行来源/公开接洽入口/本轮有界核查回执；公开入口不等于原报告持有人认证
round9/public_lowtemp/portals/gac_toyota.html.receipt.json,976298a827ac97bef3941df0c443bfa356091e556dadde98af02f7d1d82314ac,1138,逐行来源/公开接洽入口/本轮有界核查回执；公开入口不等于原报告持有人认证
round9/public_lowtemp/portals/yema.html.receipt.json,f892031b8c07960d105477466348be53986e8564d88eaa9d8e086f7a03700dbb,426,逐行来源/公开接洽入口/本轮有界核查回执；公开入口不等于原报告持有人认证
round9/public_lowtemp/public_lowtemp_summary.json,9b4552670a2b8b76978a43b36652f14f852c87b04cd67d6730b7ada540f95b70,2607,逐行来源/公开接洽入口/本轮有界核查回执；公开入口不等于原报告持有人认证
round9/public_lowtemp/test_portals/gatc_https.html,a183307910b2ea810ed6e25a312062c95f7215c33e9bd67d4cbaf4efb707fa1a,69963,逐行来源/公开接洽入口/本轮有界核查回执；公开入口不等于原报告持有人认证
round9/public_lowtemp/test_portals/nb_contact.html,2582608d21c8a4c6b92ca6d6175cea654dcf99beb4b4814c5c3ce0ed8098aa87,22407,逐行来源/公开接洽入口/本轮有界核查回执；公开入口不等于原报告持有人认证
round9/public_lowtemp/test_portals/smvic_cert.html,78f79e65f3c0186ccac7bd9c1c0edd5d6eaed4d3d5c8dd62fc93970898730d9d,591944,逐行来源/公开接洽入口/本轮有界核查回执；公开入口不等于原报告持有人认证
round9/public_lowtemp/test_portals/smvic_contacts.html.receipt.json,6ac4b3f56a6ed6f706d3256223e94be6b6329703364fcb84c01211c3b3691586,646,逐行来源/公开接洽入口/本轮有界核查回执；公开入口不等于原报告持有人认证
round9/public_lowtemp/test_portals/tatc.html,ec6b861b8c7e519473ecc1d1d58d8c40e4ee25c30d61aa3f1dde6f97d0a84d27,19340,逐行来源/公开接洽入口/本轮有界核查回执；公开入口不等于原报告持有人认证
round9/public_lowtemp/test_portals/tatc_public_contact.json,bda7beee4f0dead434db0ac5dd6a015c0ed41d04760da18711b9614b2caac240,1112,逐行来源/公开接洽入口/本轮有界核查回执；公开入口不等于原报告持有人认证
round9/public_lowtemp/公开检测机构询证入口_不认定原报告归属.csv,b9abda50a3c52c4e7553d1cf78db46da9be2ab4b575f12f19369f5b032b77773,1384,逐行来源/公开接洽入口/本轮有界核查回执；公开入口不等于原报告持有人认证
round9/user_handoff/contact_sources/baw_contact.receipt.json,912f4f2d488e470f403c59dcead4f97f27b2dd05275887622f5a91cb96deb4f7,699,逐行来源/公开接洽入口/本轮有界核查回执；公开入口不等于原报告持有人认证
round9/user_handoff/contact_sources/baw_contact.txt,305a513a4f15773f320704e0640034947ff1cfdcc7849135880672c96f3b349a,4304,逐行来源/公开接洽入口/本轮有界核查回执；公开入口不等于原报告持有人认证
round9/user_handoff/contact_sources/jmev_about.receipt.json,cc7ac155f83943adec2000ff0ebd4fc7b95eb75e5a93b39b0e90d9ff3cc20410,663,逐行来源/公开接洽入口/本轮有界核查回执；公开入口不等于原报告持有人认证
round9/user_handoff/contact_sources/jmev_about.txt,766b9e92b3a0827a7d445643ef2a53ee2229c1b082b9e9a6431a2053600381f5,16194,逐行来源/公开接洽入口/本轮有界核查回执；公开入口不等于原报告持有人认证
round9/user_handoff/contact_sources/sgmw_after_sale.receipt.json,837a5dd0d7bce57183946feacdcecf21a2f70a3492434d5368ada4df06ceed4e,705,逐行来源/公开接洽入口/本轮有界核查回执；公开入口不等于原报告持有人认证
round9/user_handoff/contact_sources/sgmw_after_sale.txt,0a700b0faefa966d0e145be36d773d0d4a9e0a9b15f48577dc0d4d3f21ce4a54,87081,逐行来源/公开接洽入口/本轮有界核查回执；公开入口不等于原报告持有人认证
