record_key,model_key,request_applyId_raw,source_list_file,source_list_json_pointer,source_list_sha256,source_list_observed_utc,source_publicTime_raw,detail_file,receipt_file,detail_bytes,detail_sha256,detail_observed_utc,http_and_business_model_and_integrity_pass,applyId_echo_raw,uniqId_echo_raw,unique_id_echo_certified,info_field_count,testBasisStandard_raw,formal_standard_literal_occurrences,formal_standard_literals_json,list_vs_detail_shared_nonnull_differences,date_or_time_named_info_fields,frozen_cycle_or_tax_configuration_closed
old:d71396bb0ee54e29a57ce1f9dbde82c1:67d498eee4c4c415c64f99775e570f68c6dd58fce60229b955fe8cb0b82161d7,JWEVP4WD,d71396bb0ee54e29a57ce1f9dbde82c1,old_currentPage/page0001_response.json,/info/list/71,fefd9e91800ea3dc5f6ee7acc1741ea29c2a680a9d934bdde0117f4a417ad088,2026-10-09T09:50:02.091237+00:00,2024-06,raw/detail00001_d71396bb0ee54e29a57ce1f9dbde82c1_attempt01_response.json,raw/detail00001_d71396bb0ee54e29a57ce1f9dbde82c1_attempt01_receipt.json,1502,e370ab452992f5b28884b0b13007b163d424850845925699bd9cec15f69e48d2,2026-10-09T11:13:19.636429+00:00,True,,,False,35,GB/T 18386.1-2021,2,"[""GB/T 18386.1-2021""]",0,0,False
old:465b7c44071e4569a7640beef96c428f:ab1e1d725c48edb2e0da2da2b45d7ec598038655ef1b920a4ce8745eea811ba8,HXK7000BEVA10,465b7c44071e4569a7640beef96c428f,old_currentPage/page0001_response.json,/info/list/78,fefd9e91800ea3dc5f6ee7acc1741ea29c2a680a9d934bdde0117f4a417ad088,2026-10-09T09:50:02.091237+00:00,2024-06,raw/detail00002_465b7c44071e4569a7640beef96c428f_attempt01_response.json,raw/detail00002_465b7c44071e4569a7640beef96c428f_attempt01_receipt.json,1527,8a2f43ba8e1d262f5c172b54990cf1ee7ced6281720eecaf9b2e2019318b00f0,2026-10-09T11:13:22.114229+00:00,True,,,False,35,GB/T 18386.1-2021,2,"[""GB/T 18386.1-2021""]",0,0,False
old:8b759e65e06f4d77b681a43a16be535e:dbd74a026193664551fef0cc9a30b58fe9c6acbf199d61d36351774096dcb669,JWEV2WD,8b759e65e06f4d77b681a43a16be535e,old_currentPage/page0001_response.json,/info/list/103,fefd9e91800ea3dc5f6ee7acc1741ea29c2a680a9d934bdde0117f4a417ad088,2026-10-09T09:50:02.091237+00:00,2024-06,raw/detail00003_8b759e65e06f4d77b681a43a16be535e_attempt01_response.json,raw/detail00003_8b759e65e06f4d77b681a43a16be535e_attempt01_receipt.json,1507,8d1ab764152c454d142897ecf130ce94803eca2b4e181ca54a11cca91d2a7503,2026-10-09T11:13:24.114375+00:00,True,,,False,35,GB/T 18386.1-2021,2,"[""GB/T 18386.1-2021""]",0,0,False
old:f66a9d7208df47f6975e7cdb95542301:918e688f5355d42dbbd97b5815f44984d2807be5fa100fa7d39370c37c6dad43,CSA7002XBEV4,f66a9d7208df47f6975e7cdb95542301,old_currentPage/page0002_response.json,/info/list/36,3d42ce220d4484ce7b4692ccabb7878da3e0686e764ba7d01ba17f771e0e3028,2026-10-09T09:50:08.109392+00:00,2024-06,raw/detail00004_f66a9d7208df47f6975e7cdb95542301_attempt01_response.json,raw/detail00004_f66a9d7208df47f6975e7cdb95542301_attempt01_receipt.json,1614,6f29ad1b2b4803e780e035c355acb2b8774a788a7471997c33e9a20463da66d9,2026-10-09T11:13:26.114589+00:00,True,,,False,35,GB/T 18386.1-2021,2,"[""GB/T 18386.1-2021""]",0,0,False
old:181bc786c0c14a62895eac5b9c2a7242:f8dd66df2d8d7a1c2f0424f7dcd426be440296a82c82d216b1185bb24a87f5c2,HXK7000BEVA16,181bc786c0c14a62895eac5b9c2a7242,old_currentPage/page0002_response.json,/info/list/74,3d42ce220d4484ce7b4692ccabb7878da3e0686e764ba7d01ba17f771e0e3028,2026-10-09T09:50:08.109392+00:00,2024-06,raw/detail00005_181bc786c0c14a62895eac5b9c2a7242_attempt01_response.json,raw/detail00005_181bc786c0c14a62895eac5b9c2a7242_attempt01_receipt.json,1528,69294a098d938ae2a8b03114b2d0d06bfa21c0fd063b9786df2c5d5666efff41,2026-10-09T11:13:29.838567+00:00,True,,,False,35,GB/T 18386.1-2021,2,"[""GB/T 18386.1-2021""]",0,0,False
old:1c57eaff2aaa48e4b1242e255ae65ee6:678e3cf94c49f74d04e91ac42bdd69c988e72fe38bc39079126afe5497fa80ec,CGC6481BEV2P1,1c57eaff2aaa48e4b1242e255ae65ee6,old_currentPage/page0002_response.json,/info/list/103,3d42ce220d4484ce7b4692ccabb7878da3e0686e764ba7d01ba17f771e0e3028,2026-10-09T09:50:08.109392+00:00,2024-06,raw/detail00006_1c57eaff2aaa48e4b1242e255ae65ee6_attempt01_response.json,raw/detail00006_1c57eaff2aaa48e4b1242e255ae65ee6_attempt01_receipt.json,1534,0eef11a36050c49a09c80a3dc17339ea7e250f0f58cf19b345ed98109e1ab826,2026-10-09T11:13:31.838686+00:00,True,,,False,35,BJ_18386_2017,1,"[""GB/T 18386-2017""]",0,0,False
old:b3715862620f437dbbba9001eac56741:44973c2f91f448e8bcfb76801f7033d2728273fbc3d8d59ea0238e95a7620c6c,CSA7002XBEV4,b3715862620f437dbbba9001eac56741,old_currentPage/page0003_response.json,/info/list/59,25444f57cb6cc46bd3d341be9b19159e171c8d3522f5dd5323e7daffbafad7fc,2026-10-09T09:50:15.315623+00:00,2024-06,raw/detail00007_b3715862620f437dbbba9001eac56741_attempt01_response.json,raw/detail00007_b3715862620f437dbbba9001eac56741_attempt01_receipt.json,1614,6f29ad1b2b4803e780e035c355acb2b8774a788a7471997c33e9a20463da66d9,2026-10-09T11:13:33.838860+00:00,True,,,False,35,GB/T 18386.1-2021,2,"[""GB/T 18386.1-2021""]",0,0,False
old:3e79bec61bd14524a52089e8f81fab16:1c3b1d61a934cbf08b751d2e1a4688b994e716bc394526fe0b94913b1b98ce4e,RG3EV4WD,3e79bec61bd14524a52089e8f81fab16,old_currentPage/page0003_response.json,/info/list/67,25444f57cb6cc46bd3d341be9b19159e171c8d3522f5dd5323e7daffbafad7fc,2026-10-09T09:50:15.315623+00:00,2024-06,raw/detail00008_3e79bec61bd14524a52089e8f81fab16_attempt01_response.json,raw/detail00008_3e79bec61bd14524a52089e8f81fab16_attempt01_receipt.json,1505,e2a5bf482be7f57823e7b6874fd9ef3b22420e1a14def98c7a2e72c171f7217f,2026-10-09T11:13:35.839102+00:00,True,,,False,35,GB/T 18386.1-2021,2,"[""GB/T 18386.1-2021""]",0,0,False
old:194d181df12642689d258931582ae618:3f9a0b4f1f6602350508564ae1e36ac3020ee67a7289bb1b35fd881090c9c74e,HFC7002BSEV2,194d181df12642689d258931582ae618,old_currentPage/page0003_response.json,/info/list/130,25444f57cb6cc46bd3d341be9b19159e171c8d3522f5dd5323e7daffbafad7fc,2026-10-09T09:50:15.315623+00:00,2024-06,raw/detail00009_194d181df12642689d258931582ae618_attempt01_response.json,raw/detail00009_194d181df12642689d258931582ae618_attempt01_receipt.json,1605,02826471dc9833d22e5ecd15c304c1ba7b3e245ad01245b6b1dcf88e5fd59624,2026-10-09T11:13:37.839350+00:00,True,,,False,35,GB/T 18386.1-2021,2,"[""GB/T 18386.1-2021""]",0,0,False
old:8aa5032039a94713b6451acf68c3ea7c:33b19abef601020e7c02d4897b05d68614f1afb57f2a914058e31fa9ae6ac77f,SC6453BBBBEV,8aa5032039a94713b6451acf68c3ea7c,old_currentPage/page0003_response.json,/info/list/192,25444f57cb6cc46bd3d341be9b19159e171c8d3522f5dd5323e7daffbafad7fc,2026-10-09T09:50:15.315623+00:00,2024-05,raw/detail00010_8aa5032039a94713b6451acf68c3ea7c_attempt01_response.json,raw/detail00010_8aa5032039a94713b6451acf68c3ea7c_attempt01_receipt.json,1617,934de6b95611e16e3aec85031b4ec46fdf78374e8d9c5548966c6619570c3416,2026-10-09T11:13:40.322514+00:00,True,,,False,35,GB/T 18386.1-2021,3,"[""GB/T 18386.1-2021""]",0,0,False
old:39c2efd2d2db4dbd939f2801aa9a8147:4184dfdf8ae2af549f3650ad0021ac5527f37498cb739c621bb3c599e2e521d7,SC6453BBABEV,39c2efd2d2db4dbd939f2801aa9a8147,old_currentPage/page0004_response.json,/info/list/4,f851684be820cd9302ff472bf775ca955a68b8568f79126ca2d5e48e8b80bfe7,2026-10-09T09:50:21.629105+00:00,2024-05,raw/detail00011_39c2efd2d2db4dbd939f2801aa9a8147_attempt01_response.json,raw/detail00011_39c2efd2d2db4dbd939f2801aa9a8147_attempt01_receipt.json,1617,cadb0ed0d50a1d186271a6959a58c600f3a6b9eb8ec975980a21a1433e2733a3,2026-10-09T11:14:24.571209+00:00,True,,,False,35,GB/T 18386.1-2021,3,"[""GB/T 18386.1-2021""]",0,0,False
old:9054309b35f2449e9d9146b5307d735a:3edd6636968b670a617ebd87a53df91459e267ca932afd3155d53a6694c3334f,SC6453BAABEV,9054309b35f2449e9d9146b5307d735a,old_currentPage/page0004_response.json,/info/list/25,f851684be820cd9302ff472bf775ca955a68b8568f79126ca2d5e48e8b80bfe7,2026-10-09T09:50:21.629105+00:00,2024-05,raw/detail00012_9054309b35f2449e9d9146b5307d735a_attempt01_response.json,raw/detail00012_9054309b35f2449e9d9146b5307d735a_attempt01_receipt.json,1489,f444185cfddacee9f011d37e994f065246fe605ff32f0310f780f81ac56fe246,2026-10-09T11:14:31.172806+00:00,True,,,False,35,BJ_18386_2017,1,"[""GB/T 18386-2017""]",0,0,False
old:ab6bbc1d2ed943aba1b5af3187226d64:73399a3e159e677f98afe077ab52fb137b8bc03b4b3836e887be1a88c3bf4df6,GAM7000BEVE0J,ab6bbc1d2ed943aba1b5af3187226d64,old_currentPage/page0004_response.json,/info/list/27,f851684be820cd9302ff472bf775ca955a68b8568f79126ca2d5e48e8b80bfe7,2026-10-09T09:50:21.629105+00:00,2024-05,raw/detail00013_ab6bbc1d2ed943aba1b5af3187226d64_attempt01_response.json,raw/detail00013_ab6bbc1d2ed943aba1b5af3187226d64_attempt01_receipt.json,1562,bdcb9ddd0c82c797d8e71d6831134d72fe504b1d13982df9863fe9894d295535,2026-10-09T11:14:35.724862+00:00,True,,,False,35,GB/T 18386.1-2021,2,"[""GB/T 18386.1-2021""]",0,0,False
old:e9377f8cd2824028bf4a125761483856:d8eeb5f2d93dd031209633fb967d4d1c2830b66efae091294693894d838b22e7,JX6556T-M6BEV,e9377f8cd2824028bf4a125761483856,old_currentPage/page0004_response.json,/info/list/28,f851684be820cd9302ff472bf775ca955a68b8568f79126ca2d5e48e8b80bfe7,2026-10-09T09:50:21.629105+00:00,2024-05,raw/detail00014_e9377f8cd2824028bf4a125761483856_attempt01_response.json,raw/detail00014_e9377f8cd2824028bf4a125761483856_attempt01_receipt.json,1599,6b8bd4b7a22c275ed150db9aea8001f2325294c9c9a1b8237ac3e928cb0d4e0d,2026-10-09T11:14:38.963561+00:00,True,,,False,35,GB/T 18386.1-2021,2,"[""GB/T 18386.1-2021""]",0,0,False
old:599ec08c3b294caa887b9258b6ee3e4f:dc5f87ba8b70e830290b6e3b4e09787dc11ebcb715433808bbac31818afec641,JX6556TC-M6BEV,599ec08c3b294caa887b9258b6ee3e4f,old_currentPage/page0004_response.json,/info/list/32,f851684be820cd9302ff472bf775ca955a68b8568f79126ca2d5e48e8b80bfe7,2026-10-09T09:50:21.629105+00:00,2024-05,raw/detail00015_599ec08c3b294caa887b9258b6ee3e4f_attempt01_response.json,raw/detail00015_599ec08c3b294caa887b9258b6ee3e4f_attempt01_receipt.json,1600,1eefc7d720cdd748ddeffa2b411b0d36ab99e5b19f6169b87dc283abfef17821,2026-10-09T11:14:40.963679+00:00,True,,,False,35,GB/T 18386.1-2021,2,"[""GB/T 18386.1-2021""]",0,0,False
old:732a5095cd174336b6351f22412e1406:eb8df6b63567f4251917a7d974a734336b61f18e8fefcba6f51fc7cae8394b75,JX6556TB-M6BEV,732a5095cd174336b6351f22412e1406,old_currentPage/page0004_response.json,/info/list/35,f851684be820cd9302ff472bf775ca955a68b8568f79126ca2d5e48e8b80bfe7,2026-10-09T09:50:21.629105+00:00,2024-05,raw/detail00016_732a5095cd174336b6351f22412e1406_attempt01_response.json,raw/detail00016_732a5095cd174336b6351f22412e1406_attempt01_receipt.json,1600,d57ad60c47f802d212ee2b2489d84bc5ef9d75bc6a8977669462282f43e7787f,2026-10-09T11:14:44.491310+00:00,True,,,False,35,GB/T 18386.1-2021,2,"[""GB/T 18386.1-2021""]",0,0,False
old:f829e59a6040465ca5cae4ff8277003c:15151ff942a24a3140400fe87fc4fe763c38bd5770689e65eaed39ac2b97235f,SC6483AAABEV,f829e59a6040465ca5cae4ff8277003c,old_currentPage/page0004_response.json,/info/list/37,f851684be820cd9302ff472bf775ca955a68b8568f79126ca2d5e48e8b80bfe7,2026-10-09T09:50:21.629105+00:00,2024-05,raw/detail00017_f829e59a6040465ca5cae4ff8277003c_attempt01_response.json,raw/detail00017_f829e59a6040465ca5cae4ff8277003c_attempt01_receipt.json,1489,2f7b569fc2084edb3d4a32eadc62f3bed7c23808e444622a9bb5ea05154aa366,2026-10-09T11:14:46.491488+00:00,True,,,False,35,BJ_18386_2017,1,"[""GB/T 18386-2017""]",0,0,False
old:dda3f862c77944b89c82ab681377bfb7:bdaea887c4ece7e1f89ba361fc4938ead57922851477eab5122fae15f2ef75d7,SC6483ABBBEV,dda3f862c77944b89c82ab681377bfb7,old_currentPage/page0004_response.json,/info/list/44,f851684be820cd9302ff472bf775ca955a68b8568f79126ca2d5e48e8b80bfe7,2026-10-09T09:50:21.629105+00:00,2024-05,raw/detail00018_dda3f862c77944b89c82ab681377bfb7_attempt01_response.json,raw/detail00018_dda3f862c77944b89c82ab681377bfb7_attempt01_receipt.json,1617,f9699249539efc35ca32f7dee9d831b9453f0920ba21cfe5e8af4cb859e09577,2026-10-09T11:14:48.491699+00:00,True,,,False,35,GB/T 18386.1-2021,3,"[""GB/T 18386.1-2021""]",0,0,False
old:82bdfe92510d405d8274cba1927ec2e8:1a98a1dec3ddf64f94423e81cf8acb91a8ceb7949024f75add93e701d45df4a2,SC6483ABBBEV,82bdfe92510d405d8274cba1927ec2e8,old_currentPage/page0004_response.json,/info/list/45,f851684be820cd9302ff472bf775ca955a68b8568f79126ca2d5e48e8b80bfe7,2026-10-09T09:50:21.629105+00:00,2024-05,raw/detail00019_82bdfe92510d405d8274cba1927ec2e8_attempt01_response.json,raw/detail00019_82bdfe92510d405d8274cba1927ec2e8_attempt01_receipt.json,1617,f9699249539efc35ca32f7dee9d831b9453f0920ba21cfe5e8af4cb859e09577,2026-10-09T11:14:50.491893+00:00,True,,,False,35,GB/T 18386.1-2021,3,"[""GB/T 18386.1-2021""]",0,0,False
old:45debd28763740f485908f88f61bedb5:e64f5540d10375eeb1752cbe50501274290d78a492f24cd3d3ed7794852cded4,SC6483ABABEV,45debd28763740f485908f88f61bedb5,old_currentPage/page0004_response.json,/info/list/47,f851684be820cd9302ff472bf775ca955a68b8568f79126ca2d5e48e8b80bfe7,2026-10-09T09:50:21.629105+00:00,2024-05,raw/detail00020_45debd28763740f485908f88f61bedb5_attempt01_response.json,raw/detail00020_45debd28763740f485908f88f61bedb5_attempt01_receipt.json,1617,5f1bd29d8b89be1c33e855878ea97b801f2f4dafb981cc973fb5679a7a27e027,2026-10-09T11:14:52.492070+00:00,True,,,False,35,GB/T 18386.1-2021,3,"[""GB/T 18386.1-2021""]",0,0,False
old:0773c666698b4ff0845ade099c863d85:12063b137b151c8ae70532090ec5dc27b0c2312a55c559d015b74ee56aeaab0b,GAM6450BEVD0D,0773c666698b4ff0845ade099c863d85,old_currentPage/page0004_response.json,/info/list/50,f851684be820cd9302ff472bf775ca955a68b8568f79126ca2d5e48e8b80bfe7,2026-10-09T09:50:21.629105+00:00,2024-05,raw/detail00021_0773c666698b4ff0845ade099c863d85_attempt01_response.json,raw/detail00021_0773c666698b4ff0845ade099c863d85_attempt01_receipt.json,1475,08157b0074b4fdb2836d33329056cac95d3e57ddd990e4f26f5622e836406021,2026-10-09T11:14:54.492333+00:00,True,,,False,35,GB/T18386.1-2021,2,"[""GB/T18386.1-2021""]",0,0,False
old:59d252bcc3214fd1afbc79376b7df1c2:cb744a9add5f993ce97d7939ad55bcd8824322b0f93b810c27805d70aec15a5a,SC6453BABBEV,59d252bcc3214fd1afbc79376b7df1c2,old_currentPage/page0004_response.json,/info/list/56,f851684be820cd9302ff472bf775ca955a68b8568f79126ca2d5e48e8b80bfe7,2026-10-09T09:50:21.629105+00:00,2024-05,raw/detail00022_59d252bcc3214fd1afbc79376b7df1c2_attempt01_response.json,raw/detail00022_59d252bcc3214fd1afbc79376b7df1c2_attempt01_receipt.json,1617,be92fcc65f5a19a7aa3d30c39216f484b41f50831a2f89be731551bce6e59c0a,2026-10-09T11:14:58.539692+00:00,True,,,False,35,GB/T 18386.1-2021,3,"[""GB/T 18386.1-2021""]",0,0,False
old:26276789e01d47d18a806e3395ddfe43:c597efce00158b7c8dbd5e670db0afc5dd665cc92872d834c99622b8728b7d4e,GAM7000BEVD0P,26276789e01d47d18a806e3395ddfe43,old_currentPage/page0004_response.json,/info/list/65,f851684be820cd9302ff472bf775ca955a68b8568f79126ca2d5e48e8b80bfe7,2026-10-09T09:50:21.629105+00:00,2024-05,raw/detail00023_26276789e01d47d18a806e3395ddfe43_attempt01_response.json,raw/detail00023_26276789e01d47d18a806e3395ddfe43_attempt01_receipt.json,1469,b8bac62731afeb2ee8b28671ef82921615d5bca8cfbd14ef84c8c6ab660c43e6,2026-10-09T11:15:00.543083+00:00,True,,,False,35,GB/T18386-2017,2,"[""GB/T18386-2017""]",0,0,False
old:6975f280bb6a4d9e99df0668925d388f:2c573ee36402cc48720eaa7d865a3f3ca73500b39b54686967d3a72855bab0ea,GAM6450BEVD0G,6975f280bb6a4d9e99df0668925d388f,old_currentPage/page0004_response.json,/info/list/71,f851684be820cd9302ff472bf775ca955a68b8568f79126ca2d5e48e8b80bfe7,2026-10-09T09:50:21.629105+00:00,2024-05,raw/detail00024_6975f280bb6a4d9e99df0668925d388f_attempt01_response.json,raw/detail00024_6975f280bb6a4d9e99df0668925d388f_attempt01_receipt.json,1474,885976e764c8b477b26236dafabe3f7ecee799abb73abf900a337299a25d1076,2026-10-09T11:15:02.546053+00:00,True,,,False,35,GB/T18386.1-2021,2,"[""GB/T18386.1-2021""]",0,0,False
old:096fa1aff87c4464867aede3932da778:6b81f85aa2b80081ebb0b42c0d40d26b9154d9e39393162917ef6716803be1ce,SC6453BAABEV,096fa1aff87c4464867aede3932da778,old_currentPage/page0004_response.json,/info/list/73,f851684be820cd9302ff472bf775ca955a68b8568f79126ca2d5e48e8b80bfe7,2026-10-09T09:50:21.629105+00:00,2024-05,raw/detail00025_096fa1aff87c4464867aede3932da778_attempt01_response.json,raw/detail00025_096fa1aff87c4464867aede3932da778_attempt01_receipt.json,1489,10ec65c2cc3bb03680b2e6f6c0cc317b587561b0e0649de293842e855c1713a0,2026-10-09T11:15:04.546337+00:00,True,,,False,35,BJ_18386_2017,1,"[""GB/T 18386-2017""]",0,0,False
old:1efe110a6d794a3191e334c800e95067:e6a54721cc27eee8687abc0f2e5f52ddbda972046f2a88066fd5a6cbd841fb57,SC6483ABABEV,1efe110a6d794a3191e334c800e95067,old_currentPage/page0004_response.json,/info/list/75,f851684be820cd9302ff472bf775ca955a68b8568f79126ca2d5e48e8b80bfe7,2026-10-09T09:50:21.629105+00:00,2024-05,raw/detail00026_1efe110a6d794a3191e334c800e95067_attempt01_response.json,raw/detail00026_1efe110a6d794a3191e334c800e95067_attempt01_receipt.json,1617,5f1bd29d8b89be1c33e855878ea97b801f2f4dafb981cc973fb5679a7a27e027,2026-10-09T11:15:06.547736+00:00,True,,,False,35,GB/T 18386.1-2021,3,"[""GB/T 18386.1-2021""]",0,0,False
old:2d5f823a3762424cb874dc496fa0c3f9:48e8782e96bdd650569a184db32c0926c27076e24bce6d88c576f81bd29d222f,SC6483ABABEV,2d5f823a3762424cb874dc496fa0c3f9,old_currentPage/page0004_response.json,/info/list/83,f851684be820cd9302ff472bf775ca955a68b8568f79126ca2d5e48e8b80bfe7,2026-10-09T09:50:21.629105+00:00,2024-05,raw/detail00027_2d5f823a3762424cb874dc496fa0c3f9_attempt01_response.json,raw/detail00027_2d5f823a3762424cb874dc496fa0c3f9_attempt01_receipt.json,1617,5f1bd29d8b89be1c33e855878ea97b801f2f4dafb981cc973fb5679a7a27e027,2026-10-09T11:15:08.547945+00:00,True,,,False,35,GB/T 18386.1-2021,3,"[""GB/T 18386.1-2021""]",0,0,False
old:27829d8b6e564d38a0c64b4cb29805dc:f20bd448fa6d528436b6922b786a8a89566f96aff78007ebf6353174504010de,GAM6450BEVD0A,27829d8b6e564d38a0c64b4cb29805dc,old_currentPage/page0004_response.json,/info/list/96,f851684be820cd9302ff472bf775ca955a68b8568f79126ca2d5e48e8b80bfe7,2026-10-09T09:50:21.629105+00:00,2024-05,raw/detail00028_27829d8b6e564d38a0c64b4cb29805dc_attempt01_response.json,raw/detail00028_27829d8b6e564d38a0c64b4cb29805dc_attempt01_receipt.json,1475,24be11bf3c2bba62025dc73bf9f31451f929a2dec4bc9d21cd509138e116aabc,2026-10-09T11:15:10.548206+00:00,True,,,False,35,GB/T18386.1-2021,2,"[""GB/T18386.1-2021""]",0,0,False
old:efd1658fcd76408e8ba23e99c7e54daf:128eb006cd9b3af5340a8643885878109c50fc0a27ff9253cdd712f7fb02d498,SC6453BBABEV,efd1658fcd76408e8ba23e99c7e54daf,old_currentPage/page0004_response.json,/info/list/103,f851684be820cd9302ff472bf775ca955a68b8568f79126ca2d5e48e8b80bfe7,2026-10-09T09:50:21.629105+00:00,2024-05,raw/detail00029_efd1658fcd76408e8ba23e99c7e54daf_attempt01_response.json,raw/detail00029_efd1658fcd76408e8ba23e99c7e54daf_attempt01_receipt.json,1617,cadb0ed0d50a1d186271a6959a58c600f3a6b9eb8ec975980a21a1433e2733a3,2026-10-09T11:15:12.548405+00:00,True,,,False,35,GB/T 18386.1-2021,3,"[""GB/T 18386.1-2021""]",0,0,False
old:d2de0d9283df45b39373c6c935ec0538:78f59582130c3fc7938a0208ce69e856058b00212c4c2dd23798f147df5c0cca,SC6453BAABEV,d2de0d9283df45b39373c6c935ec0538,old_currentPage/page0004_response.json,/info/list/109,f851684be820cd9302ff472bf775ca955a68b8568f79126ca2d5e48e8b80bfe7,2026-10-09T09:50:21.629105+00:00,2024-05,raw/detail00030_d2de0d9283df45b39373c6c935ec0538_attempt01_response.json,raw/detail00030_d2de0d9283df45b39373c6c935ec0538_attempt01_receipt.json,1489,f444185cfddacee9f011d37e994f065246fe605ff32f0310f780f81ac56fe246,2026-10-09T11:15:14.548587+00:00,True,,,False,35,BJ_18386_2017,1,"[""GB/T 18386-2017""]",0,0,False
old:81f289e4a06046128b22513261f106a0:54f89b0eb81497dc0d845c020fbb7f9967fbadf4d0b163e5ec21426c507a3bc3,JX6556TC-M6BEV,81f289e4a06046128b22513261f106a0,old_currentPage/page0004_response.json,/info/list/111,f851684be820cd9302ff472bf775ca955a68b8568f79126ca2d5e48e8b80bfe7,2026-10-09T09:50:21.629105+00:00,2024-05,raw/detail00031_81f289e4a06046128b22513261f106a0_attempt01_response.json,raw/detail00031_81f289e4a06046128b22513261f106a0_attempt01_receipt.json,1600,534f3bbcfbe575945fec447e3a55cb6b0af5aa8a28ed1d24e5d135aa900c546b,2026-10-09T11:15:16.548800+00:00,True,,,False,35,GB/T 18386.1-2021,2,"[""GB/T 18386.1-2021""]",0,0,False
old:ca401e9f131441b1a8bd630c38ff6797:cb74edc15a657f82e12e83a55264d17421b9778a0645a59a5097372d05bdcf97,SC6453BAABEV,ca401e9f131441b1a8bd630c38ff6797,old_currentPage/page0004_response.json,/info/list/116,f851684be820cd9302ff472bf775ca955a68b8568f79126ca2d5e48e8b80bfe7,2026-10-09T09:50:21.629105+00:00,2024-05,raw/detail00032_ca401e9f131441b1a8bd630c38ff6797_attempt01_response.json,raw/detail00032_ca401e9f131441b1a8bd630c38ff6797_attempt01_receipt.json,1489,ee3165237846acd6a890dffc31807fc5aa738b51aefd07d3ae9538607e3b2667,2026-10-09T11:15:18.549028+00:00,True,,,False,35,BJ_18386_2017,1,"[""GB/T 18386-2017""]",0,0,False
old:b957e9d30d8049c5983a835d51574939:3a851bdf2a654901b4a93bcd738ae2cd5d5e96e171327138ddfea17036a44687,JX6556TB-M6BEV,b957e9d30d8049c5983a835d51574939,old_currentPage/page0004_response.json,/info/list/119,f851684be820cd9302ff472bf775ca955a68b8568f79126ca2d5e48e8b80bfe7,2026-10-09T09:50:21.629105+00:00,2024-05,raw/detail00033_b957e9d30d8049c5983a835d51574939_attempt01_response.json,raw/detail00033_b957e9d30d8049c5983a835d51574939_attempt01_receipt.json,1600,1b25c03165d489071935140409c3f4348d1d793ad27ad9db8498dd029ae6fe3e,2026-10-09T11:15:20.549278+00:00,True,,,False,35,GB/T 18386.1-2021,2,"[""GB/T 18386.1-2021""]",0,0,False
old:8e7836e600cd423daacc5dbd43e068e7:edad6980f684590586fd69e25944b384ba2d59efd02673af3cc28ac2b719761b,SC6453BBBBEV,8e7836e600cd423daacc5dbd43e068e7,old_currentPage/page0004_response.json,/info/list/127,f851684be820cd9302ff472bf775ca955a68b8568f79126ca2d5e48e8b80bfe7,2026-10-09T09:50:21.629105+00:00,2024-05,raw/detail00034_8e7836e600cd423daacc5dbd43e068e7_attempt01_response.json,raw/detail00034_8e7836e600cd423daacc5dbd43e068e7_attempt01_receipt.json,1617,934de6b95611e16e3aec85031b4ec46fdf78374e8d9c5548966c6619570c3416,2026-10-09T11:15:22.549504+00:00,True,,,False,35,GB/T 18386.1-2021,3,"[""GB/T 18386.1-2021""]",0,0,False
old:bca2310369884389821fb7efcb95ba7c:b3927884fe4e80faf7cfdddc6b4779c5ae4ad0f9d28a869c70b519318d53d1b0,JX6556T-M6BEV,bca2310369884389821fb7efcb95ba7c,old_currentPage/page0004_response.json,/info/list/129,f851684be820cd9302ff472bf775ca955a68b8568f79126ca2d5e48e8b80bfe7,2026-10-09T09:50:21.629105+00:00,2024-05,raw/detail00035_bca2310369884389821fb7efcb95ba7c_attempt01_response.json,raw/detail00035_bca2310369884389821fb7efcb95ba7c_attempt01_receipt.json,1599,b06477a260035fbe39dd257303f15d460af1c5ffaa95a9e4488661e65564539c,2026-10-09T11:15:24.549737+00:00,True,,,False,35,GB/T 18386.1-2021,2,"[""GB/T 18386.1-2021""]",0,0,False
old:eeada0421dee4e7386c525198df70610:11c29d1cef7d53c2fe55546006690d606aad57ec6e7f7ec2da6256d0b0c3964a,SC6453BBBBEV,eeada0421dee4e7386c525198df70610,old_currentPage/page0004_response.json,/info/list/130,f851684be820cd9302ff472bf775ca955a68b8568f79126ca2d5e48e8b80bfe7,2026-10-09T09:50:21.629105+00:00,2024-05,raw/detail00036_eeada0421dee4e7386c525198df70610_attempt01_response.json,raw/detail00036_eeada0421dee4e7386c525198df70610_attempt01_receipt.json,1617,934de6b95611e16e3aec85031b4ec46fdf78374e8d9c5548966c6619570c3416,2026-10-09T11:15:26.549940+00:00,True,,,False,35,GB/T 18386.1-2021,3,"[""GB/T 18386.1-2021""]",0,0,False
old:86d1797f70ea43e8b9676e9b5b711c49:248271fc53a5927d64cc8028b722d993bea50674413f0c0b0de63e53fd67e81c,SC6483AAABEV,86d1797f70ea43e8b9676e9b5b711c49,old_currentPage/page0004_response.json,/info/list/155,f851684be820cd9302ff472bf775ca955a68b8568f79126ca2d5e48e8b80bfe7,2026-10-09T09:50:21.629105+00:00,2024-05,raw/detail00037_86d1797f70ea43e8b9676e9b5b711c49_attempt01_response.json,raw/detail00037_86d1797f70ea43e8b9676e9b5b711c49_attempt01_receipt.json,1489,2f7b569fc2084edb3d4a32eadc62f3bed7c23808e444622a9bb5ea05154aa366,2026-10-09T11:15:28.550179+00:00,True,,,False,35,BJ_18386_2017,1,"[""GB/T 18386-2017""]",0,0,False
old:b2ac5b80154a400e879dd84624a2c50e:08b0b468f75a731fa9551b71c66b8a7e0f9d0a2466bacf9bfb4c492e0a04a3b7,SC6483ABABEV,b2ac5b80154a400e879dd84624a2c50e,old_currentPage/page0004_response.json,/info/list/161,f851684be820cd9302ff472bf775ca955a68b8568f79126ca2d5e48e8b80bfe7,2026-10-09T09:50:21.629105+00:00,2024-05,raw/detail00038_b2ac5b80154a400e879dd84624a2c50e_attempt01_response.json,raw/detail00038_b2ac5b80154a400e879dd84624a2c50e_attempt01_receipt.json,1617,5f1bd29d8b89be1c33e855878ea97b801f2f4dafb981cc973fb5679a7a27e027,2026-10-09T11:15:30.550415+00:00,True,,,False,35,GB/T 18386.1-2021,3,"[""GB/T 18386.1-2021""]",0,0,False
old:d647994e630f4f69975e4f260b2acb6d:be5a0ac766370cfb28d085b9e707464562e812b6af9acc9a44ff58629eebabbf,CA7000H0EVB,d647994e630f4f69975e4f260b2acb6d,old_currentPage/page0004_response.json,/info/list/167,f851684be820cd9302ff472bf775ca955a68b8568f79126ca2d5e48e8b80bfe7,2026-10-09T09:50:21.629105+00:00,2024-05,raw/detail00039_d647994e630f4f69975e4f260b2acb6d_attempt01_response.json,raw/detail00039_d647994e630f4f69975e4f260b2acb6d_attempt01_receipt.json,1598,13befdc1858475e2698619a19e350ef324dc73694555880f3df46421acba9fa0,2026-10-09T11:15:32.550617+00:00,True,,,False,35,GB/T 18386.1-2021,2,"[""GB/T 18386.1-2021""]",0,0,False
old:f1d21f0966624829979936e85807f295:de24c33b0bbdba764d4d2f94fec873d229c4ff867be46b34a278bb259bb65a6d,CA7000H0EVD,f1d21f0966624829979936e85807f295,old_currentPage/page0004_response.json,/info/list/178,f851684be820cd9302ff472bf775ca955a68b8568f79126ca2d5e48e8b80bfe7,2026-10-09T09:50:21.629105+00:00,2024-05,raw/detail00040_f1d21f0966624829979936e85807f295_attempt01_response.json,raw/detail00040_f1d21f0966624829979936e85807f295_attempt01_receipt.json,1598,638ade6d114724f3f7d879e9efe2d666d51ad60ad11ab09ba5ed31cdc8cd7837,2026-10-09T11:15:34.550837+00:00,True,,,False,35,GB/T 18386.1-2021,2,"[""GB/T 18386.1-2021""]",0,0,False
old:bb66682d51124b34b5aca2001c48baa4:f7efbeec8d78b9c240b824dddda298e85fc307aedb1beb417166b212b0881320,JX6556TA-M6BEV,bb66682d51124b34b5aca2001c48baa4,old_currentPage/page0004_response.json,/info/list/196,f851684be820cd9302ff472bf775ca955a68b8568f79126ca2d5e48e8b80bfe7,2026-10-09T09:50:21.629105+00:00,2024-05,raw/detail00041_bb66682d51124b34b5aca2001c48baa4_attempt01_response.json,raw/detail00041_bb66682d51124b34b5aca2001c48baa4_attempt01_receipt.json,1600,222d92a59747f14ae160fb6d065ea19b23c0ced5f45cd73ab78b36de4e3ceb7b,2026-10-09T11:15:36.551070+00:00,True,,,False,35,GB/T 18386.1-2021,2,"[""GB/T 18386.1-2021""]",0,0,False
old:7d0e8cd2a8154491a0e25dcd539835ae:2cc866be7913a118cccc70ad702de8afa6e47570b4218d1d245d884f00cf2618,JX6556TA-M6BEV,7d0e8cd2a8154491a0e25dcd539835ae,old_currentPage/page0004_response.json,/info/list/198,f851684be820cd9302ff472bf775ca955a68b8568f79126ca2d5e48e8b80bfe7,2026-10-09T09:50:21.629105+00:00,2024-05,raw/detail00042_7d0e8cd2a8154491a0e25dcd539835ae_attempt01_response.json,raw/detail00042_7d0e8cd2a8154491a0e25dcd539835ae_attempt01_receipt.json,1600,b2b196d81155fd18f9d2f76b15b28574e9c55f64536e5b820860c6c3676ec8ce,2026-10-09T11:15:38.551306+00:00,True,,,False,35,GB/T 18386.1-2021,2,"[""GB/T 18386.1-2021""]",0,0,False
old:0b024b59ef72473e8c65da0f5ff79e2d:b0a05a8133f3167d578e41047108a36c4586cfee426b2dcb31e20f082162ad86,SC6453BAABEV,0b024b59ef72473e8c65da0f5ff79e2d,old_currentPage/page0005_response.json,/info/list/0,91a1b5250284a729fe47cebc316cc22c9911e0e1a342829437f8016fcee8eb54,2026-10-09T09:50:28.683880+00:00,2024-05,raw/detail00043_0b024b59ef72473e8c65da0f5ff79e2d_attempt01_response.json,raw/detail00043_0b024b59ef72473e8c65da0f5ff79e2d_attempt01_receipt.json,1489,10ec65c2cc3bb03680b2e6f6c0cc317b587561b0e0649de293842e855c1713a0,2026-10-09T11:15:40.551513+00:00,True,,,False,35,BJ_18386_2017,1,"[""GB/T 18386-2017""]",0,0,False
old:2e57b53f874b404ebaa4097745f4f8ef:b265c537f91f187720b00302149f9d07125a3cc26e18f3666baff971615475df,SC6453BBBBEV,2e57b53f874b404ebaa4097745f4f8ef,old_currentPage/page0005_response.json,/info/list/1,91a1b5250284a729fe47cebc316cc22c9911e0e1a342829437f8016fcee8eb54,2026-10-09T09:50:28.683880+00:00,2024-05,raw/detail00044_2e57b53f874b404ebaa4097745f4f8ef_attempt01_response.json,raw/detail00044_2e57b53f874b404ebaa4097745f4f8ef_attempt01_receipt.json,1617,934de6b95611e16e3aec85031b4ec46fdf78374e8d9c5548966c6619570c3416,2026-10-09T11:15:42.551729+00:00,True,,,False,35,GB/T 18386.1-2021,3,"[""GB/T 18386.1-2021""]",0,0,False
old:c8268624164b4608852056804bce0bec:8f9fed7cba0a751fe80a479f311b3ef3e95a5d2d487590ce45d6c9e76644bfcf,SC6453BAABEV,c8268624164b4608852056804bce0bec,old_currentPage/page0005_response.json,/info/list/15,91a1b5250284a729fe47cebc316cc22c9911e0e1a342829437f8016fcee8eb54,2026-10-09T09:50:28.683880+00:00,2024-05,raw/detail00045_c8268624164b4608852056804bce0bec_attempt01_response.json,raw/detail00045_c8268624164b4608852056804bce0bec_attempt01_receipt.json,1489,ee3165237846acd6a890dffc31807fc5aa738b51aefd07d3ae9538607e3b2667,2026-10-09T11:15:44.551952+00:00,True,,,False,35,BJ_18386_2017,1,"[""GB/T 18386-2017""]",0,0,False
old:84cb6832bad840cbac7fe3ec639b79a4:07d27ad6a57f91a0615bb9b1d024fe53ccae93f0274e378f8b1b9f89b4371243,LZW7004EVA4,84cb6832bad840cbac7fe3ec639b79a4,old_currentPage/page0005_response.json,/info/list/60,91a1b5250284a729fe47cebc316cc22c9911e0e1a342829437f8016fcee8eb54,2026-10-09T09:50:28.683880+00:00,2024-04,raw/detail00046_84cb6832bad840cbac7fe3ec639b79a4_attempt01_response.json,raw/detail00046_84cb6832bad840cbac7fe3ec639b79a4_attempt01_receipt.json,1600,7ca05f8c958099767ac8ac4e0ae6e481fa397b6943ae0540e83ea6d24cc5706c,2026-10-09T11:15:47.224993+00:00,True,,,False,35,GB/T 18386.1-2021,2,"[""GB/T 18386.1-2021""]",0,0,False
old:02995b4473ed4d3b8bb34ee69bb2cf04:fb17218203c748957699a5c5a7b5e2d5728acca9a1f8c2487983edada35844a0,LTS6510H3BEV,02995b4473ed4d3b8bb34ee69bb2cf04,old_currentPage/page0005_response.json,/info/list/102,91a1b5250284a729fe47cebc316cc22c9911e0e1a342829437f8016fcee8eb54,2026-10-09T09:50:28.683880+00:00,2024-04,raw/detail00047_02995b4473ed4d3b8bb34ee69bb2cf04_attempt01_response.json,raw/detail00047_02995b4473ed4d3b8bb34ee69bb2cf04_attempt01_receipt.json,1597,b549a02534da681eec8bb4739cb214820a293ea0c5b709a243721036ce661ae3,2026-10-09T11:15:49.225158+00:00,True,,,False,35,GB/T 18386.1-2021,2,"[""GB/T 18386.1-2021""]",0,0,False
old:6077d32a8a6346f086fa46cab8ee6a0e:5a15e729b82f9af686c8536a6564f1f81cc139a26b3ce552592c59b5f2066eec,NEQ7000BEVJH11P,6077d32a8a6346f086fa46cab8ee6a0e,old_currentPage/page0005_response.json,/info/list/165,91a1b5250284a729fe47cebc316cc22c9911e0e1a342829437f8016fcee8eb54,2026-10-09T09:50:28.683880+00:00,2024-04,raw/detail00048_6077d32a8a6346f086fa46cab8ee6a0e_attempt01_response.json,raw/detail00048_6077d32a8a6346f086fa46cab8ee6a0e_attempt01_receipt.json,1595,3287ddc7cac086e2599414e0042e7a611f0ae3a2fb01177896690936639cecbc,2026-10-09T11:15:51.225387+00:00,True,,,False,35,GB/T 18386.1-2021,2,"[""GB/T 18386.1-2021""]",0,0,False
old:f69b162b104b4e92aa37aaaca3339545:3fe6ffc7bef71ec0e683f2656adb6db1d9e490ec4c82d926e587eae1781e99d5,NEQ7000BEVJH11P,f69b162b104b4e92aa37aaaca3339545,old_currentPage/page0006_response.json,/info/list/65,68b730fea1ac8b827ae7633fbf4c8aff9f26e056b34ed8e5086dfe00d9f2b148,2026-10-09T09:50:33.471515+00:00,2024-04,raw/detail00049_f69b162b104b4e92aa37aaaca3339545_attempt01_response.json,raw/detail00049_f69b162b104b4e92aa37aaaca3339545_attempt01_receipt.json,1595,3c2f806d3ba2f7672afc1de3331e24988edd4ec34c5b0ad9b44bd4370bc1a878,2026-10-09T11:15:53.225575+00:00,True,,,False,35,GB/T 18386.1-2021,2,"[""GB/T 18386.1-2021""]",0,0,False
old:ed49465c04fe452d980df5c462690e2c:df15c1ff0a0b809e2ec222bbc8cf43e6e8b2c4e0de2d199a56facfd724189517,HFC7001AEV6,ed49465c04fe452d980df5c462690e2c,old_currentPage/page0006_response.json,/info/list/71,68b730fea1ac8b827ae7633fbf4c8aff9f26e056b34ed8e5086dfe00d9f2b148,2026-10-09T09:50:33.471515+00:00,2024-04,raw/detail00050_ed49465c04fe452d980df5c462690e2c_attempt01_response.json,raw/detail00050_ed49465c04fe452d980df5c462690e2c_attempt01_receipt.json,1603,4b88228bac3b8aa0ba1aeb5373cf779c76ac518837c0acd6e164a4f300a9bd08,2026-10-09T11:15:55.225793+00:00,True,,,False,35,GB/T 18386.1-2021,2,"[""GB/T 18386.1-2021""]",0,0,False
old:d465d77a8aa247c79d264ee40008c77a:044e4353cde0b67e7143e9a57b966cac6b6724dfde546866ea5d1a17f1c449ba,NJL6473BEV400,d465d77a8aa247c79d264ee40008c77a,old_currentPage/page0006_response.json,/info/list/78,68b730fea1ac8b827ae7633fbf4c8aff9f26e056b34ed8e5086dfe00d9f2b148,2026-10-09T09:50:33.471515+00:00,2024-04,raw/detail00051_d465d77a8aa247c79d264ee40008c77a_attempt01_response.json,raw/detail00051_d465d77a8aa247c79d264ee40008c77a_attempt01_receipt.json,1528,ba9d660f4119f0d82fc0d89cd21ac658e1d7c4c274e0bb022f302ddd2a55e353,2026-10-09T11:15:57.225983+00:00,True,,,False,35,GB/T 18386.1-2021,2,"[""GB/T 18386.1-2021""]",0,0,False
old:84946aa333f54f32aa013ae3e85cad66:5094f40386cca0464215c0687b4cb71cb267b6796997e7eae71669d3b3cc126e,HFC7001AEV6,84946aa333f54f32aa013ae3e85cad66,old_currentPage/page0006_response.json,/info/list/94,68b730fea1ac8b827ae7633fbf4c8aff9f26e056b34ed8e5086dfe00d9f2b148,2026-10-09T09:50:33.471515+00:00,2024-04,raw/detail00052_84946aa333f54f32aa013ae3e85cad66_attempt01_response.json,raw/detail00052_84946aa333f54f32aa013ae3e85cad66_attempt01_receipt.json,1603,786e60a6fcbf9cc2cbab675f6d3a59fab38e28e7275fdd1fa2e3a0026908da60,2026-10-09T11:15:59.226208+00:00,True,,,False,35,GB/T 18386.1-2021,2,"[""GB/T 18386.1-2021""]",0,0,False
old:f0c78e88a48a4e53812d224b3e46f398:9c5264cd02923a4cb3b38f5885bb60c468fe455fc995bb56e308bc7ecd52d211,JMV6550QRBEV,f0c78e88a48a4e53812d224b3e46f398,old_currentPage/page0006_response.json,/info/list/109,68b730fea1ac8b827ae7633fbf4c8aff9f26e056b34ed8e5086dfe00d9f2b148,2026-10-09T09:50:33.471515+00:00,2024-04,raw/detail00053_f0c78e88a48a4e53812d224b3e46f398_attempt01_response.json,raw/detail00053_f0c78e88a48a4e53812d224b3e46f398_attempt01_receipt.json,1610,410f21a6a00269bddcbe93014d8076b6e45d4a0381e191af1c553edbf32e9d14,2026-10-09T11:16:01.226487+00:00,True,,,False,35,GB/T 18386.1-2021,2,"[""GB/T 18386.1-2021""]",0,0,False
old:ca797d983e454cf59b9fc4950c4d52e8:646acedb7394ebf5c78716274326fde72c10e421fd851feadc09ced19ce955dc,NEQ7000BEVJH11M,ca797d983e454cf59b9fc4950c4d52e8,old_currentPage/page0006_response.json,/info/list/135,68b730fea1ac8b827ae7633fbf4c8aff9f26e056b34ed8e5086dfe00d9f2b148,2026-10-09T09:50:33.471515+00:00,2024-04,raw/detail00054_ca797d983e454cf59b9fc4950c4d52e8_attempt01_response.json,raw/detail00054_ca797d983e454cf59b9fc4950c4d52e8_attempt01_receipt.json,1595,5a1a52775906ecbccef9560b34cdc5e3f3c378b9b6f38bfc5023cca5491867aa,2026-10-09T11:16:03.226701+00:00,True,,,False,35,GB/T 18386.1-2021,2,"[""GB/T 18386.1-2021""]",0,0,False
old:11d32b2c62b949dfbd65551e7a88bdff:445c7d74808bad1ed89641fe52c62fd18badf12d3015b34c267ea5bda1edee65,JHC7002BEV69,11d32b2c62b949dfbd65551e7a88bdff,old_currentPage/page0006_response.json,/info/list/190,68b730fea1ac8b827ae7633fbf4c8aff9f26e056b34ed8e5086dfe00d9f2b148,2026-10-09T09:50:33.471515+00:00,2024-03,raw/detail00055_11d32b2c62b949dfbd65551e7a88bdff_attempt01_response.json,raw/detail00055_11d32b2c62b949dfbd65551e7a88bdff_attempt01_receipt.json,1607,61058b30cfdb92fc4633cec09cccf057a9859095dcb18a81a43642f2b342dc0d,2026-10-09T11:16:05.226984+00:00,True,,,False,35,GB/T 18386.1-2021,2,"[""GB/T 18386.1-2021""]",0,0,False
old:20b86ca1efce4793995b4b9772634679:3da3581a17c33442ac47c292d383f80b8c3324ae9f3979f7f4697472557fe1d0,JHC7002BEV69,20b86ca1efce4793995b4b9772634679,old_currentPage/page0007_response.json,/info/list/139,40b3abdb81882a95b6f661dc5511bb5655e4a69fd27f215e49ca4533704748ab,2026-10-09T09:50:38.552419+00:00,2024-03,raw/detail00056_20b86ca1efce4793995b4b9772634679_attempt01_response.json,raw/detail00056_20b86ca1efce4793995b4b9772634679_attempt01_receipt.json,1607,71331d3a9266b947eb3df23a98a3a22e1e9474d48bc99899bf140c3a49830f8e,2026-10-09T11:16:07.227221+00:00,True,,,False,35,GB/T 18386.1-2021,2,"[""GB/T 18386.1-2021""]",0,0,False
old:e21bb561604e40f3ba9186470097963f:ab6b1495f9942c09a5da9f47e1a062053ad7d44c2fc10c9d9da2b91b85f2c2d9,LZW7009EVA2,e21bb561604e40f3ba9186470097963f,old_currentPage/page0007_response.json,/info/list/154,40b3abdb81882a95b6f661dc5511bb5655e4a69fd27f215e49ca4533704748ab,2026-10-09T09:50:38.552419+00:00,2024-02,raw/detail00057_e21bb561604e40f3ba9186470097963f_attempt01_response.json,raw/detail00057_e21bb561604e40f3ba9186470097963f_attempt01_receipt.json,1604,896fb18bea4ac9346809605a0ee6056247441b69c5c6eb669054370eb39a8824,2026-10-09T11:16:09.227425+00:00,True,,,False,35,GB/T 18386.1-2021,2,"[""GB/T 18386.1-2021""]",0,0,False
old:f80da50e0e1745d58e6da6e6b10490d5:b6be74de53bc80b7a1be0f661ec5a63df3013b44e43662d752e34ee5764aac7a,LZW7009EVA2,f80da50e0e1745d58e6da6e6b10490d5,old_currentPage/page0007_response.json,/info/list/157,40b3abdb81882a95b6f661dc5511bb5655e4a69fd27f215e49ca4533704748ab,2026-10-09T09:50:38.552419+00:00,2024-02,raw/detail00058_f80da50e0e1745d58e6da6e6b10490d5_attempt01_response.json,raw/detail00058_f80da50e0e1745d58e6da6e6b10490d5_attempt01_receipt.json,1604,896fb18bea4ac9346809605a0ee6056247441b69c5c6eb669054370eb39a8824,2026-10-09T11:16:11.227657+00:00,True,,,False,35,GB/T 18386.1-2021,2,"[""GB/T 18386.1-2021""]",0,0,False
old:6803f92d4d14492194a911d6bc46d35a:6921d31373b46984d20622a3cf90b1edf217187cd97c111ef9cffab0cb64c31d,LZW7009EVA2,6803f92d4d14492194a911d6bc46d35a,old_currentPage/page0007_response.json,/info/list/187,40b3abdb81882a95b6f661dc5511bb5655e4a69fd27f215e49ca4533704748ab,2026-10-09T09:50:38.552419+00:00,2024-02,raw/detail00059_6803f92d4d14492194a911d6bc46d35a_attempt01_response.json,raw/detail00059_6803f92d4d14492194a911d6bc46d35a_attempt01_receipt.json,1604,896fb18bea4ac9346809605a0ee6056247441b69c5c6eb669054370eb39a8824,2026-10-09T11:16:13.228004+00:00,True,,,False,35,GB/T 18386.1-2021,2,"[""GB/T 18386.1-2021""]",0,0,False
old:8b3426c1e7be41858ff4910d7eb58238:0b3a8fc4eb607c77b2b720b93951c96aafc85359848b034b715887d8f1c4d5d9,CSA6493YSEV2,8b3426c1e7be41858ff4910d7eb58238,old_currentPage/page0007_response.json,/info/list/188,40b3abdb81882a95b6f661dc5511bb5655e4a69fd27f215e49ca4533704748ab,2026-10-09T09:50:38.552419+00:00,2024-02,raw/detail00060_8b3426c1e7be41858ff4910d7eb58238_attempt01_response.json,raw/detail00060_8b3426c1e7be41858ff4910d7eb58238_attempt01_receipt.json,1614,c3fac4a63f933a7a58aae6714d1d0af006df81d54bff68edaed0d6a1541a3f47,2026-10-09T11:16:15.228235+00:00,True,,,False,35,GB/T 18386.1-2021,2,"[""GB/T 18386.1-2021""]",0,0,False
old:9bcd53bdd93b4f09a94838c898e4626f:cf1a75a59825c12babd54e66cfa051cc1893719876e6de68baa8422b968f3f5f,THZ7000BEVS366,9bcd53bdd93b4f09a94838c898e4626f,old_currentPage/page0008_response.json,/info/list/7,bc32658655634380bb53c40e2a53068f34db40e6b5126d40bd62678340f61786,2026-10-09T09:50:45.484839+00:00,2024-02,raw/detail00061_9bcd53bdd93b4f09a94838c898e4626f_attempt01_response.json,raw/detail00061_9bcd53bdd93b4f09a94838c898e4626f_attempt01_receipt.json,1610,e52b4379f8dd3e827f19eabf79f9b08ae644b557f259be725a6cf1f851f17c1f,2026-10-09T11:16:17.228440+00:00,True,,,False,35,GB/T 18386.1-2021,2,"[""GB/T 18386.1-2021""]",0,0,False
old:776806ef213e49558629584513bb085a:0ef9680d8f7c8e64b71adb37ec080ab0f690e52689bf70fb609084b597ae438b,JL7000BEV03,776806ef213e49558629584513bb085a,old_currentPage/page0008_response.json,/info/list/9,bc32658655634380bb53c40e2a53068f34db40e6b5126d40bd62678340f61786,2026-10-09T09:50:45.484839+00:00,2024-02,raw/detail00062_776806ef213e49558629584513bb085a_attempt01_response.json,raw/detail00062_776806ef213e49558629584513bb085a_attempt01_receipt.json,1603,90709b1780b86d68d3ead4fb09ebc8358b78495afc8cbf430d2ef9c23d232b12,2026-10-09T11:16:19.228654+00:00,True,,,False,35,GB/T 18386.1-2021,2,"[""GB/T 18386.1-2021""]",0,0,False
old:65670a0950a641c9ba2a779e53cb8e06:506690703d5ef5f559495a48ce1bb1d077239497a26fcbd047a9733e12e960ae,LZW7009EVA2,65670a0950a641c9ba2a779e53cb8e06,old_currentPage/page0008_response.json,/info/list/44,bc32658655634380bb53c40e2a53068f34db40e6b5126d40bd62678340f61786,2026-10-09T09:50:45.484839+00:00,2024-02,raw/detail00063_65670a0950a641c9ba2a779e53cb8e06_attempt01_response.json,raw/detail00063_65670a0950a641c9ba2a779e53cb8e06_attempt01_receipt.json,1604,896fb18bea4ac9346809605a0ee6056247441b69c5c6eb669054370eb39a8824,2026-10-09T11:16:21.228856+00:00,True,,,False,35,GB/T 18386.1-2021,2,"[""GB/T 18386.1-2021""]",0,0,False
old:6add2e6ac87940d0bdc9d14cf6f42dec:ddb87bcc5e75996f799cb54306047bc96f100051bca7c133d48bbfc74db2677b,BMW7000AFEV,6add2e6ac87940d0bdc9d14cf6f42dec,old_currentPage/page0008_response.json,/info/list/93,bc32658655634380bb53c40e2a53068f34db40e6b5126d40bd62678340f61786,2026-10-09T09:50:45.484839+00:00,2024-02,raw/detail00064_6add2e6ac87940d0bdc9d14cf6f42dec_attempt01_response.json,raw/detail00064_6add2e6ac87940d0bdc9d14cf6f42dec_attempt01_receipt.json,1598,e3aee57fc6a64e90cace82bd1b1d82e4739c845dd1beb2d5b69f81b4046c3ac5,2026-10-09T11:16:23.229063+00:00,True,,,False,35,GB/T 18386.1-2021,2,"[""GB/T 18386.1-2021""]",0,0,False
old:332a8c3262a14849a8677c11d24c2b9a:6a540989bcc9d2028d738d0df0ea9d3c24a365846df2a310a1efd6677c0ba3ea,BMW7000ADEV,332a8c3262a14849a8677c11d24c2b9a,old_currentPage/page0008_response.json,/info/list/101,bc32658655634380bb53c40e2a53068f34db40e6b5126d40bd62678340f61786,2026-10-09T09:50:45.484839+00:00,2024-02,raw/detail00065_332a8c3262a14849a8677c11d24c2b9a_attempt01_response.json,raw/detail00065_332a8c3262a14849a8677c11d24c2b9a_attempt01_receipt.json,1593,151852b13874b7c9ec9ad6f37353a9a9b4a80d6334980e0532793d4b627e3e21,2026-10-09T11:16:25.229286+00:00,True,,,False,35,GB/T 18386.1-2021,2,"[""GB/T 18386.1-2021""]",0,0,False
old:fcfae6ad74974592b0ad6a2e37bb01d6:3aed1ec1f05dd014673bc2598de8457f0808d451f26e60c81de8b808863fe9d2,THZ7000BEVS361,fcfae6ad74974592b0ad6a2e37bb01d6,old_currentPage/page0008_response.json,/info/list/109,bc32658655634380bb53c40e2a53068f34db40e6b5126d40bd62678340f61786,2026-10-09T09:50:45.484839+00:00,2024-02,raw/detail00066_fcfae6ad74974592b0ad6a2e37bb01d6_attempt01_response.json,raw/detail00066_fcfae6ad74974592b0ad6a2e37bb01d6_attempt01_receipt.json,1610,36489f0cad7a2f57da759b31cbdbdcc020cd13725bb96958b12059bfc8fce205,2026-10-09T11:16:27.229498+00:00,True,,,False,35,GB/T 18386.1-2021,2,"[""GB/T 18386.1-2021""]",0,0,False
old:d6f3caa778aa46fb875557d937746095:612843fbb8d330eb9d0bc88c821d96abbda474800d6cbe32bea34544e581cfa5,CSA6493YSEV2,d6f3caa778aa46fb875557d937746095,old_currentPage/page0008_response.json,/info/list/127,bc32658655634380bb53c40e2a53068f34db40e6b5126d40bd62678340f61786,2026-10-09T09:50:45.484839+00:00,2024-02,raw/detail00067_d6f3caa778aa46fb875557d937746095_attempt01_response.json,raw/detail00067_d6f3caa778aa46fb875557d937746095_attempt01_receipt.json,1615,a5e273fb73be488347ab8d9cdf74ba845b17045d103c42827510f62a5a916cfa,2026-10-09T11:16:29.229885+00:00,True,,,False,35,GB/T 18386.1-2021,2,"[""GB/T 18386.1-2021""]",0,0,False
old:b36341b683dc49499ec928b6091611ea:f02a27f072cb1033640fd9afa370534708d8211006524f6f8505c44adf39d7e6,LZW7009EVA2,b36341b683dc49499ec928b6091611ea,old_currentPage/page0008_response.json,/info/list/129,bc32658655634380bb53c40e2a53068f34db40e6b5126d40bd62678340f61786,2026-10-09T09:50:45.484839+00:00,2024-02,raw/detail00068_b36341b683dc49499ec928b6091611ea_attempt01_response.json,raw/detail00068_b36341b683dc49499ec928b6091611ea_attempt01_receipt.json,1604,896fb18bea4ac9346809605a0ee6056247441b69c5c6eb669054370eb39a8824,2026-10-09T11:16:31.230238+00:00,True,,,False,35,GB/T 18386.1-2021,2,"[""GB/T 18386.1-2021""]",0,0,False
old:ac8e679c8af84f5faba1545dde0acf86:7367db12b4cea4b7db353fdc5af94a8d68e3ca83fc737243021b869ac903ba7c,LZW7009EVA2,ac8e679c8af84f5faba1545dde0acf86,old_currentPage/page0008_response.json,/info/list/152,bc32658655634380bb53c40e2a53068f34db40e6b5126d40bd62678340f61786,2026-10-09T09:50:45.484839+00:00,2024-02,raw/detail00069_ac8e679c8af84f5faba1545dde0acf86_attempt01_response.json,raw/detail00069_ac8e679c8af84f5faba1545dde0acf86_attempt01_receipt.json,1604,896fb18bea4ac9346809605a0ee6056247441b69c5c6eb669054370eb39a8824,2026-10-09T11:16:33.230440+00:00,True,,,False,35,GB/T 18386.1-2021,2,"[""GB/T 18386.1-2021""]",0,0,False
old:73e56ba562c14984879caededc181b35:3e77b63965e7cfa037f132b76ff423db8192fd706e9039d0795797e43dd75166,LZW7009EVA1,73e56ba562c14984879caededc181b35,old_currentPage/page0008_response.json,/info/list/171,bc32658655634380bb53c40e2a53068f34db40e6b5126d40bd62678340f61786,2026-10-09T09:50:45.484839+00:00,2024-02,raw/detail00070_73e56ba562c14984879caededc181b35_attempt01_response.json,raw/detail00070_73e56ba562c14984879caededc181b35_attempt01_receipt.json,1604,1ce13129bcda3892c03572ef683976e485dfad387fb8b925f0a109cf03e1788f,2026-10-09T11:16:35.230654+00:00,True,,,False,35,GB/T 18386.1-2021,2,"[""GB/T 18386.1-2021""]",0,0,False
old:644c5a7a37e04171866c0a1d0a2c5a66:38171273617ba5e10d833a22402627ad19031109949eda80ab3f435765b517de,BMW7000ACEV,644c5a7a37e04171866c0a1d0a2c5a66,old_currentPage/page0008_response.json,/info/list/172,bc32658655634380bb53c40e2a53068f34db40e6b5126d40bd62678340f61786,2026-10-09T09:50:45.484839+00:00,2024-02,raw/detail00071_644c5a7a37e04171866c0a1d0a2c5a66_attempt01_response.json,raw/detail00071_644c5a7a37e04171866c0a1d0a2c5a66_attempt01_receipt.json,1593,c24fe257d04285717d5268452718badf5a58febaf6c3da798b6764e9f3173e64,2026-10-09T11:16:37.230904+00:00,True,,,False,35,GB/T 18386.1-2021,2,"[""GB/T 18386.1-2021""]",0,0,False
old:7ddc45eec28445608948dbe03b9f5e95:42ad1e69a7be08e5e43d1e689273b490f335a021c7b5bc29d31eb886774d9e61,BMW7000AEEV,7ddc45eec28445608948dbe03b9f5e95,old_currentPage/page0008_response.json,/info/list/180,bc32658655634380bb53c40e2a53068f34db40e6b5126d40bd62678340f61786,2026-10-09T09:50:45.484839+00:00,2024-02,raw/detail00072_7ddc45eec28445608948dbe03b9f5e95_attempt01_response.json,raw/detail00072_7ddc45eec28445608948dbe03b9f5e95_attempt01_receipt.json,1593,05c4812032d5b95c5cef20ed9507f12e4c1800bf09cce5af2ef6e2890e84781f,2026-10-09T11:16:39.231180+00:00,True,,,False,35,GB/T 18386.1-2021,2,"[""GB/T 18386.1-2021""]",0,0,False
old:bdb480261eac414f91ce34a8c7e86153:067b73ff56ebc551abb60b5f3f502208e5a7cf3ebde445af68bcc6c01907da7f,LZW7006EVA2,bdb480261eac414f91ce34a8c7e86153,old_currentPage/page0008_response.json,/info/list/187,bc32658655634380bb53c40e2a53068f34db40e6b5126d40bd62678340f61786,2026-10-09T09:50:45.484839+00:00,2024-01,raw/detail00073_bdb480261eac414f91ce34a8c7e86153_attempt01_response.json,raw/detail00073_bdb480261eac414f91ce34a8c7e86153_attempt01_receipt.json,1604,f719b38e914dcb74db35ba5a949df38b97e76a0492d5b1ba83e6654c427bf0db,2026-10-09T11:16:41.445542+00:00,True,,,False,35,GB/T 18386.1-2021,2,"[""GB/T 18386.1-2021""]",0,0,False
old:aa224bd9600b4105acdaba1a43f89ec4:5e5daea677023f34ab7b8db866d18f8e5323803db314b7eb87f64aeb5457adbf,SC7001GAABEV,aa224bd9600b4105acdaba1a43f89ec4,old_currentPage/page0008_response.json,/info/list/193,bc32658655634380bb53c40e2a53068f34db40e6b5126d40bd62678340f61786,2026-10-09T09:50:45.484839+00:00,2024-01,raw/detail00074_aa224bd9600b4105acdaba1a43f89ec4_attempt01_response.json,raw/detail00074_aa224bd9600b4105acdaba1a43f89ec4_attempt01_receipt.json,1624,8d402f6a985fef34fe0af4a94b24e44a9467ae6c31d2345d5743a22c22d21950,2026-10-09T11:16:43.445678+00:00,True,,,False,35,GB/T 18386.1-2021,2,"[""GB/T 18386.1-2021""]",0,0,False
old:2d8b4d97a3fd4dc6b8a224734f847f04:4a9cb18a1d44df91fcf4a624a48f36a0c56faa4fda111b193565daed2cd77282,GAM7000BEVA0Q,2d8b4d97a3fd4dc6b8a224734f847f04,old_currentPage/page0008_response.json,/info/list/195,bc32658655634380bb53c40e2a53068f34db40e6b5126d40bd62678340f61786,2026-10-09T09:50:45.484839+00:00,2024-01,raw/detail00075_2d8b4d97a3fd4dc6b8a224734f847f04_attempt01_response.json,raw/detail00075_2d8b4d97a3fd4dc6b8a224734f847f04_attempt01_receipt.json,1561,b3633c991e3d45fd11e38394a484b3e01bf501726365f407e56b44454077c05a,2026-10-09T11:16:45.445865+00:00,True,,,False,35,GB/T 18386.1-2021,2,"[""GB/T 18386.1-2021""]",0,0,False
old:34316607646940cbb28ed9207a834ec7:aa97c4b2bf92d2cb837f08f70497dffbcc081194724d63e011e74981813f3abc,SC7001GBABEV,34316607646940cbb28ed9207a834ec7,old_currentPage/page0008_response.json,/info/list/196,bc32658655634380bb53c40e2a53068f34db40e6b5126d40bd62678340f61786,2026-10-09T09:50:45.484839+00:00,2024-01,raw/detail00076_34316607646940cbb28ed9207a834ec7_attempt01_response.json,raw/detail00076_34316607646940cbb28ed9207a834ec7_attempt01_receipt.json,1610,a6bf73307416c6d327ced9b75a68413dfeb3c2559726adc5a5fa47941fa47121,2026-10-09T11:16:47.446060+00:00,True,,,False,35,GB/T 18386.1-2021,2,"[""GB/T 18386.1-2021""]",0,0,False
old:1c06b84fd0ff4b258ccb76fbbc0a2cae:6cc1381c7eb79e024ceb39fa5f86b08d46164a29751a7b641151f924a37424d0,GAM7001BEVA0Y,1c06b84fd0ff4b258ccb76fbbc0a2cae,old_currentPage/page0009_response.json,/info/list/1,9c1ad18dc467b245029b46af95a653d97f27cf383f23ce6850f799159ecaf0df,2026-10-09T09:50:51.158587+00:00,2024-01,raw/detail00077_1c06b84fd0ff4b258ccb76fbbc0a2cae_attempt01_response.json,raw/detail00077_1c06b84fd0ff4b258ccb76fbbc0a2cae_attempt01_receipt.json,1562,f821924fc222699638d7368d979208af648d3e45e8107fd8ca508ed1ce8e9766,2026-10-09T11:16:49.446320+00:00,True,,,False,35,GB/T 18386.1-2021,2,"[""GB/T 18386.1-2021""]",0,0,False
old:f7d0adcc4d2b4059bf605307023c780b:22cee8b66493912367b0bca1be8a54fb016cfa989960d527f90987639cd2d6eb,GAM7000BEVE0K,f7d0adcc4d2b4059bf605307023c780b,old_currentPage/page0009_response.json,/info/list/4,9c1ad18dc467b245029b46af95a653d97f27cf383f23ce6850f799159ecaf0df,2026-10-09T09:50:51.158587+00:00,2024-01,raw/detail00078_f7d0adcc4d2b4059bf605307023c780b_attempt01_response.json,raw/detail00078_f7d0adcc4d2b4059bf605307023c780b_attempt01_receipt.json,1562,daf3a600d53eb4ac7f88da9249c03b569bf3e126ab23a87e523a8e8abb1d0b6b,2026-10-09T11:16:51.446555+00:00,True,,,False,35,GB/T 18386.1-2021,2,"[""GB/T 18386.1-2021""]",0,0,False
old:f2d60715ebf2454a92298460dc65c54a:37967a2c362323358cc5760a1402444974e31cb197b9e7b6a533646f15dd52ed,NEQ6470BEVS61A,f2d60715ebf2454a92298460dc65c54a,old_currentPage/page0009_response.json,/info/list/13,9c1ad18dc467b245029b46af95a653d97f27cf383f23ce6850f799159ecaf0df,2026-10-09T09:50:51.158587+00:00,2024-01,raw/detail00079_f2d60715ebf2454a92298460dc65c54a_attempt01_response.json,raw/detail00079_f2d60715ebf2454a92298460dc65c54a_attempt01_receipt.json,1609,b2abc5bdbbdd5f917fae30896acae60b48c21a82b535730a983da07215247836,2026-10-09T11:16:53.446769+00:00,True,,,False,35,GB/T 18386.1-2021,2,"[""GB/T 18386.1-2021""]",0,0,False
old:9db222250f2b4cff9dd2960f9dfdc30e:54752750d56e2da228c7c2cbd1becf6d2606d20a7c18532db5c090b60fe3c2d0,SC7001GBABEV,9db222250f2b4cff9dd2960f9dfdc30e,old_currentPage/page0009_response.json,/info/list/18,9c1ad18dc467b245029b46af95a653d97f27cf383f23ce6850f799159ecaf0df,2026-10-09T09:50:51.158587+00:00,2024-01,raw/detail00080_9db222250f2b4cff9dd2960f9dfdc30e_attempt01_response.json,raw/detail00080_9db222250f2b4cff9dd2960f9dfdc30e_attempt01_receipt.json,1610,ef252a207cb2bd6a44447ec2d3f8b57456ea6953b6dd3f2197b8af7f1c22157c,2026-10-09T11:16:56.945492+00:00,True,,,False,35,GB/T 18386.1-2021,2,"[""GB/T 18386.1-2021""]",0,0,False
old:09d54740629d4eef8aa41a9665bde791:43c7c38f0fc29decf22a6d9b9cb72b0ce536b482b16acd8e3995f9e065f6ee7a,GAM6460BEVC1G,09d54740629d4eef8aa41a9665bde791,old_currentPage/page0009_response.json,/info/list/19,9c1ad18dc467b245029b46af95a653d97f27cf383f23ce6850f799159ecaf0df,2026-10-09T09:50:51.158587+00:00,2024-01,raw/detail00081_09d54740629d4eef8aa41a9665bde791_attempt01_response.json,raw/detail00081_09d54740629d4eef8aa41a9665bde791_attempt01_receipt.json,1562,7aecca83eb492f68d91cce0155eac925087c6ca137802c425e0dad0f44bc0a1d,2026-10-09T11:16:58.945666+00:00,True,,,False,35,GB/T 18386.1-2021,2,"[""GB/T 18386.1-2021""]",0,0,False
old:a3f72592fb59457cae768c42e088120e:af3e239f7e003c8e17e1554c2b054525a3720a6440f1750bdc0efc45a8aac7b1,GAM7000BEVA0K,a3f72592fb59457cae768c42e088120e,old_currentPage/page0009_response.json,/info/list/20,9c1ad18dc467b245029b46af95a653d97f27cf383f23ce6850f799159ecaf0df,2026-10-09T09:50:51.158587+00:00,2024-01,raw/detail00082_a3f72592fb59457cae768c42e088120e_attempt01_response.json,raw/detail00082_a3f72592fb59457cae768c42e088120e_attempt01_receipt.json,1529,0015dee5567af77e0e1b93625157500a11e5304cc64883d713332f6fcb3367ad,2026-10-09T11:17:00.945878+00:00,True,,,False,35,BJ_18386_2017,1,"[""GB/T 18386-2017""]",0,0,False
old:4e302ae3d64b44c7925573f593cab708:9a35613fbaf04c10a4a0a688e81c0b023bbdf119367a610404284a4e8e1e8c7d,SC7001GBABEV,4e302ae3d64b44c7925573f593cab708,old_currentPage/page0009_response.json,/info/list/23,9c1ad18dc467b245029b46af95a653d97f27cf383f23ce6850f799159ecaf0df,2026-10-09T09:50:51.158587+00:00,2024-01,raw/detail00083_4e302ae3d64b44c7925573f593cab708_attempt01_response.json,raw/detail00083_4e302ae3d64b44c7925573f593cab708_attempt01_receipt.json,1610,a6bf73307416c6d327ced9b75a68413dfeb3c2559726adc5a5fa47941fa47121,2026-10-09T11:17:02.946095+00:00,True,,,False,35,GB/T 18386.1-2021,2,"[""GB/T 18386.1-2021""]",0,0,False
old:dde6b90ed545482792a50b8dd581b210:262706b3574ab1d7d16178d59a924c6937b7e0a5588b260a220c515d697659cc,NEQ6470BEVS61B,dde6b90ed545482792a50b8dd581b210,old_currentPage/page0009_response.json,/info/list/52,9c1ad18dc467b245029b46af95a653d97f27cf383f23ce6850f799159ecaf0df,2026-10-09T09:50:51.158587+00:00,2024-01,raw/detail00084_dde6b90ed545482792a50b8dd581b210_attempt01_response.json,raw/detail00084_dde6b90ed545482792a50b8dd581b210_attempt01_receipt.json,1610,b05ca7b6ac8455775ce4a136861f59e8b8c88ddfb147ee35d5cfbffe81ae273f,2026-10-09T11:17:04.946322+00:00,True,,,False,35,GB/T 18386.1-2021,2,"[""GB/T 18386.1-2021""]",0,0,False
old:551a4a3500044658a320367ca25669e0:75f088cbc94c5aff85b341e5f9335fb2f781e1eeffd18d8fbaf2543edadd2eae,NEQ6470BEVS61A,551a4a3500044658a320367ca25669e0,old_currentPage/page0009_response.json,/info/list/60,9c1ad18dc467b245029b46af95a653d97f27cf383f23ce6850f799159ecaf0df,2026-10-09T09:50:51.158587+00:00,2024-01,raw/detail00085_551a4a3500044658a320367ca25669e0_attempt01_response.json,raw/detail00085_551a4a3500044658a320367ca25669e0_attempt01_receipt.json,1609,7cd2b61768d4b456f72f9697bcd9d901a6a39c70cb4198a24fc57356eaa024c9,2026-10-09T11:17:06.946529+00:00,True,,,False,35,GB/T 18386.1-2021,2,"[""GB/T 18386.1-2021""]",0,0,False
old:30e4bbe4cb684fdaa380947168e151cf:2e7ebd0c7ebe25707bfe275edd4e31e1a37821be1b4ba132b9ffbec3f644511e,LZW7006EVA2,30e4bbe4cb684fdaa380947168e151cf,old_currentPage/page0009_response.json,/info/list/64,9c1ad18dc467b245029b46af95a653d97f27cf383f23ce6850f799159ecaf0df,2026-10-09T09:50:51.158587+00:00,2024-01,raw/detail00086_30e4bbe4cb684fdaa380947168e151cf_attempt01_response.json,raw/detail00086_30e4bbe4cb684fdaa380947168e151cf_attempt01_receipt.json,1604,7445991b5f8d5dbbc21ddebc123ca47be3802226fb61f5034119dd2574cabded,2026-10-09T11:17:08.946741+00:00,True,,,False,35,GB/T 18386.1-2021,2,"[""GB/T 18386.1-2021""]",0,0,False
old:377c84ec80e041d5b57167de90148ee5:d871fd61d737e2b226ace9089c6e081254716a7a31e98e5a3fde46e13a352c12,GAM7001BEVA0T,377c84ec80e041d5b57167de90148ee5,old_currentPage/page0009_response.json,/info/list/79,9c1ad18dc467b245029b46af95a653d97f27cf383f23ce6850f799159ecaf0df,2026-10-09T09:50:51.158587+00:00,2024-01,raw/detail00087_377c84ec80e041d5b57167de90148ee5_attempt01_response.json,raw/detail00087_377c84ec80e041d5b57167de90148ee5_attempt01_receipt.json,1562,fe109d1050b23ce4196f960d2b43ff39ca2c8b9b2447c2c4c4731ba0a9c9cc89,2026-10-09T11:17:10.946970+00:00,True,,,False,35,GB/T 18386.1-2021,2,"[""GB/T 18386.1-2021""]",0,0,False
old:417c02b263a84b18893aab9ec38ea9c1:b3b824ad4d17b7861aac7c75cde5c6900123f1574c529494ce695d88036eceb0,GAM6450BEVD0Z,417c02b263a84b18893aab9ec38ea9c1,old_currentPage/page0009_response.json,/info/list/81,9c1ad18dc467b245029b46af95a653d97f27cf383f23ce6850f799159ecaf0df,2026-10-09T09:50:51.158587+00:00,2024-01,raw/detail00088_417c02b263a84b18893aab9ec38ea9c1_attempt01_response.json,raw/detail00088_417c02b263a84b18893aab9ec38ea9c1_attempt01_receipt.json,1562,422d6de442dd0dfc41231267262b8f115b0c35834a4658d2352ddc5313b5a725,2026-10-09T11:17:13.167233+00:00,True,,,False,35,GB/T 18386.1-2021,2,"[""GB/T 18386.1-2021""]",0,0,False
old:79f9ba92eb1048a68f62ab188cd86766:0f0874d6c0d717bbe82dd13891cc5bcef1d8d0685e78b6b4956d89ce4f49ea7e,GAM7001BEVA1K,79f9ba92eb1048a68f62ab188cd86766,old_currentPage/page0009_response.json,/info/list/95,9c1ad18dc467b245029b46af95a653d97f27cf383f23ce6850f799159ecaf0df,2026-10-09T09:50:51.158587+00:00,2024-01,raw/detail00089_79f9ba92eb1048a68f62ab188cd86766_attempt01_response.json,raw/detail00089_79f9ba92eb1048a68f62ab188cd86766_attempt01_receipt.json,1562,6140d41171ef4f21b1da8d9827d535423d53ade840b0f9f01bcace488d9d7f00,2026-10-09T11:17:15.167399+00:00,True,,,False,35,GB/T 18386.1-2021,2,"[""GB/T 18386.1-2021""]",0,0,False
old:c0be18ed3a0d497bb8a434358ae180e2:df44835ceb35e58418a41cec1db9260f7553cfbb49407c9d0a26c23d04c1452d,SC7001GAABEV,c0be18ed3a0d497bb8a434358ae180e2,old_currentPage/page0009_response.json,/info/list/97,9c1ad18dc467b245029b46af95a653d97f27cf383f23ce6850f799159ecaf0df,2026-10-09T09:50:51.158587+00:00,2024-01,raw/detail00090_c0be18ed3a0d497bb8a434358ae180e2_attempt01_response.json,raw/detail00090_c0be18ed3a0d497bb8a434358ae180e2_attempt01_receipt.json,1624,bec512e0f7a2e8f1f88f7b404802353acd6009cc5a7ed642253ee8197bde1c70,2026-10-09T11:17:17.167619+00:00,True,,,False,35,GB/T 18386.1-2021,2,"[""GB/T 18386.1-2021""]",0,0,False
old:d8682f585f0e4f30bcc0dd911eed879f:808bb53117a8b93db15998d971f56232bd1fa67dd37ff44a31e3f15b7da8af25,DFM7000S1F6BEV,d8682f585f0e4f30bcc0dd911eed879f,old_currentPage/page0009_response.json,/info/list/104,9c1ad18dc467b245029b46af95a653d97f27cf383f23ce6850f799159ecaf0df,2026-10-09T09:50:51.158587+00:00,2024-01,raw/detail00091_d8682f585f0e4f30bcc0dd911eed879f_attempt01_response.json,raw/detail00091_d8682f585f0e4f30bcc0dd911eed879f_attempt01_receipt.json,1590,d1ed689b4d1d393cf11f81d52157b659330b293bf67d44237019909fdb802924,2026-10-09T11:17:19.167809+00:00,True,,,False,35,GB/T 18386.1-2021,2,"[""GB/T 18386.1-2021""]",0,0,False
old:64ac884b30da4650bda3661d7603b452:cb5489b35be90bf678250b458740127ef94067ddc26831876ff9196232a5ff00,GAM7000BEVE0A,64ac884b30da4650bda3661d7603b452,old_currentPage/page0009_response.json,/info/list/105,9c1ad18dc467b245029b46af95a653d97f27cf383f23ce6850f799159ecaf0df,2026-10-09T09:50:51.158587+00:00,2024-01,raw/detail00092_64ac884b30da4650bda3661d7603b452_attempt01_response.json,raw/detail00092_64ac884b30da4650bda3661d7603b452_attempt01_receipt.json,1562,37426a7076692da38f98821cb5881c77ce0a79ef9a6c389add2af75a1a7912b6,2026-10-09T11:17:21.168025+00:00,True,,,False,35,GB/T 18386.1-2021,2,"[""GB/T 18386.1-2021""]",0,0,False
old:0e5a54e2e7ee4d0db9c6ff0fb425d2be:ca3d4ae3ae66044cba87b8e703a38f5dbed187b793336f18f415de2fa5b49ed0,GAM7001BEVA0W,0e5a54e2e7ee4d0db9c6ff0fb425d2be,old_currentPage/page0009_response.json,/info/list/118,9c1ad18dc467b245029b46af95a653d97f27cf383f23ce6850f799159ecaf0df,2026-10-09T09:50:51.158587+00:00,2024-01,raw/detail00093_0e5a54e2e7ee4d0db9c6ff0fb425d2be_attempt01_response.json,raw/detail00093_0e5a54e2e7ee4d0db9c6ff0fb425d2be_attempt01_receipt.json,1562,4a7a59227f412115edbee1dcbc37ff52e34cb51f451856ad1d8cfbced307b394,2026-10-09T11:17:23.168226+00:00,True,,,False,35,GB/T 18386.1-2021,2,"[""GB/T 18386.1-2021""]",0,0,False
old:a1d3364868d54c7e9e045aecc2785747:1826fcab0bfaa8d72c63d9ee384ae1d34634f0c4f658ff3e1cfe046367e13897,GAM7001BEVA0X,a1d3364868d54c7e9e045aecc2785747,old_currentPage/page0009_response.json,/info/list/124,9c1ad18dc467b245029b46af95a653d97f27cf383f23ce6850f799159ecaf0df,2026-10-09T09:50:51.158587+00:00,2024-01,raw/detail00094_a1d3364868d54c7e9e045aecc2785747_attempt01_response.json,raw/detail00094_a1d3364868d54c7e9e045aecc2785747_attempt01_receipt.json,1562,759081a46d233dc78e7a14974184534776e658205acfb1cc34eed06dbdcc0e16,2026-10-09T11:17:25.168401+00:00,True,,,False,35,GB/T 18386.1-2021,2,"[""GB/T 18386.1-2021""]",0,0,False
old:859b079851e64a16a1f2ea7d54ca5472:a642855687283e8d757b9b92a81f59db185b7c6a295131b63926f2d0adb01a66,GAM7000BEVA0L,859b079851e64a16a1f2ea7d54ca5472,old_currentPage/page0009_response.json,/info/list/130,9c1ad18dc467b245029b46af95a653d97f27cf383f23ce6850f799159ecaf0df,2026-10-09T09:50:51.158587+00:00,2024-01,raw/detail00095_859b079851e64a16a1f2ea7d54ca5472_attempt01_response.json,raw/detail00095_859b079851e64a16a1f2ea7d54ca5472_attempt01_receipt.json,1561,60ad7f503a8186c4c012bc01bb83a71a0a2aabfb2af0dc93cc3985fe2111c83c,2026-10-09T11:17:27.168621+00:00,True,,,False,35,GB/T 18386.1-2021,2,"[""GB/T 18386.1-2021""]",0,0,False
old:9aef275f01af4e5c9703db2b6434b99b:cde84ace8bead0f0df100b341b19ec9eb8445b7e4c627d0e4dfadc94f0cccafb,JL7000BEV01,9aef275f01af4e5c9703db2b6434b99b,old_currentPage/page0009_response.json,/info/list/136,9c1ad18dc467b245029b46af95a653d97f27cf383f23ce6850f799159ecaf0df,2026-10-09T09:50:51.158587+00:00,2024-01,raw/detail00096_9aef275f01af4e5c9703db2b6434b99b_attempt01_response.json,raw/detail00096_9aef275f01af4e5c9703db2b6434b99b_attempt01_receipt.json,1603,04fc19d4eaa7420b01456495213dc9716a36e33752a70af4f87a5dda3374bb93,2026-10-09T11:17:29.168860+00:00,True,,,False,35,GB/T 18386.1-2021,2,"[""GB/T 18386.1-2021""]",0,0,False
old:121888c0059947c2a4bef951700efe68:cbfbf6ae7e12dca47eccc6c2256fc94a3d6a6200be19f4055d6f8e958e87226a,HFC6502ECSEV5-W,121888c0059947c2a4bef951700efe68,old_currentPage/page0009_response.json,/info/list/141,9c1ad18dc467b245029b46af95a653d97f27cf383f23ce6850f799159ecaf0df,2026-10-09T09:50:51.158587+00:00,2024-01,raw/detail00097_121888c0059947c2a4bef951700efe68_attempt01_response.json,raw/detail00097_121888c0059947c2a4bef951700efe68_attempt01_receipt.json,1614,6ef56ffaeabca3952fba01269a7ee7a2ada1f0b73940674a32301f1832140e54,2026-10-09T11:17:31.169053+00:00,True,,,False,35,GB/T 18386.1-2021,2,"[""GB/T 18386.1-2021""]",0,0,False
old:4b0ac8495a184833a3de1df508f5c9dd:5326bc05c50efff9dc9f86954084c172c0046401c923f22dc12aff677432be36,LZW7006EVA2,4b0ac8495a184833a3de1df508f5c9dd,old_currentPage/page0009_response.json,/info/list/142,9c1ad18dc467b245029b46af95a653d97f27cf383f23ce6850f799159ecaf0df,2026-10-09T09:50:51.158587+00:00,2024-01,raw/detail00098_4b0ac8495a184833a3de1df508f5c9dd_attempt01_response.json,raw/detail00098_4b0ac8495a184833a3de1df508f5c9dd_attempt01_receipt.json,1604,aaecc0d905edeb94ee98275bd6425b0f2436658c1116a8340a72c02790700071,2026-10-09T11:17:33.169332+00:00,True,,,False,35,GB/T 18386.1-2021,2,"[""GB/T 18386.1-2021""]",0,0,False
old:ab8c9b9887714dbd97bc42769e4241ae:9c7f2b3b123a4c23519455fdef2642195018d345a224340e4a1fdcfb1d419f40,GAM7000BEVA0M,ab8c9b9887714dbd97bc42769e4241ae,old_currentPage/page0009_response.json,/info/list/144,9c1ad18dc467b245029b46af95a653d97f27cf383f23ce6850f799159ecaf0df,2026-10-09T09:50:51.158587+00:00,2024-01,raw/detail00099_ab8c9b9887714dbd97bc42769e4241ae_attempt01_response.json,raw/detail00099_ab8c9b9887714dbd97bc42769e4241ae_attempt01_receipt.json,1529,ab90f00a321c3140a0baf6c20483a7b0a5a06df0e6850d25e542aa7443f49a49,2026-10-09T11:17:35.169506+00:00,True,,,False,35,BJ_18386_2017,1,"[""GB/T 18386-2017""]",0,0,False
old:2e314fc6c66c466ebcb8845edf68c125:f7e75fd032761ee17c93461417891c734d82adc505a34a83b014e65111d1ccd3,GAM7000BEVE0J,2e314fc6c66c466ebcb8845edf68c125,old_currentPage/page0009_response.json,/info/list/145,9c1ad18dc467b245029b46af95a653d97f27cf383f23ce6850f799159ecaf0df,2026-10-09T09:50:51.158587+00:00,2024-01,raw/detail00100_2e314fc6c66c466ebcb8845edf68c125_attempt01_response.json,raw/detail00100_2e314fc6c66c466ebcb8845edf68c125_attempt01_receipt.json,1562,bdcb9ddd0c82c797d8e71d6831134d72fe504b1d13982df9863fe9894d295535,2026-10-09T11:17:37.169720+00:00,True,,,False,35,GB/T 18386.1-2021,2,"[""GB/T 18386.1-2021""]",0,0,False
