source_file,source_sha256,kind,model_key,sequence_raw,firm_raw,model_raw,trade_name_raw,range_raw,curb_mass_raw,battery_mass_raw,battery_energy_raw,remarks_raw,product_name_raw,catalogue_batch_marked_raw,location
mf_batch01.pdf,eac13628c37f01c4da157a2d1916d97acc81fdc295f18e1783549075ce7e5aa7,目录列入,HFC7000AEV,1,安徽江淮汽车股份有限公司,HFC7000AEV,和悦iEV,152,1200,223,19,,,,pdfplumber ruled-grid;page=1;table=0;row=2
mf_batch01.pdf,eac13628c37f01c4da157a2d1916d97acc81fdc295f18e1783549075ce7e5aa7,目录列入,BJ7000B3D1-BEV,2,北京汽车股份有限公司,BJ7000B3D1-BEV,EV200,160,1370,285,26,,,,pdfplumber ruled-grid;page=1;table=0;row=3
mf_batch01.pdf,eac13628c37f01c4da157a2d1916d97acc81fdc295f18e1783549075ce7e5aa7,目录列入,BJ7000C7H1-BEV,3,,BJ7000C7H1-BEV,绅宝EV,170,1760,375,38,,,,pdfplumber ruled-grid;page=1;table=0;row=4
mf_batch01.pdf,eac13628c37f01c4da157a2d1916d97acc81fdc295f18e1783549075ce7e5aa7,目录列入,BJ7000C7H3-BEV,4,,BJ7000C7H3-BEV,绅宝EV,170,1760,341,38,,,,pdfplumber ruled-grid;page=1;table=0;row=5
mf_batch01.pdf,eac13628c37f01c4da157a2d1916d97acc81fdc295f18e1783549075ce7e5aa7,目录列入,BJ5021XXYV3R1-BEV,5,,BJ5021XXYV3R1-BEV,威旺307EV,150,1640,454,38,,,,pdfplumber ruled-grid;page=1;table=0;row=6
mf_batch01.pdf,eac13628c37f01c4da157a2d1916d97acc81fdc295f18e1783549075ce7e5aa7,目录列入,QCJ7006BEVF,6,比亚迪汽车工业有限公司,QCJ7006BEVF,比亚迪e6,322,2360/2380,750,63,,,,pdfplumber ruled-grid;page=1;table=0;row=7
mf_batch01.pdf,eac13628c37f01c4da157a2d1916d97acc81fdc295f18e1783549075ce7e5aa7,目录列入,QCJ7007BEV,7,,QCJ7007BEV,腾势,253,2090,550,48,,,,pdfplumber ruled-grid;page=1;table=0;row=8
mf_batch01.pdf,eac13628c37f01c4da157a2d1916d97acc81fdc295f18e1783549075ce7e5aa7,目录列入,DFL7000B2BEV,8,东风汽车有限公司,DFL7000B2BEV,启辰e30,175,1494,273,24,,,,pdfplumber ruled-grid;page=1;table=0;row=9
mf_batch01.pdf,eac13628c37f01c4da157a2d1916d97acc81fdc295f18e1783549075ce7e5aa7,目录列入,DN7000MBEV,9,东南(福建)汽车工业有限公司,DN7000MBEV,V3菱悦纯电动轿车,80,1330,260,20,,,,pdfplumber ruled-grid;page=1;table=0;row=10
mf_batch01.pdf,eac13628c37f01c4da157a2d1916d97acc81fdc295f18e1783549075ce7e5aa7,目录列入,SQR7000BEVS184,10,奇瑞汽车股份有限公司,SQR7000BEVS184,瑞麒M1 EV,80,1060,235,15,,,,pdfplumber ruled-grid;page=1;table=0;row=11
mf_batch01.pdf,eac13628c37f01c4da157a2d1916d97acc81fdc295f18e1783549075ce7e5aa7,目录列入,SQR7000BEVJ00,11,,SQR7000BEVJ00,奇瑞 eQ,151,1128,256,22,,,,pdfplumber ruled-grid;page=1;table=0;row=12
mf_batch01.pdf,eac13628c37f01c4da157a2d1916d97acc81fdc295f18e1783549075ce7e5aa7,目录列入,CSA7000BEV,12,上海汽车集团股份有限公司,CSA7000BEV,荣威 E50,120,1080,235,18,,,,pdfplumber ruled-grid;page=1;table=0;row=13
mf_batch01.pdf,eac13628c37f01c4da157a2d1916d97acc81fdc295f18e1783549075ce7e5aa7,目录列入,SGM7001EV,13,上海通用汽车有限公司,SGM7001EV,Springo,152,1385,265,21,,,,pdfplumber ruled-grid;page=1;table=0;row=14
mf_batch01.pdf,eac13628c37f01c4da157a2d1916d97acc81fdc295f18e1783549075ce7e5aa7,目录列入,SQJ6452BEV,14,四川汽车工业股份有限公司,SQJ6452BEV,-,120/200,1630,500/550,32/45,,,,pdfplumber ruled-grid;page=1;table=0;row=15
mf_batch01.pdf,eac13628c37f01c4da157a2d1916d97acc81fdc295f18e1783549075ce7e5aa7,目录列入,SMA7000BEV,15,浙江吉利汽车有限公司,SMA7000BEV,康迪纯电动轿车,150,1160,300/310,21,,,,pdfplumber ruled-grid;page=1;table=0;row=16
mf_batch01.pdf,eac13628c37f01c4da157a2d1916d97acc81fdc295f18e1783549075ce7e5aa7,目录列入,SMA7001BEV,16,,SMA7001BEV,康迪纯电动轿车,150,1200,300/310,21,,,,pdfplumber ruled-grid;page=1;table=0;row=17
mf_batch01.pdf,eac13628c37f01c4da157a2d1916d97acc81fdc295f18e1783549075ce7e5aa7,目录列入,SC7005EV,17,重庆长安汽车股份有限公司,SC7005EV,E30,120,1610,380,32/29,,,,pdfplumber ruled-grid;page=1;table=0;row=18
