source_name,field,value,date_semantics,source_url,evidence_file,source_sha256,observed_at_utc,field_locator_or_quote,conclusion,boundary,certifies_historical_actual_first_online
hainan_first_full,regional_registered_publication_date,2014-08-26,当前地方法规库明示发布日期；与自身正文落款冲突,https://hainan.chinatax.gov.cn/lawlibrary/clgzs/21326.jhtml,/workspace/purchase_tax_audit/round9/public_first_batch/hainan_first_full.html,9bfebbc601fcb791f1e1f643dc29901a28fcb8746b6df6dfefb0764313c9de0d,2026-10-09T07:52:43.845414+00:00,HTML table 发布日期：2014-08-26; meta PubDate=2014-08-26,只保留登记观察，不认证此日真实上线,页成文日期亦登记8/26，正文却落款8/27；当前来源标总局政策库，不能自行解释一日差异,0
hainan_first_full,regional_registered_signed_date,2014-08-26,当前地方法规库成文日期字段,https://hainan.chinatax.gov.cn/lawlibrary/clgzs/21326.jhtml,/workspace/purchase_tax_audit/round9/public_first_batch/hainan_first_full.html,9bfebbc601fcb791f1e1f643dc29901a28fcb8746b6df6dfefb0764313c9de0d,2026-10-09T07:52:43.845414+00:00,HTML table 成文日期：2014-08-26,与正文落款8/27冲突，不能替代主管原件落款,不把表头登记误当可靠真实首次公开日,0
hainan_first_full,body_signed_date,2014-08-27,完整54号正文落款,https://hainan.chinatax.gov.cn/lawlibrary/clgzs/21326.jhtml,/workspace/purchase_tax_audit/round9/public_first_batch/hainan_first_full.html,9bfebbc601fcb791f1e1f643dc29901a28fcb8746b6df6dfefb0764313c9de0d,2026-10-09T07:52:43.845414+00:00,工业和信息化部 国家税务总局<br /> 2014年8月27日,完整公告及真实车型附件href当前可读，落款仍只是落款,未重下载已齐的目录PDF，链接路径20200403不用于历史日期,0
mof_historical_news,reported_catalogue_issuance_day,2014-08-28,财政部转载中国财经报对印发事件的报道,https://www.mof.gov.cn/zhengwuxinxi/caijingshidian/zgcjb/201409/t20140918_1140952.htm,/workspace/purchase_tax_audit/round9/public_first_batch/mof_historical_news.html,6aff921e7548b6446179adeadf0acb0ae8f63e373b56798b186489761cd9a1ad,2026-10-09T07:52:43.845772+00:00,8月28日，工业和信息化部会同税务总局印发《免征车辆购置税的新能源汽车车型目录》（第一批）。,新增同期政策报道印发线索；不是完整原公告或车型附件上线记录,不把印发或报道公布措辞作全网首发；该新闻未提供第一批车型PDF,0
mof_historical_news,historical_news_labeled_date,2014-09-18,财政部新闻页明示日期及meta登记,https://www.mof.gov.cn/zhengwuxinxi/caijingshidian/zgcjb/201409/t20140918_1140952.htm,/workspace/purchase_tax_audit/round9/public_first_batch/mof_historical_news.html,6aff921e7548b6446179adeadf0acb0ae8f63e373b56798b186489761cd9a1ad,2026-10-09T07:52:43.845772+00:00,2014年9月18日 来源：中国财经报; meta PubDate=2014-09-18 10:39:00,仅证这篇历史报道的登记日期,不转作原公告/附件在2014年的真实网页观察上界,0
esnai_first_full,document_issuance_date,2014-08-27,完整正式法规转载页的发文时间字段,https://law.esnai.com/view/148900/,/workspace/purchase_tax_audit/round9/public_first_batch/esnai_first_full.html,2d4cce67b2b83e4b5d8c2fe4967caa768ca3bcc0a965d08a0a757e1876256d02,2026-10-09T07:50:37.708558+00:00,发文时间：2014-8-27; 实施时间：2014-9-1,完整54号正文和真实车型附件href当前取得，网页历史发布时间未明示,附件路径/upload_files/14/20149122313185431.pdf不得推成2014-09-12上线日期,0
round8_tax_primary_reused,registered_public_date_in_official_index,2014-08-27,复用主管现存登记字段,https://www.chinatax.gov.cn/search5/search/s?siteCode=bm29000002&searchWord=%E5%85%8D%E5%BE%81%E8%BD%A6%E8%BE%86%E8%B4%AD%E7%BD%AE%E7%A8%8E%E7%9A%84%E6%96%B0%E8%83%BD%E6%BA%90%E6%B1%BD%E8%BD%A6%E8%BD%A6%E5%9E%8B%E7%9B%AE%E5%BD%95+%E7%AC%AC%E4%B8%80%E6%89%B9&pageSize=20&pageNum=0&orderBy=5&column=%E6%94%BF%E7%AD%96%E6%B3%95%E8%A7%84%2C%E6%94%BF%E7%AD%96%E8%A7%A3%E8%AF%BB%2C%E6%94%BF%E7%AD%96%E6%8C%87%E5%BC%95&label=%E6%96%87%E5%AD%97%E6%94%BF%E7%AD%96%E8%A7%A3%E8%AF%BB%2C%E6%B3%95%E5%BE%8B%2C%E8%A1%8C%E6%94%BF%E6%B3%95%E8%A7%84%2C%E5%9B%BD%E5%8A%A1%E9%99%A2%E6%96%87%E4%BB%B6%2C%E7%A8%8E%E5%8A%A1%E9%83%A8%E9%97%A8%E8%A7%84%E7%AB%A0%2C%E7%A8%8E%E5%8A%A1%E8%A7%84%E8%8C%83%E6%80%A7%E6%96%87%E4%BB%B6%2C%E8%B4%A2%E7%A8%8E%E6%96%87%E4%BB%B6%2C%E5%85%B6%E4%BB%96%E6%96%87%E4%BB%B6%2C%E5%B7%A5%E4%BD%9C%E9%80%9A%E7%9F%A5%2C%E6%94%BF%E7%AD%96%E6%8C%87%E5%BC%95&likeDoc=0&wordPlace=0&indexCode=1&participleRule=5&searchSiteName=GSFFK,/workspace/purchase_tax_audit/round8/public_archive_final_pass/tax_first_final_query.html,fcc6217eac650a741f6dc71f829be232b070ced90c06d77b2af4f7a4963f944a,2026-10-09T05:24:11.885061+00:00,registered_public_date_in_official_index,登记层已取得；科学日期未改,复用round8主管税库pubDate登记；本轮不重请求、不升格历史实际首次上线,0
round8_tax_primary_reused,page_html_metadata_PubDate,2026-06-02 15:18:48,复用主管现存登记字段,https://fgk.chinatax.gov.cn/zcfgk/c100013/c5207263/content.html,/workspace/purchase_tax_audit/round8/public_archive_final_pass/first_batch_primary_registered_page.html,3dc8158746c05541db72eea7abf64690b5edd57188f02e2f96294c16495b6c16,2026-10-09T05:25:08.921869+00:00,page_html_metadata_PubDate,登记层已取得；科学日期未改,仅HTML meta字段，保留与索引差异，不解释迁移或修改原因,0
round9_bounded_conclusion,historical_actual_first_online_date,,仍未核实,,/workspace/purchase_tax_audit/round9/public_first_batch/conclusion.json,,2026-10-09T07:55:45.947851+00:00,5次公共CDX与具体源页/新闻/登记字段分层判断,本轮新增闭合0项；无可给出的新历史公开观察上界,不将检索无结果、404、空CDX视为历史未公开；不阻塞2023–2024目录状态分析,0
