observation_version_key,source_id,source_public_date,source_sha256,firm_raw,model_key,recommendation_config_id,four_requirement_numeric_screen,conditional_low_temperature_threshold_numeric_fit,low_temperature_report_id,low_temperature_test_institution,test_standard_and_revision,annex_A_report_available,test_date,tested_configuration_identity_key,normal_temperature_test_range_km,low_temperature_test_range_km,range_degradation_percent_from_report,test_report_source_sha256,tax_catalogue_same_configuration_certificate,battery_manufacturer_model_and_variant,motor_manufacturer_model_and_variant,configuration_bridge_evidence_url_or_file,configuration_bridge_evidence_sha256,full_configuration_match_verified,low_temperature_evidence_obtained,collection_grain,priority
rec2022_12|rec2022_12-p51-t1|NC024135,rec2022_12,2022-12-30,dae8aac7e9ccbe9c046bc0be62323deddcb91e52ed3fb3202e0fbe0e5e7993e7,湖南江南汽车制造有限公司,JNJ7000EVF4,NC024135,至少一项声明数值未达常规门槛,1,,,,,,,,,,,,,,,,0,0,configuration-version evidence request; no test observation added,优先核低温例外所需检测证据
rec2022_12|rec2022_12-p78-t2|NC025122,rec2022_12,2022-12-30,dae8aac7e9ccbe9c046bc0be62323deddcb91e52ed3fb3202e0fbe0e5e7993e7,北京汽车制造厂有限公司,BAW7000UB44BEV,NC025122,至少一项声明数值未达常规门槛,1,,,,,,,,,,,,,,,,0,0,configuration-version evidence request; no test observation added,优先核低温例外所需检测证据
rec2022_12|rec2022_12-p78-t2|NC020342,rec2022_12,2022-12-30,dae8aac7e9ccbe9c046bc0be62323deddcb91e52ed3fb3202e0fbe0e5e7993e7,北京汽车制造厂有限公司,BAW7000UB44BEV,NC020342,至少一项声明数值未达常规门槛,1,,,,,,,,,,,,,,,,0,0,configuration-version evidence request; no test observation added,优先核低温例外所需检测证据
rec2022_12|rec2022_12-p78-t3|NC019146,rec2022_12,2022-12-30,dae8aac7e9ccbe9c046bc0be62323deddcb91e52ed3fb3202e0fbe0e5e7993e7,北京汽车制造厂有限公司,BAW7000UL47BEV,NC019146,至少一项声明数值未达常规门槛,1,,,,,,,,,,,,,,,,0,0,configuration-version evidence request; no test observation added,优先核低温例外所需检测证据
rec2022_12|rec2022_12-p78-t3|NC019150,rec2022_12,2022-12-30,dae8aac7e9ccbe9c046bc0be62323deddcb91e52ed3fb3202e0fbe0e5e7993e7,北京汽车制造厂有限公司,BAW7000UL47BEV,NC019150,至少一项声明数值未达常规门槛,1,,,,,,,,,,,,,,,,0,0,configuration-version evidence request; no test observation added,优先核低温例外所需检测证据
rec2022_12|rec2022_12-p78-t3|NC022413,rec2022_12,2022-12-30,dae8aac7e9ccbe9c046bc0be62323deddcb91e52ed3fb3202e0fbe0e5e7993e7,北京汽车制造厂有限公司,BAW7000UL47BEV,NC022413,至少一项声明数值未达常规门槛,1,,,,,,,,,,,,,,,,0,0,configuration-version evidence request; no test observation added,优先核低温例外所需检测证据
rec2022_12|rec2022_12-p78-t3|NC022414,rec2022_12,2022-12-30,dae8aac7e9ccbe9c046bc0be62323deddcb91e52ed3fb3202e0fbe0e5e7993e7,北京汽车制造厂有限公司,BAW7000UL47BEV,NC022414,至少一项声明数值未达常规门槛,1,,,,,,,,,,,,,,,,0,0,configuration-version evidence request; no test observation added,优先核低温例外所需检测证据
rec2022_12|rec2022_12-p78-t3|NC027157,rec2022_12,2022-12-30,dae8aac7e9ccbe9c046bc0be62323deddcb91e52ed3fb3202e0fbe0e5e7993e7,北京汽车制造厂有限公司,BAW7000UL47BEV,NC027157,至少一项声明数值未达常规门槛,1,,,,,,,,,,,,,,,,0,0,configuration-version evidence request; no test observation added,优先核低温例外所需检测证据
rec2022_12|rec2022_12-p78-t3|NC027158,rec2022_12,2022-12-30,dae8aac7e9ccbe9c046bc0be62323deddcb91e52ed3fb3202e0fbe0e5e7993e7,北京汽车制造厂有限公司,BAW7000UL47BEV,NC027158,至少一项声明数值未达常规门槛,1,,,,,,,,,,,,,,,,0,0,configuration-version evidence request; no test observation added,优先核低温例外所需检测证据
rec2022_04|rec2022_04-p59-t3|NC017138,rec2022_04,2022-05-12,022b14b038c2f782fc35988b08756c262187f1dccaeccd65edef82af8566a4d2,东风小康汽车有限公司,DXK7001RD2BEV,NC017138,至少一项声明数值未达常规门槛,1,,,,,,,,,,,,,,,,0,0,configuration-version evidence request; no test observation added,优先核低温例外所需检测证据
rec2022_04|rec2022_04-p60-t0|NC017128,rec2022_04,2022-05-12,022b14b038c2f782fc35988b08756c262187f1dccaeccd65edef82af8566a4d2,东风小康汽车有限公司,DXK7001RD5BEV,NC017128,至少一项声明数值未达常规门槛,1,,,,,,,,,,,,,,,,0,0,configuration-version evidence request; no test observation added,优先核低温例外所需检测证据
rec2022_04|rec2022_04-p65-t1|NC016943,rec2022_04,2022-05-12,022b14b038c2f782fc35988b08756c262187f1dccaeccd65edef82af8566a4d2,广汽丰田汽车有限公司,GTM6470BFEBEV,NC016943,至少一项声明数值未达常规门槛,1,,,,,,,,,,,,,,,,0,0,configuration-version evidence request; no test observation added,优先核低温例外所需检测证据
rec2022_04|rec2022_04-p65-t3|NC017071,rec2022_04,2022-05-12,022b14b038c2f782fc35988b08756c262187f1dccaeccd65edef82af8566a4d2,上汽通用五菱汽车股份有限公司,LZW7005EVA5KBJA,NC017071,至少一项声明数值未达常规门槛,1,,,,,,,,,,,,,,,,0,0,configuration-version evidence request; no test observation added,优先核低温例外所需检测证据
rec2022_04|rec2022_04-p65-t4|NC017291,rec2022_04,2022-05-12,022b14b038c2f782fc35988b08756c262187f1dccaeccd65edef82af8566a4d2,上汽通用五菱汽车股份有限公司,LZW7005EVC1EBJ,NC017291,至少一项声明数值未达常规门槛,1,,,,,,,,,,,,,,,,0,0,configuration-version evidence request; no test observation added,优先核低温例外所需检测证据
rec2022_04|rec2022_04-p67-t2|NC017511,rec2022_04,2022-05-12,022b14b038c2f782fc35988b08756c262187f1dccaeccd65edef82af8566a4d2,四川野马汽车股份有限公司,SQJ7002YAC1BEV,NC017511,至少一项声明数值未达常规门槛,1,,,,,,,,,,,,,,,,0,0,configuration-version evidence request; no test observation added,优先核低温例外所需检测证据
rec2022_04|rec2022_04-p67-t3|NC017148,rec2022_04,2022-05-12,022b14b038c2f782fc35988b08756c262187f1dccaeccd65edef82af8566a4d2,四川野马汽车股份有限公司,SQJ7002YACBEV,NC017148,至少一项声明数值未达常规门槛,1,,,,,,,,,,,,,,,,0,0,configuration-version evidence request; no test observation added,优先核低温例外所需检测证据
rec2022_04|rec2022_04-p69-t2|NC017425,rec2022_04,2022-05-12,022b14b038c2f782fc35988b08756c262187f1dccaeccd65edef82af8566a4d2,江苏吉麦新能源车业有限公司,HXK7000BEVA13,NC017425,至少一项声明数值未达常规门槛,1,,,,,,,,,,,,,,,,0,0,configuration-version evidence request; no test observation added,优先核低温例外所需检测证据
rec2022_04|rec2022_04-p69-t2|NC017433,rec2022_04,2022-05-12,022b14b038c2f782fc35988b08756c262187f1dccaeccd65edef82af8566a4d2,江苏吉麦新能源车业有限公司,HXK7000BEVA13,NC017433,至少一项声明数值未达常规门槛,1,,,,,,,,,,,,,,,,0,0,configuration-version evidence request; no test observation added,优先核低温例外所需检测证据
rec2022_04|rec2022_04-p69-t3|NC017645,rec2022_04,2022-05-12,022b14b038c2f782fc35988b08756c262187f1dccaeccd65edef82af8566a4d2,江西江铃集团新能源汽车有限公司,JX7004ESABEV,NC017645,至少一项声明数值未达常规门槛,1,,,,,,,,,,,,,,,,0,0,configuration-version evidence request; no test observation added,优先核低温例外所需检测证据
