engine,source_sha256,page_1based,page_table_1based,physical_fragment_row_1based,row_is_header,printed_sequence,model_raw,power_section,vehicle_class_section,row_is_data,extraction_reason,bbox
fresh_LO_rendered_PDF_geometry,c4e238989e7e40ec2c3a6a899ead170b4a745bc72546ba6fd4a5731d8890c6cb,1,1,1,1,序号,车辆型号,纯电动汽车,乘用车,0,分页图形表格内完整原列；重复表头标注后排除数据计数,"[43.02499961853027, 194.70062255859375, 803.2000122070312, 223.0006103515625]"
fresh_LO_rendered_PDF_geometry,c4e238989e7e40ec2c3a6a899ead170b4a745bc72546ba6fd4a5731d8890c6cb,1,1,2,0,1,JWEV2WD,纯电动汽车,乘用车,1,分页图形表格内完整原列；重复表头标注后排除数据计数,"[43.02499961853027, 223.0006103515625, 803.2000122070312, 268.1006164550781]"
fresh_LO_rendered_PDF_geometry,c4e238989e7e40ec2c3a6a899ead170b4a745bc72546ba6fd4a5731d8890c6cb,1,1,3,0,2,JWEVP4WD,纯电动汽车,乘用车,1,分页图形表格内完整原列；重复表头标注后排除数据计数,"[43.02499961853027, 238.0006103515625, 803.2000122070312, 253.10061645507812]"
fresh_LO_rendered_PDF_geometry,c4e238989e7e40ec2c3a6a899ead170b4a745bc72546ba6fd4a5731d8890c6cb,1,1,4,0,3,JWEV4WD,纯电动汽车,乘用车,1,分页图形表格内完整原列；重复表头标注后排除数据计数,"[43.02499961853027, 253.10061645507812, 803.2000122070312, 268.1006164550781]"
fresh_LO_rendered_PDF_geometry,c4e238989e7e40ec2c3a6a899ead170b4a745bc72546ba6fd4a5731d8890c6cb,1,1,5,0,4,CA7000H0EVF,纯电动汽车,乘用车,1,分页图形表格内完整原列；重复表头标注后排除数据计数,"[43.02499961853027, 268.1006164550781, 803.2000122070312, 298.20062255859375]"
fresh_LO_rendered_PDF_geometry,c4e238989e7e40ec2c3a6a899ead170b4a745bc72546ba6fd4a5731d8890c6cb,1,1,6,0,5,CA7000H0SEVA,纯电动汽车,乘用车,1,分页图形表格内完整原列；重复表头标注后排除数据计数,"[43.02499961853027, 283.20062255859375, 803.2000122070312, 298.20062255859375]"
fresh_LO_rendered_PDF_geometry,c4e238989e7e40ec2c3a6a899ead170b4a745bc72546ba6fd4a5731d8890c6cb,1,1,7,0,6,DFM7002G1FCBEV,纯电动汽车,乘用车,1,分页图形表格内完整原列；重复表头标注后排除数据计数,"[43.02499961853027, 298.20062255859375, 803.2000122070312, 313.3006286621094]"
fresh_LO_rendered_PDF_geometry,c4e238989e7e40ec2c3a6a899ead170b4a745bc72546ba6fd4a5731d8890c6cb,1,1,8,0,7,DHW7006DHBEV,纯电动汽车,乘用车,1,分页图形表格内完整原列；重复表头标注后排除数据计数,"[43.02499961853027, 313.3006286621094, 803.2000122070312, 328.3006286621094]"
fresh_LO_rendered_PDF_geometry,c4e238989e7e40ec2c3a6a899ead170b4a745bc72546ba6fd4a5731d8890c6cb,1,1,9,0,8,SGM6491BBBEV,纯电动汽车,乘用车,1,分页图形表格内完整原列；重复表头标注后排除数据计数,"[43.02499961853027, 328.3006286621094, 803.2000122070312, 343.400634765625]"
fresh_LO_rendered_PDF_geometry,c4e238989e7e40ec2c3a6a899ead170b4a745bc72546ba6fd4a5731d8890c6cb,1,1,10,0,9,CC7000BJ00NABEV,纯电动汽车,乘用车,1,分页图形表格内完整原列；重复表头标注后排除数据计数,"[43.02499961853027, 343.400634765625, 803.2000122070312, 402.80059814453125]"
fresh_LO_rendered_PDF_geometry,c4e238989e7e40ec2c3a6a899ead170b4a745bc72546ba6fd4a5731d8890c6cb,1,1,11,0,10,"CC7000BH00HCBE
V",纯电动汽车,乘用车,1,分页图形表格内完整原列；重复表头标注后排除数据计数,"[43.02499961853027, 358.400634765625, 803.2000122070312, 387.80059814453125]"
fresh_LO_rendered_PDF_geometry,c4e238989e7e40ec2c3a6a899ead170b4a745bc72546ba6fd4a5731d8890c6cb,1,1,12,0,11,CC7000BJ00GABEV,纯电动汽车,乘用车,1,分页图形表格内完整原列；重复表头标注后排除数据计数,"[43.02499961853027, 387.80059814453125, 803.2000122070312, 402.80059814453125]"
fresh_LO_rendered_PDF_geometry,c4e238989e7e40ec2c3a6a899ead170b4a745bc72546ba6fd4a5731d8890c6cb,1,1,13,0,12,SC6483ABEBEV,纯电动汽车,乘用车,1,分页图形表格内完整原列；重复表头标注后排除数据计数,"[43.02499961853027, 402.80059814453125, 803.2000122070312, 417.900634765625]"
fresh_LO_rendered_PDF_geometry,c4e238989e7e40ec2c3a6a899ead170b4a745bc72546ba6fd4a5731d8890c6cb,1,1,14,0,13,BJ7001A616BEV,纯电动汽车,乘用车,1,分页图形表格内完整原列；重复表头标注后排除数据计数,"[43.02499961853027, 417.900634765625, 803.2000122070312, 432.900634765625]"
fresh_LO_rendered_PDF_geometry,c4e238989e7e40ec2c3a6a899ead170b4a745bc72546ba6fd4a5731d8890c6cb,1,1,15,0,14,VCC7002F23VBEV,纯电动汽车,乘用车,1,分页图形表格内完整原列；重复表头标注后排除数据计数,"[43.02499961853027, 432.900634765625, 803.2000122070312, 538.4756164550781]"
fresh_LO_rendered_PDF_geometry,c4e238989e7e40ec2c3a6a899ead170b4a745bc72546ba6fd4a5731d8890c6cb,1,1,16,0,15,VCC7002F22VBEV,纯电动汽车,乘用车,1,分页图形表格内完整原列；重复表头标注后排除数据计数,"[43.02499961853027, 448.0006103515625, 803.2000122070312, 463.0006103515625]"
fresh_LO_rendered_PDF_geometry,c4e238989e7e40ec2c3a6a899ead170b4a745bc72546ba6fd4a5731d8890c6cb,1,1,17,0,16,VCC7002F21VBEV,纯电动汽车,乘用车,1,分页图形表格内完整原列；重复表头标注后排除数据计数,"[43.02499961853027, 463.0006103515625, 803.2000122070312, 478.1006164550781]"
fresh_LO_rendered_PDF_geometry,c4e238989e7e40ec2c3a6a899ead170b4a745bc72546ba6fd4a5731d8890c6cb,1,1,18,0,17,VCC7002F24VBEV,纯电动汽车,乘用车,1,分页图形表格内完整原列；重复表头标注后排除数据计数,"[43.02499961853027, 478.1006164550781, 803.2000122070312, 493.1006164550781]"
fresh_LO_rendered_PDF_geometry,c4e238989e7e40ec2c3a6a899ead170b4a745bc72546ba6fd4a5731d8890c6cb,1,1,19,0,18,VCC7003F07XBEV,纯电动汽车,乘用车,1,分页图形表格内完整原列；重复表头标注后排除数据计数,"[43.02499961853027, 493.1006164550781, 803.2000122070312, 508.20062255859375]"
fresh_LO_rendered_PDF_geometry,c4e238989e7e40ec2c3a6a899ead170b4a745bc72546ba6fd4a5731d8890c6cb,1,1,20,0,19,VCC7003F44XBEV,纯电动汽车,乘用车,1,分页图形表格内完整原列；重复表头标注后排除数据计数,"[43.02499961853027, 508.20062255859375, 803.2000122070312, 523.2006225585938]"
fresh_LO_rendered_PDF_geometry,c4e238989e7e40ec2c3a6a899ead170b4a745bc72546ba6fd4a5731d8890c6cb,1,1,21,0,20,VCC7003F45XBEV,纯电动汽车,乘用车,1,分页图形表格内完整原列；重复表头标注后排除数据计数,"[43.02499961853027, 523.2006225585938, 803.2000122070312, 538.4756164550781]"
fresh_LO_rendered_PDF_geometry,c4e238989e7e40ec2c3a6a899ead170b4a745bc72546ba6fd4a5731d8890c6cb,2,1,1,1,序号,车辆型号,纯电动汽车,乘用车,0,分页图形表格内完整原列；重复表头标注后排除数据计数,"[43.02499961853027, 28.600616455078125, 803.2000122070312, 56.80059814453125]"
fresh_LO_rendered_PDF_geometry,c4e238989e7e40ec2c3a6a899ead170b4a745bc72546ba6fd4a5731d8890c6cb,2,1,2,0,21,VCC7003F06XBEV,纯电动汽车,乘用车,1,分页图形表格内完整原列；重复表头标注后排除数据计数,"[43.02499961853027, 56.80059814453125, 803.2000122070312, 71.900634765625]"
fresh_LO_rendered_PDF_geometry,c4e238989e7e40ec2c3a6a899ead170b4a745bc72546ba6fd4a5731d8890c6cb,2,1,3,0,22,HFC7002EWEV1,纯电动汽车,乘用车,1,分页图形表格内完整原列；重复表头标注后排除数据计数,"[43.02499961853027, 71.900634765625, 803.2000122070312, 131.30062866210938]"
fresh_LO_rendered_PDF_geometry,c4e238989e7e40ec2c3a6a899ead170b4a745bc72546ba6fd4a5731d8890c6cb,2,1,4,0,23,HFC7002EWEV2,纯电动汽车,乘用车,1,分页图形表格内完整原列；重复表头标注后排除数据计数,"[43.02499961853027, 86.900634765625, 803.2000122070312, 102.0006103515625]"
fresh_LO_rendered_PDF_geometry,c4e238989e7e40ec2c3a6a899ead170b4a745bc72546ba6fd4a5731d8890c6cb,2,1,5,0,24,HFC7004CSEV1-W,纯电动汽车,乘用车,1,分页图形表格内完整原列；重复表头标注后排除数据计数,"[43.02499961853027, 102.0006103515625, 803.2000122070312, 131.30062866210938]"
fresh_LO_rendered_PDF_geometry,c4e238989e7e40ec2c3a6a899ead170b4a745bc72546ba6fd4a5731d8890c6cb,2,1,6,0,25,QCJ6491SBEV4,纯电动汽车,乘用车,1,分页图形表格内完整原列；重复表头标注后排除数据计数,"[43.02499961853027, 131.30062866210938, 803.2000122070312, 161.400634765625]"
fresh_LO_rendered_PDF_geometry,c4e238989e7e40ec2c3a6a899ead170b4a745bc72546ba6fd4a5731d8890c6cb,2,1,7,0,26,QCJ6491SBEV3,纯电动汽车,乘用车,1,分页图形表格内完整原列；重复表头标注后排除数据计数,"[43.02499961853027, 146.400634765625, 803.2000122070312, 161.400634765625]"
fresh_LO_rendered_PDF_geometry,c4e238989e7e40ec2c3a6a899ead170b4a745bc72546ba6fd4a5731d8890c6cb,2,1,8,0,27,GAM7001BEVA1E,纯电动汽车,乘用车,1,分页图形表格内完整原列；重复表头标注后排除数据计数,"[43.02499961853027, 161.400634765625, 803.2000122070312, 176.5006103515625]"
fresh_LO_rendered_PDF_geometry,c4e238989e7e40ec2c3a6a899ead170b4a745bc72546ba6fd4a5731d8890c6cb,2,1,9,0,28,LZ7000SKD6EV,纯电动汽车,乘用车,1,分页图形表格内完整原列；重复表头标注后排除数据计数,"[43.02499961853027, 176.5006103515625, 803.2000122070312, 191.5006103515625]"
fresh_LO_rendered_PDF_geometry,c4e238989e7e40ec2c3a6a899ead170b4a745bc72546ba6fd4a5731d8890c6cb,2,1,10,0,29,CSA6501LBEV4,纯电动汽车,乘用车,1,分页图形表格内完整原列；重复表头标注后排除数据计数,"[43.02499961853027, 191.5006103515625, 803.2000122070312, 206.60061645507812]"
fresh_LO_rendered_PDF_geometry,c4e238989e7e40ec2c3a6a899ead170b4a745bc72546ba6fd4a5731d8890c6cb,2,1,11,0,30,BYD7006BEVA5,纯电动汽车,乘用车,1,分页图形表格内完整原列；重复表头标注后排除数据计数,"[43.02499961853027, 206.60061645507812, 803.2000122070312, 221.60061645507812]"
fresh_LO_rendered_PDF_geometry,c4e238989e7e40ec2c3a6a899ead170b4a745bc72546ba6fd4a5731d8890c6cb,2,1,12,0,31,LZW7007EVB3UAB,纯电动汽车,乘用车,1,分页图形表格内完整原列；重复表头标注后排除数据计数,"[43.02499961853027, 221.60061645507812, 803.2000122070312, 266.0006103515625]"
fresh_LO_rendered_PDF_geometry,c4e238989e7e40ec2c3a6a899ead170b4a745bc72546ba6fd4a5731d8890c6cb,2,1,13,0,32,"LZW6520EVC7EBN
C",纯电动汽车,乘用车,1,分页图形表格内完整原列；重复表头标注后排除数据计数,"[43.02499961853027, 236.70062255859375, 803.2000122070312, 266.0006103515625]"
fresh_LO_rendered_PDF_geometry,c4e238989e7e40ec2c3a6a899ead170b4a745bc72546ba6fd4a5731d8890c6cb,2,1,14,0,33,NHQ6480BEVFA,纯电动汽车,乘用车,1,分页图形表格内完整原列；重复表头标注后排除数据计数,"[43.02499961853027, 266.0006103515625, 803.2000122070312, 311.20062255859375]"
fresh_LO_rendered_PDF_geometry,c4e238989e7e40ec2c3a6a899ead170b4a745bc72546ba6fd4a5731d8890c6cb,2,1,15,0,34,NHQ6480BEVFB,纯电动汽车,乘用车,1,分页图形表格内完整原列；重复表头标注后排除数据计数,"[43.02499961853027, 281.1006164550781, 803.2000122070312, 296.1006164550781]"
fresh_LO_rendered_PDF_geometry,c4e238989e7e40ec2c3a6a899ead170b4a745bc72546ba6fd4a5731d8890c6cb,2,1,16,0,35,NHQ6480BEVFC,纯电动汽车,乘用车,1,分页图形表格内完整原列；重复表头标注后排除数据计数,"[43.02499961853027, 296.1006164550781, 803.2000122070312, 311.20062255859375]"
fresh_LO_rendered_PDF_geometry,c4e238989e7e40ec2c3a6a899ead170b4a745bc72546ba6fd4a5731d8890c6cb,2,1,17,0,36,THZ7000BEVS405,纯电动汽车,乘用车,1,分页图形表格内完整原列；重复表头标注后排除数据计数,"[43.02499961853027, 311.20062255859375, 803.2000122070312, 371.400634765625]"
fresh_LO_rendered_PDF_geometry,c4e238989e7e40ec2c3a6a899ead170b4a745bc72546ba6fd4a5731d8890c6cb,2,1,18,0,37,THZ7000BEVS404,纯电动汽车,乘用车,1,分页图形表格内完整原列；重复表头标注后排除数据计数,"[43.02499961853027, 326.20062255859375, 803.2000122070312, 341.30059814453125]"
fresh_LO_rendered_PDF_geometry,c4e238989e7e40ec2c3a6a899ead170b4a745bc72546ba6fd4a5731d8890c6cb,2,1,19,0,38,THZ7000BEVS364,纯电动汽车,乘用车,1,分页图形表格内完整原列；重复表头标注后排除数据计数,"[43.02499961853027, 341.30059814453125, 803.2000122070312, 356.30059814453125]"
fresh_LO_rendered_PDF_geometry,c4e238989e7e40ec2c3a6a899ead170b4a745bc72546ba6fd4a5731d8890c6cb,2,1,20,0,39,THZ6460BEVS30K,纯电动汽车,乘用车,1,分页图形表格内完整原列；重复表头标注后排除数据计数,"[43.02499961853027, 356.30059814453125, 803.2000122070312, 371.400634765625]"
fresh_LO_rendered_PDF_geometry,c4e238989e7e40ec2c3a6a899ead170b4a745bc72546ba6fd4a5731d8890c6cb,2,1,21,0,40,NEQ6470BEVS61,纯电动汽车,乘用车,1,分页图形表格内完整原列；重复表头标注后排除数据计数,"[43.02499961853027, 371.400634765625, 803.2000122070312, 386.57562255859375]"
