body_element_1based,element_type,table_1based,paragraph_text,power_section,vehicle_class_section
1,paragraph,,附件3,,
2,paragraph,,,,
3,paragraph,,免征车辆购置税的新能源汽车车型目录,,
4,paragraph,,（第六十四批）,,
5,paragraph,,,,
6,paragraph,,一、纯电动汽车,纯电动汽车,
7,paragraph,,（一）乘用车,纯电动汽车,乘用车
8,table,1,,纯电动汽车,乘用车
9,paragraph,,勘误：《免征车辆购置税的新能源汽车车型目录》（第六十二批）纯电动乘用车部分第6项，上汽通用汽车有限公司凯迪拉克(CADILLAC)牌SGM6500BEBEV纯电动多用途乘用车，纯电动续驶里程应为608km。,纯电动汽车,乘用车
10,paragraph,,,纯电动汽车,乘用车
11,paragraph,,（二）客车,纯电动汽车,客车
12,table,2,,纯电动汽车,客车
13,paragraph,,,纯电动汽车,客车
14,paragraph,,（三）货车,纯电动汽车,货车
15,table,3,,纯电动汽车,货车
16,paragraph,,,纯电动汽车,货车
17,paragraph,,（四）专用车,纯电动汽车,专用车
18,table,4,,纯电动汽车,专用车
19,paragraph,,,纯电动汽车,专用车
20,paragraph,,二、插电式混合动力汽车,插电式混合动力汽车,
21,paragraph,,（一）乘用车,插电式混合动力汽车,乘用车
22,table,5,,插电式混合动力汽车,乘用车
23,paragraph,,注：插电式混合动力汽车燃料消耗量仅包括传统燃料/不含电能折算。,插电式混合动力汽车,乘用车
24,paragraph,,勘误：《免征车辆购置税的新能源汽车车型目录》（第六十二批）插电式混合动力乘用车部分第4项，长城汽车股份有限公司魏牌牌CC6470AP02CPHEV插电式混合动力多用途乘用车，燃料消耗量应为5.4L/100km。,插电式混合动力汽车,乘用车
25,paragraph,,,插电式混合动力汽车,乘用车
26,paragraph,,（二）货车,插电式混合动力汽车,货车
27,table,6,,插电式混合动力汽车,货车
28,paragraph,,注：插电式混合动力汽车燃料消耗量仅包括传统燃料/不含电能折算。,插电式混合动力汽车,货车
29,paragraph,,,插电式混合动力汽车,货车
30,paragraph,,（三）专用车,插电式混合动力汽车,专用车
31,table,7,,插电式混合动力汽车,专用车
32,paragraph,,注：插电式混合动力汽车燃料消耗量仅包括传统燃料/不含电能折算。,插电式混合动力汽车,专用车
33,paragraph,,,插电式混合动力汽车,专用车
34,paragraph,,三、燃料电池汽车,燃料电池汽车,
35,paragraph,,（一）客车,燃料电池汽车,客车
36,table,8,,燃料电池汽车,客车
37,paragraph,,,燃料电池汽车,客车
38,paragraph,,（二）货车,燃料电池汽车,货车
39,table,9,,燃料电池汽车,货车
40,paragraph,,,燃料电池汽车,货车
41,paragraph,,（三）专用车,燃料电池汽车,专用车
42,table,10,,燃料电池汽车,专用车
43,paragraph,,,燃料电池汽车,专用车
