engine,source_sha256,body_element_1based,table_1based,table_0based,physical_table_row_1based,physical_column_count,row_is_header,row_is_data,header_repeat_on_each_page,source_sequence_text,automatic_sequence,automatic_numId,automatic_ilvl,model_raw,firm_raw,trade_or_product_name_raw,power_section,vehicle_class_section,included_in_BEV_passenger_data,extraction_reason,inclusion_reason,all_cell_text_json
fresh_LO_DOCX_OOXML,c4e238989e7e40ec2c3a6a899ead170b4a745bc72546ba6fd4a5731d8890c6cb,8,1,0,1,9,1,0,1,序号,,,,车辆型号,汽车生产企业名称,通用名称,纯电动汽车,乘用车,0,遍历整个文档全部body表和全部tr；未按研究型号筛选,表头，排除数据计数,"[""序号"", ""汽车生产企业名称"", ""车辆型号"", ""通用名称"", ""纯电动续驶里程(km)"", ""整车整备质量(kg)"", ""动力蓄电池组总质量(kg)"", ""动力蓄电池组总能量(kWh)"", ""备注""]"
fresh_LO_DOCX_OOXML,c4e238989e7e40ec2c3a6a899ead170b4a745bc72546ba6fd4a5731d8890c6cb,8,1,0,2,9,0,1,0,,1,10,0,JWEV2WD,捷尼赛思汽车销售(上海)有限公司,纯电动乘用车(GV60)(新能源汽车),纯电动汽车,乘用车,1,遍历整个文档全部body表和全部tr；未按研究型号筛选,本节纯电动乘用车数据行,"["""", ""捷尼赛思汽车销售(上海)有限公司"", ""JWEV2WD"", ""纯电动乘用车(GV60)(新能源汽车)"", ""645"", ""2016"", ""472"", ""76.4"", """"]"
fresh_LO_DOCX_OOXML,c4e238989e7e40ec2c3a6a899ead170b4a745bc72546ba6fd4a5731d8890c6cb,8,1,0,3,9,0,1,0,,2,10,0,JWEVP4WD,,纯电动乘用车(GV60)(新能源汽车),纯电动汽车,乘用车,1,遍历整个文档全部body表和全部tr；未按研究型号筛选,本节纯电动乘用车数据行,"["""", """", ""JWEVP4WD"", ""纯电动乘用车(GV60)(新能源汽车)"", ""551"", ""2207"", ""472"", ""76.4"", """"]"
fresh_LO_DOCX_OOXML,c4e238989e7e40ec2c3a6a899ead170b4a745bc72546ba6fd4a5731d8890c6cb,8,1,0,4,9,0,1,0,,3,10,0,JWEV4WD,,纯电动乘用车(GV60)(新能源汽车),纯电动汽车,乘用车,1,遍历整个文档全部body表和全部tr；未按研究型号筛选,本节纯电动乘用车数据行,"["""", """", ""JWEV4WD"", ""纯电动乘用车(GV60)(新能源汽车)"", ""618/580"", ""2145"", ""472"", ""76.4"", """"]"
fresh_LO_DOCX_OOXML,c4e238989e7e40ec2c3a6a899ead170b4a745bc72546ba6fd4a5731d8890c6cb,8,1,0,5,9,0,1,0,,4,10,0,CA7000H0EVF,中国第一汽车集团有限公司,红旗E-QM5,纯电动汽车,乘用车,1,遍历整个文档全部body表和全部tr；未按研究型号筛选,本节纯电动乘用车数据行,"["""", ""中国第一汽车集团有限公司"", ""CA7000H0EVF"", ""红旗E-QM5"", ""560"", ""1870"", ""450±13"", ""74.9"", """"]"
fresh_LO_DOCX_OOXML,c4e238989e7e40ec2c3a6a899ead170b4a745bc72546ba6fd4a5731d8890c6cb,8,1,0,6,9,0,1,0,,5,10,0,CA7000H0SEVA,,红旗E-QM5,纯电动汽车,乘用车,1,遍历整个文档全部body表和全部tr；未按研究型号筛选,本节纯电动乘用车数据行,"["""", """", ""CA7000H0SEVA"", ""红旗E-QM5"", ""400"", ""1770"", ""340±10"", ""49.7"", """"]"
fresh_LO_DOCX_OOXML,c4e238989e7e40ec2c3a6a899ead170b4a745bc72546ba6fd4a5731d8890c6cb,8,1,0,7,9,0,1,0,,6,10,0,DFM7002G1FCBEV,东风汽车集团有限公司,风神E70,纯电动汽车,乘用车,1,遍历整个文档全部body表和全部tr；未按研究型号筛选,本节纯电动乘用车数据行,"["""", ""东风汽车集团有限公司"", ""DFM7002G1FCBEV"", ""风神E70"", ""401"", ""1465"", ""360"", ""47.58"", """"]"
fresh_LO_DOCX_OOXML,c4e238989e7e40ec2c3a6a899ead170b4a745bc72546ba6fd4a5731d8890c6cb,8,1,0,8,9,0,1,0,,7,10,0,DHW7006DHBEV,东风本田汽车有限公司,M-NV,纯电动汽车,乘用车,1,遍历整个文档全部body表和全部tr；未按研究型号筛选,本节纯电动乘用车数据行,"["""", ""东风本田汽车有限公司"", ""DHW7006DHBEV"", ""M-NV"", ""500"", ""1619/1654"", ""417"", ""58.69"", """"]"
fresh_LO_DOCX_OOXML,c4e238989e7e40ec2c3a6a899ead170b4a745bc72546ba6fd4a5731d8890c6cb,8,1,0,9,9,0,1,0,,8,10,0,SGM6491BBBEV,上汽通用汽车有限公司,ELECTRA E5,纯电动汽车,乘用车,1,遍历整个文档全部body表和全部tr；未按研究型号筛选,本节纯电动乘用车数据行,"["""", ""上汽通用汽车有限公司"", ""SGM6491BBBEV"", ""ELECTRA E5"", ""620"", ""2210"", ""523.0"", ""79.7"", """"]"
fresh_LO_DOCX_OOXML,c4e238989e7e40ec2c3a6a899ead170b4a745bc72546ba6fd4a5731d8890c6cb,8,1,0,10,9,0,1,0,,9,10,0,CC7000BJ00NABEV,长城汽车股份有限公司,欧拉好猫,纯电动汽车,乘用车,1,遍历整个文档全部body表和全部tr；未按研究型号筛选,本节纯电动乘用车数据行,"["""", ""长城汽车股份有限公司"", ""CC7000BJ00NABEV"", ""欧拉好猫"", ""401(CLTC)"", ""1495/1550"", ""346±10"", ""47.8"", """"]"
fresh_LO_DOCX_OOXML,c4e238989e7e40ec2c3a6a899ead170b4a745bc72546ba6fd4a5731d8890c6cb,8,1,0,11,9,0,1,0,,10,10,0,CC7000BH00HCBEV,,欧拉闪电猫,纯电动汽车,乘用车,1,遍历整个文档全部body表和全部tr；未按研究型号筛选,本节纯电动乘用车数据行,"["""", """", ""CC7000BH00HCBEV"", ""欧拉闪电猫"", ""555(CLTC)"", ""1930/1970"", ""480"", ""63.87"", """"]"
fresh_LO_DOCX_OOXML,c4e238989e7e40ec2c3a6a899ead170b4a745bc72546ba6fd4a5731d8890c6cb,8,1,0,12,9,0,1,0,,11,10,0,CC7000BJ00GABEV,,"欧拉好猫,欧拉好猫GT",纯电动汽车,乘用车,1,遍历整个文档全部body表和全部tr；未按研究型号筛选,本节纯电动乘用车数据行,"["""", """", ""CC7000BJ00GABEV"", ""欧拉好猫,欧拉好猫GT"", ""401(CLTC)"", ""1545/1600"", ""394±11"", ""49.92"", """"]"
fresh_LO_DOCX_OOXML,c4e238989e7e40ec2c3a6a899ead170b4a745bc72546ba6fd4a5731d8890c6cb,8,1,0,13,9,0,1,0,,12,10,0,SC6483ABEBEV,河北长安汽车有限公司,睿行EM80Ⅱ,纯电动汽车,乘用车,1,遍历整个文档全部body表和全部tr；未按研究型号筛选,本节纯电动乘用车数据行,"["""", ""河北长安汽车有限公司"", ""SC6483ABEBEV"", ""睿行EM80Ⅱ"", ""240"", ""1610"", ""284±7"", ""38.7"", """"]"
fresh_LO_DOCX_OOXML,c4e238989e7e40ec2c3a6a899ead170b4a745bc72546ba6fd4a5731d8890c6cb,8,1,0,14,9,0,1,0,,13,10,0,BJ7001A616BEV,北汽蓝谷麦格纳汽车有限公司,αS HI、αS6 HI,纯电动汽车,乘用车,1,遍历整个文档全部body表和全部tr；未按研究型号筛选,本节纯电动乘用车数据行,"["""", ""北汽蓝谷麦格纳汽车有限公司"", ""BJ7001A616BEV"", ""αS HI、αS6 HI"", ""650(CLTC)"", ""2195"", ""550"", ""94.6"", """"]"
fresh_LO_DOCX_OOXML,c4e238989e7e40ec2c3a6a899ead170b4a745bc72546ba6fd4a5731d8890c6cb,8,1,0,15,9,0,1,0,,14,10,0,VCC7002F23VBEV,浙江豪情汽车制造有限公司,极星2,纯电动汽车,乘用车,1,遍历整个文档全部body表和全部tr；未按研究型号筛选,本节纯电动乘用车数据行,"["""", ""浙江豪情汽车制造有限公司"", ""VCC7002F23VBEV"", ""极星2"", ""780"", ""2034"", ""495"", ""82"", """"]"
fresh_LO_DOCX_OOXML,c4e238989e7e40ec2c3a6a899ead170b4a745bc72546ba6fd4a5731d8890c6cb,8,1,0,16,9,0,1,0,,15,10,0,VCC7002F22VBEV,,极星2,纯电动汽车,乘用车,1,遍历整个文档全部body表和全部tr；未按研究型号筛选,本节纯电动乘用车数据行,"["""", """", ""VCC7002F22VBEV"", ""极星2"", ""610"", ""2134"", ""493"", ""78"", """"]"
fresh_LO_DOCX_OOXML,c4e238989e7e40ec2c3a6a899ead170b4a745bc72546ba6fd4a5731d8890c6cb,8,1,0,17,9,0,1,0,,16,10,0,VCC7002F21VBEV,,极星2,纯电动汽车,乘用车,1,遍历整个文档全部body表和全部tr；未按研究型号筛选,本节纯电动乘用车数据行,"["""", """", ""VCC7002F21VBEV"", ""极星2"", ""650"", ""2132"", ""493"", ""78"", """"]"
fresh_LO_DOCX_OOXML,c4e238989e7e40ec2c3a6a899ead170b4a745bc72546ba6fd4a5731d8890c6cb,8,1,0,18,9,0,1,0,,17,10,0,VCC7002F24VBEV,,极星2,纯电动汽车,乘用车,1,遍历整个文档全部body表和全部tr；未按研究型号筛选,本节纯电动乘用车数据行,"["""", """", ""VCC7002F24VBEV"", ""极星2"", ""740"", ""2043"", ""495"", ""82"", """"]"
fresh_LO_DOCX_OOXML,c4e238989e7e40ec2c3a6a899ead170b4a745bc72546ba6fd4a5731d8890c6cb,8,1,0,19,9,0,1,0,,18,10,0,VCC7003F07XBEV,,XC40,纯电动汽车,乘用车,1,遍历整个文档全部body表和全部tr；未按研究型号筛选,本节纯电动乘用车数据行,"["""", """", ""VCC7003F07XBEV"", ""XC40"", ""640"", ""2021"", ""455"", ""73"", """"]"
fresh_LO_DOCX_OOXML,c4e238989e7e40ec2c3a6a899ead170b4a745bc72546ba6fd4a5731d8890c6cb,8,1,0,20,9,0,1,0,,19,10,0,VCC7003F44XBEV,,C40,纯电动汽车,乘用车,1,遍历整个文档全部body表和全部tr；未按研究型号筛选,本节纯电动乘用车数据行,"["""", """", ""VCC7003F44XBEV"", ""C40"", ""685"", ""1994"", ""455"", ""73"", """"]"
fresh_LO_DOCX_OOXML,c4e238989e7e40ec2c3a6a899ead170b4a745bc72546ba6fd4a5731d8890c6cb,8,1,0,21,9,0,1,0,,20,10,0,VCC7003F45XBEV,,C40,纯电动汽车,乘用车,1,遍历整个文档全部body表和全部tr；未按研究型号筛选,本节纯电动乘用车数据行,"["""", """", ""VCC7003F45XBEV"", ""C40"", ""660"", ""1996"", ""455"", ""73"", """"]"
fresh_LO_DOCX_OOXML,c4e238989e7e40ec2c3a6a899ead170b4a745bc72546ba6fd4a5731d8890c6cb,8,1,0,22,9,0,1,0,,21,10,0,VCC7003F06XBEV,,XC40,纯电动汽车,乘用车,1,遍历整个文档全部body表和全部tr；未按研究型号筛选,本节纯电动乘用车数据行,"["""", """", ""VCC7003F06XBEV"", ""XC40"", ""660"", ""2019"", ""455"", ""73"", """"]"
fresh_LO_DOCX_OOXML,c4e238989e7e40ec2c3a6a899ead170b4a745bc72546ba6fd4a5731d8890c6cb,8,1,0,23,9,0,1,0,,22,10,0,HFC7002EWEV1,安徽江淮汽车集团股份有限公司,"EV3,钇威3",纯电动汽车,乘用车,1,遍历整个文档全部body表和全部tr；未按研究型号筛选,本节纯电动乘用车数据行,"["""", ""安徽江淮汽车集团股份有限公司"", ""HFC7002EWEV1"", ""EV3,钇威3"", ""405"", ""1365"", ""328"", ""41"", """"]"
fresh_LO_DOCX_OOXML,c4e238989e7e40ec2c3a6a899ead170b4a745bc72546ba6fd4a5731d8890c6cb,8,1,0,24,9,0,1,0,,23,10,0,HFC7002EWEV2,,"EV3,钇威3",纯电动汽车,乘用车,1,遍历整个文档全部body表和全部tr；未按研究型号筛选,本节纯电动乘用车数据行,"["""", """", ""HFC7002EWEV2"", ""EV3,钇威3"", ""505"", ""1445"", ""408"", ""51.5"", """"]"
fresh_LO_DOCX_OOXML,c4e238989e7e40ec2c3a6a899ead170b4a745bc72546ba6fd4a5731d8890c6cb,8,1,0,25,9,0,1,0,,24,10,0,HFC7004CSEV1-W,,ET5,纯电动汽车,乘用车,1,遍历整个文档全部body表和全部tr；未按研究型号筛选,本节纯电动乘用车数据行,"["""", """", ""HFC7004CSEV1-W"", ""ET5"", ""530/475/680/610"", ""2195/2205/2225/2245"", ""525/535/555"", ""70/75/100"", """"]"
fresh_LO_DOCX_OOXML,c4e238989e7e40ec2c3a6a899ead170b4a745bc72546ba6fd4a5731d8890c6cb,8,1,0,26,9,0,1,0,,25,10,0,QCJ6491SBEV4,比亚迪汽车工业有限公司,腾势N7,纯电动汽车,乘用车,1,遍历整个文档全部body表和全部tr；未按研究型号筛选,本节纯电动乘用车数据行,"["""", ""比亚迪汽车工业有限公司"", ""QCJ6491SBEV4"", ""腾势N7"", ""702(CLTC)"", ""2320"", ""650.2"", ""91.392"", """"]"
fresh_LO_DOCX_OOXML,c4e238989e7e40ec2c3a6a899ead170b4a745bc72546ba6fd4a5731d8890c6cb,8,1,0,27,9,0,1,0,,26,10,0,QCJ6491SBEV3,,腾势N7,纯电动汽车,乘用车,1,遍历整个文档全部body表和全部tr；未按研究型号筛选,本节纯电动乘用车数据行,"["""", """", ""QCJ6491SBEV3"", ""腾势N7"", ""630(CLTC)"", ""2440"", ""650.2"", ""91.392"", """"]"
fresh_LO_DOCX_OOXML,c4e238989e7e40ec2c3a6a899ead170b4a745bc72546ba6fd4a5731d8890c6cb,8,1,0,28,9,0,1,0,,27,10,0,GAM7001BEVA1E,广汽乘用车有限公司,AION S,纯电动汽车,乘用车,1,遍历整个文档全部body表和全部tr；未按研究型号筛选,本节纯电动乘用车数据行,"["""", ""广汽乘用车有限公司"", ""GAM7001BEVA1E"", ""AION S"", ""480"", ""1645/1665"", ""417"", ""55.507"", """"]"
fresh_LO_DOCX_OOXML,c4e238989e7e40ec2c3a6a899ead170b4a745bc72546ba6fd4a5731d8890c6cb,8,1,0,29,9,0,1,0,,28,10,0,LZ7000SKD6EV,东风柳州汽车有限公司,"S50EV,S60EV,S50EVPRO,S60EVPRO",纯电动汽车,乘用车,1,遍历整个文档全部body表和全部tr；未按研究型号筛选,本节纯电动乘用车数据行,"["""", ""东风柳州汽车有限公司"", ""LZ7000SKD6EV"", ""S50EV,S60EV,S50EVPRO,S60EVPRO"", ""430(CLTC)"", ""1635"", ""369"", ""50.646"", """"]"
fresh_LO_DOCX_OOXML,c4e238989e7e40ec2c3a6a899ead170b4a745bc72546ba6fd4a5731d8890c6cb,8,1,0,30,9,0,1,0,,29,10,0,CSA6501LBEV4,上海汽车集团股份有限公司,LS7,纯电动汽车,乘用车,1,遍历整个文档全部body表和全部tr；未按研究型号筛选,本节纯电动乘用车数据行,"["""", ""上海汽车集团股份有限公司"", ""CSA6501LBEV4"", ""LS7"", ""550"", ""2490"", ""480"", ""90"", """"]"
fresh_LO_DOCX_OOXML,c4e238989e7e40ec2c3a6a899ead170b4a745bc72546ba6fd4a5731d8890c6cb,8,1,0,31,9,0,1,0,,30,10,0,BYD7006BEVA5,比亚迪汽车有限公司,比亚迪海豹,纯电动汽车,乘用车,1,遍历整个文档全部body表和全部tr；未按研究型号筛选,本节纯电动乘用车数据行,"["""", ""比亚迪汽车有限公司"", ""BYD7006BEVA5"", ""比亚迪海豹"", ""700"", ""2015"", ""558"", ""82.56"", """"]"
fresh_LO_DOCX_OOXML,c4e238989e7e40ec2c3a6a899ead170b4a745bc72546ba6fd4a5731d8890c6cb,8,1,0,32,9,0,1,0,,31,10,0,LZW7007EVB3UAB,上汽通用五菱汽车股份有限公司,五菱缤果,纯电动汽车,乘用车,1,遍历整个文档全部body表和全部tr；未按研究型号筛选,本节纯电动乘用车数据行,"["""", ""上汽通用五菱汽车股份有限公司"", ""LZW7007EVB3UAB"", ""五菱缤果"", ""333(CLTC)"", ""1120/1125"", ""257"", ""31.9"", """"]"
fresh_LO_DOCX_OOXML,c4e238989e7e40ec2c3a6a899ead170b4a745bc72546ba6fd4a5731d8890c6cb,8,1,0,33,9,0,1,0,,32,10,0,LZW6520EVC7EBNC,,五菱征程EV,纯电动汽车,乘用车,1,遍历整个文档全部body表和全部tr；未按研究型号筛选,本节纯电动乘用车数据行,"["""", """", ""LZW6520EVC7EBNC"", ""五菱征程EV"", ""360(CLTC)"", ""1875"", ""449"", ""56.6"", """"]"
fresh_LO_DOCX_OOXML,c4e238989e7e40ec2c3a6a899ead170b4a745bc72546ba6fd4a5731d8890c6cb,8,1,0,34,9,0,1,0,,33,10,0,NHQ6480BEVFA,肇庆小鹏新能源投资有限公司,小鹏G6,纯电动汽车,乘用车,1,遍历整个文档全部body表和全部tr；未按研究型号筛选,本节纯电动乘用车数据行,"["""", ""肇庆小鹏新能源投资有限公司"", ""NHQ6480BEVFA"", ""小鹏G6"", ""580/560"", ""1995/2000"", ""564"", ""66.0"", """"]"
fresh_LO_DOCX_OOXML,c4e238989e7e40ec2c3a6a899ead170b4a745bc72546ba6fd4a5731d8890c6cb,8,1,0,35,9,0,1,0,,34,10,0,NHQ6480BEVFB,,小鹏G6,纯电动汽车,乘用车,1,遍历整个文档全部body表和全部tr；未按研究型号筛选,本节纯电动乘用车数据行,"["""", """", ""NHQ6480BEVFB"", ""小鹏G6"", ""755/725"", ""1995/2000"", ""554"", ""87.5"", """"]"
fresh_LO_DOCX_OOXML,c4e238989e7e40ec2c3a6a899ead170b4a745bc72546ba6fd4a5731d8890c6cb,8,1,0,36,9,0,1,0,,35,10,0,NHQ6480BEVFC,,小鹏G6,纯电动汽车,乘用车,1,遍历整个文档全部body表和全部tr；未按研究型号筛选,本节纯电动乘用车数据行,"["""", """", ""NHQ6480BEVFC"", ""小鹏G6"", ""700/660"", ""2095/2100"", ""556"", ""87.5"", """"]"
fresh_LO_DOCX_OOXML,c4e238989e7e40ec2c3a6a899ead170b4a745bc72546ba6fd4a5731d8890c6cb,8,1,0,37,9,0,1,0,,36,10,0,THZ7000BEVS405,合众新能源汽车有限公司,哪吒S,纯电动汽车,乘用车,1,遍历整个文档全部body表和全部tr；未按研究型号筛选,本节纯电动乘用车数据行,"["""", ""合众新能源汽车有限公司"", ""THZ7000BEVS405"", ""哪吒S"", ""520"", ""1940"", ""473"", ""64.46"", """"]"
fresh_LO_DOCX_OOXML,c4e238989e7e40ec2c3a6a899ead170b4a745bc72546ba6fd4a5731d8890c6cb,8,1,0,38,9,0,1,0,,37,10,0,THZ7000BEVS404,,哪吒S,纯电动汽车,乘用车,1,遍历整个文档全部body表和全部tr；未按研究型号筛选,本节纯电动乘用车数据行,"["""", """", ""THZ7000BEVS404"", ""哪吒S"", ""520"", ""1940"", ""473"", ""64.24"", """"]"
fresh_LO_DOCX_OOXML,c4e238989e7e40ec2c3a6a899ead170b4a745bc72546ba6fd4a5731d8890c6cb,8,1,0,39,9,0,1,0,,38,10,0,THZ7000BEVS364,,"哪吒E,哪吒GT",纯电动汽车,乘用车,1,遍历整个文档全部body表和全部tr；未按研究型号筛选,本节纯电动乘用车数据行,"["""", """", ""THZ7000BEVS364"", ""哪吒E,哪吒GT"", ""707"", ""1840"", ""450±14"", ""77.9"", """"]"
fresh_LO_DOCX_OOXML,c4e238989e7e40ec2c3a6a899ead170b4a745bc72546ba6fd4a5731d8890c6cb,8,1,0,40,9,0,1,0,,39,10,0,THZ6460BEVS30K,,"哪吒U,哪吒U Pro,哪吒U-Ⅱ",纯电动汽车,乘用车,1,遍历整个文档全部body表和全部tr；未按研究型号筛选,本节纯电动乘用车数据行,"["""", """", ""THZ6460BEVS30K"", ""哪吒U,哪吒U Pro,哪吒U-Ⅱ"", ""401"", ""1675"", ""411"", ""55.8"", """"]"
fresh_LO_DOCX_OOXML,c4e238989e7e40ec2c3a6a899ead170b4a745bc72546ba6fd4a5731d8890c6cb,8,1,0,41,9,0,1,0,,40,10,0,NEQ6470BEVS61,奇瑞新能源汽车股份有限公司,eQ7,纯电动汽车,乘用车,1,遍历整个文档全部body表和全部tr；未按研究型号筛选,本节纯电动乘用车数据行,"["""", ""奇瑞新能源汽车股份有限公司"", ""NEQ6470BEVS61"", ""eQ7"", ""512"", ""1850"", ""515"", ""67.12"", """"]"
fresh_LO_DOCX_OOXML,c4e238989e7e40ec2c3a6a899ead170b4a745bc72546ba6fd4a5731d8890c6cb,12,2,1,1,9,1,0,1,序号,,,,车辆型号,汽车生产企业名称,产品名称,纯电动汽车,客车,0,遍历整个文档全部body表和全部tr；未按研究型号筛选,表头，排除数据计数,"[""序号"", ""汽车生产企业名称"", ""车辆型号"", ""产品名称"", ""纯电动续驶里程(km)"", ""整车整备质量(kg)"", ""动力蓄电池组总质量(kg)"", ""动力蓄电池组总能量(kWh)"", ""备注""]"
fresh_LO_DOCX_OOXML,c4e238989e7e40ec2c3a6a899ead170b4a745bc72546ba6fd4a5731d8890c6cb,12,2,1,2,9,0,1,0,,1,4,0,SWB6859EV01G,上海申沃客车有限公司,纯电动低入口城市客车,纯电动汽车,客车,0,遍历整个文档全部body表和全部tr；未按研究型号筛选,其他类别/动力章节数据行，排除纯电动乘用车范围,"["""", ""上海申沃客车有限公司"", ""SWB6859EV01G"", ""纯电动低入口城市客车"", ""510"", ""8700/9100"", ""1456"", ""229.058"", """"]"
fresh_LO_DOCX_OOXML,c4e238989e7e40ec2c3a6a899ead170b4a745bc72546ba6fd4a5731d8890c6cb,12,2,1,3,9,0,1,0,,2,4,0,JS6859GHBEV8,扬州亚星客车股份有限公司,纯电动低入口城市客车,纯电动汽车,客车,0,遍历整个文档全部body表和全部tr；未按研究型号筛选,其他类别/动力章节数据行，排除纯电动乘用车范围,"["""", ""扬州亚星客车股份有限公司"", ""JS6859GHBEV8"", ""纯电动低入口城市客车"", ""413"", ""7800/8100/8400"", ""1085"", ""175"", """"]"
fresh_LO_DOCX_OOXML,c4e238989e7e40ec2c3a6a899ead170b4a745bc72546ba6fd4a5731d8890c6cb,12,2,1,4,9,0,1,0,,3,4,0,ZK6116BEVQZ33,宇通客车股份有限公司,纯电动客车,纯电动汽车,客车,0,遍历整个文档全部body表和全部tr；未按研究型号筛选,其他类别/动力章节数据行，排除纯电动乘用车范围,"["""", ""宇通客车股份有限公司"", ""ZK6116BEVQZ33"", ""纯电动客车"", ""442"", ""9900/10200/10500/10700/10900"", ""1090"", ""176.022"", """"]"
fresh_LO_DOCX_OOXML,c4e238989e7e40ec2c3a6a899ead170b4a745bc72546ba6fd4a5731d8890c6cb,12,2,1,5,9,0,1,0,,4,4,0,ZK6117BEVZ32,,纯电动客车,纯电动汽车,客车,0,遍历整个文档全部body表和全部tr；未按研究型号筛选,其他类别/动力章节数据行，排除纯电动乘用车范围,"["""", """", ""ZK6117BEVZ32"", ""纯电动客车"", ""355"", ""10500/10800/11200/11600/11800"", ""1027"", ""163.351"", """"]"
fresh_LO_DOCX_OOXML,c4e238989e7e40ec2c3a6a899ead170b4a745bc72546ba6fd4a5731d8890c6cb,12,2,1,6,9,0,1,0,,5,4,0,ZK6707BEVG6E,,纯电动低入口城市客车,纯电动汽车,客车,0,遍历整个文档全部body表和全部tr；未按研究型号筛选,其他类别/动力章节数据行，排除纯电动乘用车范围,"["""", """", ""ZK6707BEVG6E"", ""纯电动低入口城市客车"", ""510"", ""5120/5300/5500/5660/5870"", ""884"", ""140.949"", """"]"
fresh_LO_DOCX_OOXML,c4e238989e7e40ec2c3a6a899ead170b4a745bc72546ba6fd4a5731d8890c6cb,12,2,1,7,9,0,1,0,,6,4,0,ZK6116BEVTQ33,,纯电动客车,纯电动汽车,客车,0,遍历整个文档全部body表和全部tr；未按研究型号筛选,其他类别/动力章节数据行，排除纯电动乘用车范围,"["""", """", ""ZK6116BEVTQ33"", ""纯电动客车"", ""442"", ""9600/9900/10200/10500/10700/10900"", ""1090"", ""176.022"", """"]"
fresh_LO_DOCX_OOXML,c4e238989e7e40ec2c3a6a899ead170b4a745bc72546ba6fd4a5731d8890c6cb,12,2,1,8,9,0,1,0,,7,4,0,GTQ6607BEVB30,珠海广通汽车有限公司,纯电动低入口城市客车,纯电动汽车,客车,0,遍历整个文档全部body表和全部tr；未按研究型号筛选,其他类别/动力章节数据行，排除纯电动乘用车范围,"["""", ""珠海广通汽车有限公司"", ""GTQ6607BEVB30"", ""纯电动低入口城市客车"", ""400"", ""4300/4150/3900"", ""609±18.3"", ""95.26"", """"]"
fresh_LO_DOCX_OOXML,c4e238989e7e40ec2c3a6a899ead170b4a745bc72546ba6fd4a5731d8890c6cb,15,3,2,1,9,1,0,1,序号,,,,车辆型号,汽车生产企业名称,产品名称,纯电动汽车,货车,0,遍历整个文档全部body表和全部tr；未按研究型号筛选,表头，排除数据计数,"[""序号"", ""汽车生产企业名称"", ""车辆型号"", ""产品名称"", ""纯电动续驶里程(km)"", ""整车整备质量(kg)"", ""动力蓄电池组总质量(kg)"", ""动力蓄电池组总能量(kWh)"", ""备注""]"
fresh_LO_DOCX_OOXML,c4e238989e7e40ec2c3a6a899ead170b4a745bc72546ba6fd4a5731d8890c6cb,15,3,2,2,9,0,1,0,,1,1,0,BJ1045EVJA8,北汽福田汽车股份有限公司,纯电动载货汽车,纯电动汽车,货车,0,遍历整个文档全部body表和全部tr；未按研究型号筛选,其他类别/动力章节数据行，排除纯电动乘用车范围,"["""", ""北汽福田汽车股份有限公司"", ""BJ1045EVJA8"", ""纯电动载货汽车"", ""300"", ""2970"", ""554±16"", ""81.14"", """"]"
fresh_LO_DOCX_OOXML,c4e238989e7e40ec2c3a6a899ead170b4a745bc72546ba6fd4a5731d8890c6cb,15,3,2,3,9,0,1,0,,2,1,0,BJ1044EVJA1,,纯电动载货汽车,纯电动汽车,货车,0,遍历整个文档全部body表和全部tr；未按研究型号筛选,其他类别/动力章节数据行，排除纯电动乘用车范围,"["""", """", ""BJ1044EVJA1"", ""纯电动载货汽车"", ""330"", ""2660"", ""554±16"", ""81.14"", """"]"
fresh_LO_DOCX_OOXML,c4e238989e7e40ec2c3a6a899ead170b4a745bc72546ba6fd4a5731d8890c6cb,15,3,2,4,9,0,1,0,,3,1,0,SC1031PAAABEV,河北长安汽车有限公司,纯电动多用途货车,纯电动汽车,货车,0,遍历整个文档全部body表和全部tr；未按研究型号筛选,其他类别/动力章节数据行，排除纯电动乘用车范围,"["""", ""河北长安汽车有限公司"", ""SC1031PAAABEV"", ""纯电动多用途货车"", ""405"", ""2030"", ""416"", ""65.17"", """"]"
fresh_LO_DOCX_OOXML,c4e238989e7e40ec2c3a6a899ead170b4a745bc72546ba6fd4a5731d8890c6cb,15,3,2,5,9,0,1,0,,4,1,0,ND4250BBXJ7Z07BEV,北奔重型汽车集团有限公司,纯电动牵引汽车,纯电动汽车,货车,0,遍历整个文档全部body表和全部tr；未按研究型号筛选,其他类别/动力章节数据行，排除纯电动乘用车范围,"["""", ""北奔重型汽车集团有限公司"", ""ND4250BBXJ7Z07BEV"", ""纯电动牵引汽车"", ""210"", ""10800"", ""1768"", ""281.92"", """"]"
fresh_LO_DOCX_OOXML,c4e238989e7e40ec2c3a6a899ead170b4a745bc72546ba6fd4a5731d8890c6cb,15,3,2,6,9,0,1,0,,5,1,0,ND3310DBXJ7Z07BEV,,换电式纯电动自卸汽车,纯电动汽车,货车,0,遍历整个文档全部body表和全部tr；未按研究型号筛选,其他类别/动力章节数据行，排除纯电动乘用车范围,"["""", """", ""ND3310DBXJ7Z07BEV"", ""换电式纯电动自卸汽车"", ""250"", ""23800"", ""1840"", ""282.624"", """"]"
fresh_LO_DOCX_OOXML,c4e238989e7e40ec2c3a6a899ead170b4a745bc72546ba6fd4a5731d8890c6cb,15,3,2,7,9,0,1,0,,6,1,0,KMC1033BEVD305D,山东凯马汽车制造有限公司,纯电动载货汽车,纯电动汽车,货车,0,遍历整个文档全部body表和全部tr；未按研究型号筛选,其他类别/动力章节数据行，排除纯电动乘用车范围,"["""", ""山东凯马汽车制造有限公司"", ""KMC1033BEVD305D"", ""纯电动载货汽车"", ""200"", ""1600"", ""315±8.8"", ""41.86"", """"]"
fresh_LO_DOCX_OOXML,c4e238989e7e40ec2c3a6a899ead170b4a745bc72546ba6fd4a5731d8890c6cb,15,3,2,8,9,0,1,0,,7,1,0,KMC1035BEVA305W1,,纯电动载货汽车,纯电动汽车,货车,0,遍历整个文档全部body表和全部tr；未按研究型号筛选,其他类别/动力章节数据行，排除纯电动乘用车范围,"["""", """", ""KMC1035BEVA305W1"", ""纯电动载货汽车"", ""210"", ""1440"", ""295±8.8"", ""38.64"", """"]"
fresh_LO_DOCX_OOXML,c4e238989e7e40ec2c3a6a899ead170b4a745bc72546ba6fd4a5731d8890c6cb,15,3,2,9,9,0,1,0,,8,1,0,SH1032D8BEV-1,上汽大通汽车有限公司,纯电动多用途货车,纯电动汽车,货车,0,遍历整个文档全部body表和全部tr；未按研究型号筛选,其他类别/动力章节数据行，排除纯电动乘用车范围,"["""", ""上汽大通汽车有限公司"", ""SH1032D8BEV-1"", ""纯电动多用途货车"", ""350"", ""2155"", ""530±15"", ""68.43"", """"]"
fresh_LO_DOCX_OOXML,c4e238989e7e40ec2c3a6a899ead170b4a745bc72546ba6fd4a5731d8890c6cb,15,3,2,10,9,0,1,0,,9,1,0,HFC3318SEV01,安徽江淮汽车集团股份有限公司,换电式纯电动自卸汽车,纯电动汽车,货车,0,遍历整个文档全部body表和全部tr；未按研究型号筛选,其他类别/动力章节数据行，排除纯电动乘用车范围,"["""", ""安徽江淮汽车集团股份有限公司"", ""HFC3318SEV01"", ""换电式纯电动自卸汽车"", ""180"", ""21900/22300/22900/23980"", ""1784±52.8"", ""282.62"", """"]"
fresh_LO_DOCX_OOXML,c4e238989e7e40ec2c3a6a899ead170b4a745bc72546ba6fd4a5731d8890c6cb,15,3,2,11,9,0,1,0,,10,1,0,HFC1030EV1N,四川江淮汽车有限公司,纯电动载货汽车,纯电动汽车,货车,0,遍历整个文档全部body表和全部tr；未按研究型号筛选,其他类别/动力章节数据行，排除纯电动乘用车范围,"["""", ""四川江淮汽车有限公司"", ""HFC1030EV1N"", ""纯电动载货汽车"", ""290"", ""2050"", ""384±11.6"", ""55.70"", """"]"
fresh_LO_DOCX_OOXML,c4e238989e7e40ec2c3a6a899ead170b4a745bc72546ba6fd4a5731d8890c6cb,15,3,2,12,9,0,1,0,,11,1,0,CA3250P27L5T1BEVA80,一汽解放青岛汽车有限公司,纯电动自卸汽车,纯电动汽车,货车,0,遍历整个文档全部body表和全部tr；未按研究型号筛选,其他类别/动力章节数据行，排除纯电动乘用车范围,"["""", ""一汽解放青岛汽车有限公司"", ""CA3250P27L5T1BEVA80"", ""纯电动自卸汽车"", ""250"", ""18700"", ""1768"", ""281.92"", """"]"
fresh_LO_DOCX_OOXML,c4e238989e7e40ec2c3a6a899ead170b4a745bc72546ba6fd4a5731d8890c6cb,15,3,2,13,9,0,1,0,,12,1,0,YTQ1042PDEV331,潍柴新能源商用车有限公司,纯电动载货汽车,纯电动汽车,货车,0,遍历整个文档全部body表和全部tr；未按研究型号筛选,其他类别/动力章节数据行，排除纯电动乘用车范围,"["""", ""潍柴新能源商用车有限公司"", ""YTQ1042PDEV331"", ""纯电动载货汽车"", ""269"", ""2370"", ""435"", ""66.84"", """"]"
fresh_LO_DOCX_OOXML,c4e238989e7e40ec2c3a6a899ead170b4a745bc72546ba6fd4a5731d8890c6cb,15,3,2,14,9,0,1,0,,13,1,0,SYM3312ZZX7BEV1,三一汽车制造有限公司,换电式纯电动自卸汽车,纯电动汽车,货车,0,遍历整个文档全部body表和全部tr；未按研究型号筛选,其他类别/动力章节数据行，排除纯电动乘用车范围,"["""", ""三一汽车制造有限公司"", ""SYM3312ZZX7BEV1"", ""换电式纯电动自卸汽车"", ""270"", ""16500/16900/17500/18140"", ""2220"", ""350.2"", """"]"
fresh_LO_DOCX_OOXML,c4e238989e7e40ec2c3a6a899ead170b4a745bc72546ba6fd4a5731d8890c6cb,15,3,2,15,9,0,1,0,,14,1,0,SYM3251ZZX5BEV,,纯电动自卸汽车,纯电动汽车,货车,0,遍历整个文档全部body表和全部tr；未按研究型号筛选,其他类别/动力章节数据行，排除纯电动乘用车范围,"["""", """", ""SYM3251ZZX5BEV"", ""纯电动自卸汽车"", ""305/310"", ""19600/20550"", ""2206/2220"", ""350.08/350.2"", """"]"
fresh_LO_DOCX_OOXML,c4e238989e7e40ec2c3a6a899ead170b4a745bc72546ba6fd4a5731d8890c6cb,15,3,2,16,9,0,1,0,,15,1,0,HN4254N41C6BEVY,安徽华菱汽车有限公司,纯电动半挂牵引车,纯电动汽车,货车,0,遍历整个文档全部body表和全部tr；未按研究型号筛选,其他类别/动力章节数据行，排除纯电动乘用车范围,"["""", ""安徽华菱汽车有限公司"", ""HN4254N41C6BEVY"", ""纯电动半挂牵引车"", ""300"", ""10600/11500"", ""2688±72/1768"", ""423.936/422.88"", """"]"
fresh_LO_DOCX_OOXML,c4e238989e7e40ec2c3a6a899ead170b4a745bc72546ba6fd4a5731d8890c6cb,15,3,2,17,9,0,1,0,,16,1,0,HN3311N22E1BEVY,,换电式纯电动自卸汽车,纯电动汽车,货车,0,遍历整个文档全部body表和全部tr；未按研究型号筛选,其他类别/动力章节数据行，排除纯电动乘用车范围,"["""", """", ""HN3311N22E1BEVY"", ""换电式纯电动自卸汽车"", ""240"", ""18000/19000/19700"", ""1768"", ""281.92"", """"]"
fresh_LO_DOCX_OOXML,c4e238989e7e40ec2c3a6a899ead170b4a745bc72546ba6fd4a5731d8890c6cb,15,3,2,18,9,0,1,0,,17,1,0,HN4255N41C6BEVY,,换电式纯电动半挂牵引车,纯电动汽车,货车,0,遍历整个文档全部body表和全部tr；未按研究型号筛选,其他类别/动力章节数据行，排除纯电动乘用车范围,"["""", """", ""HN4255N41C6BEVY"", ""换电式纯电动半挂牵引车"", ""210"", ""10200/11000"", ""1768"", ""281.92"", """"]"
fresh_LO_DOCX_OOXML,c4e238989e7e40ec2c3a6a899ead170b4a745bc72546ba6fd4a5731d8890c6cb,15,3,2,19,9,0,1,0,,18,1,0,HN3310H22C2BEVY,,换电式纯电动自卸汽车,纯电动汽车,货车,0,遍历整个文档全部body表和全部tr；未按研究型号筛选,其他类别/动力章节数据行，排除纯电动乘用车范围,"["""", """", ""HN3310H22C2BEVY"", ""换电式纯电动自卸汽车"", ""300"", ""18300"", ""2170"", ""350.07"", """"]"
fresh_LO_DOCX_OOXML,c4e238989e7e40ec2c3a6a899ead170b4a745bc72546ba6fd4a5731d8890c6cb,15,3,2,20,9,0,1,0,,19,1,0,SX4257XF4F1BEV,陕西汽车集团股份有限公司,纯电动牵引汽车,纯电动汽车,货车,0,遍历整个文档全部body表和全部tr；未按研究型号筛选,其他类别/动力章节数据行，排除纯电动乘用车范围,"["""", ""陕西汽车集团股份有限公司"", ""SX4257XF4F1BEV"", ""纯电动牵引汽车"", ""300"", ""11000/11500/12090"", ""2750"", ""423.93"", """"]"
fresh_LO_DOCX_OOXML,c4e238989e7e40ec2c3a6a899ead170b4a745bc72546ba6fd4a5731d8890c6cb,15,3,2,21,9,0,1,0,,20,1,0,SX4257MF4XSEV3,,换电式纯电动牵引汽车,纯电动汽车,货车,0,遍历整个文档全部body表和全部tr；未按研究型号筛选,其他类别/动力章节数据行，排除纯电动乘用车范围,"["""", """", ""SX4257MF4XSEV3"", ""换电式纯电动牵引汽车"", ""210"", ""10200/10700/11200"", ""1931/1784"", ""281.91/282.62"", """"]"
fresh_LO_DOCX_OOXML,c4e238989e7e40ec2c3a6a899ead170b4a745bc72546ba6fd4a5731d8890c6cb,15,3,2,22,9,0,1,0,,21,1,0,NJL1033EV2C,南京金龙客车制造有限公司,纯电动载货汽车,纯电动汽车,货车,0,遍历整个文档全部body表和全部tr；未按研究型号筛选,其他类别/动力章节数据行，排除纯电动乘用车范围,"["""", ""南京金龙客车制造有限公司"", ""NJL1033EV2C"", ""纯电动载货汽车"", ""280"", ""2000"", ""416±14"", ""57.6"", """"]"
fresh_LO_DOCX_OOXML,c4e238989e7e40ec2c3a6a899ead170b4a745bc72546ba6fd4a5731d8890c6cb,15,3,2,23,9,0,1,0,,22,1,0,NJL4183TAGBEV,,换电式纯电动半挂牵引车,纯电动汽车,货车,0,遍历整个文档全部body表和全部tr；未按研究型号筛选,其他类别/动力章节数据行，排除纯电动乘用车范围,"["""", """", ""NJL4183TAGBEV"", ""换电式纯电动半挂牵引车"", ""438"", ""9400"", ""2706"", ""422.87"", """"]"
fresh_LO_DOCX_OOXML,c4e238989e7e40ec2c3a6a899ead170b4a745bc72546ba6fd4a5731d8890c6cb,15,3,2,24,9,0,1,0,,23,1,0,NJA1040BEV,四川南骏汽车集团有限公司,纯电动载货汽车,纯电动汽车,货车,0,遍历整个文档全部body表和全部tr；未按研究型号筛选,其他类别/动力章节数据行，排除纯电动乘用车范围,"["""", ""四川南骏汽车集团有限公司"", ""NJA1040BEV"", ""纯电动载货汽车"", ""395"", ""2850"", ""640±20"", ""98.04"", """"]"
fresh_LO_DOCX_OOXML,c4e238989e7e40ec2c3a6a899ead170b4a745bc72546ba6fd4a5731d8890c6cb,15,3,2,25,9,0,1,0,,24,1,0,NJA1041BEV,,纯电动载货汽车,纯电动汽车,货车,0,遍历整个文档全部body表和全部tr；未按研究型号筛选,其他类别/动力章节数据行，排除纯电动乘用车范围,"["""", """", ""NJA1041BEV"", ""纯电动载货汽车"", ""385"", ""2780"", ""580±20"", ""89.12"", """"]"
fresh_LO_DOCX_OOXML,c4e238989e7e40ec2c3a6a899ead170b4a745bc72546ba6fd4a5731d8890c6cb,15,3,2,26,9,0,1,0,,25,1,0,ZKH4250P4BEV12,郑州宇通集团有限公司,纯电动半挂牵引车,纯电动汽车,货车,0,遍历整个文档全部body表和全部tr；未按研究型号筛选,其他类别/动力章节数据行，排除纯电动乘用车范围,"["""", ""郑州宇通集团有限公司"", ""ZKH4250P4BEV12"", ""纯电动半挂牵引车"", ""295"", ""12600/13100/13400"", ""2652"", ""422.848"", """"]"
fresh_LO_DOCX_OOXML,c4e238989e7e40ec2c3a6a899ead170b4a745bc72546ba6fd4a5731d8890c6cb,15,3,2,27,9,0,1,0,,26,1,0,ZKH1047BEV3,,纯电动载货汽车,纯电动汽车,货车,0,遍历整个文档全部body表和全部tr；未按研究型号筛选,其他类别/动力章节数据行，排除纯电动乘用车范围,"["""", """", ""ZKH1047BEV3"", ""纯电动载货汽车"", ""445"", ""2780/2880/3030"", ""573"", ""88.872"", """"]"
fresh_LO_DOCX_OOXML,c4e238989e7e40ec2c3a6a899ead170b4a745bc72546ba6fd4a5731d8890c6cb,15,3,2,28,9,0,1,0,,27,1,0,ZKH1047BEV4,,纯电动载货汽车,纯电动汽车,货车,0,遍历整个文档全部body表和全部tr；未按研究型号筛选,其他类别/动力章节数据行，排除纯电动乘用车范围,"["""", """", ""ZKH1047BEV4"", ""纯电动载货汽车"", ""510"", ""2860/2940/3080/3130"", ""635"", ""100.464"", """"]"
fresh_LO_DOCX_OOXML,c4e238989e7e40ec2c3a6a899ead170b4a745bc72546ba6fd4a5731d8890c6cb,15,3,2,29,9,0,1,0,,28,1,0,ZKH1047BEV2,,纯电动载货汽车,纯电动汽车,货车,0,遍历整个文档全部body表和全部tr；未按研究型号筛选,其他类别/动力章节数据行，排除纯电动乘用车范围,"["""", """", ""ZKH1047BEV2"", ""纯电动载货汽车"", ""420"", ""2780/2880/3030"", ""532"", ""83.72"", """"]"
fresh_LO_DOCX_OOXML,c4e238989e7e40ec2c3a6a899ead170b4a745bc72546ba6fd4a5731d8890c6cb,18,4,3,1,9,1,0,1,序号,,,,车辆型号,汽车生产企业名称,产品名称,纯电动汽车,专用车,0,遍历整个文档全部body表和全部tr；未按研究型号筛选,表头，排除数据计数,"[""序号"", ""汽车生产企业名称"", ""车辆型号"", ""产品名称"", ""纯电动续驶里程(km)"", ""整车整备质量(kg)"", ""动力蓄电池组总质量(kg)"", ""动力蓄电池组总能量(kWh)"", ""备注""]"
fresh_LO_DOCX_OOXML,c4e238989e7e40ec2c3a6a899ead170b4a745bc72546ba6fd4a5731d8890c6cb,18,4,3,2,9,0,1,0,,1,7,0,DFA5040XDWBEV2,东风汽车股份有限公司,纯电动流动服务车,纯电动汽车,专用车,0,遍历整个文档全部body表和全部tr；未按研究型号筛选,其他类别/动力章节数据行，排除纯电动乘用车范围,"["""", ""东风汽车股份有限公司"", ""DFA5040XDWBEV2"", ""纯电动流动服务车"", ""490"", ""3400/3600"", ""654±19.5"", ""89.16"", """"]"
fresh_LO_DOCX_OOXML,c4e238989e7e40ec2c3a6a899ead170b4a745bc72546ba6fd4a5731d8890c6cb,18,4,3,3,9,0,1,0,,2,7,0,BJ5032XLCEV1,北汽福田汽车股份有限公司,纯电动冷藏车,纯电动汽车,专用车,0,遍历整个文档全部body表和全部tr；未按研究型号筛选,其他类别/动力章节数据行，排除纯电动乘用车范围,"["""", ""北汽福田汽车股份有限公司"", ""BJ5032XLCEV1"", ""纯电动冷藏车"", ""220"", ""2310/2360"", ""384±11.6"", ""55.7"", """"]"
fresh_LO_DOCX_OOXML,c4e238989e7e40ec2c3a6a899ead170b4a745bc72546ba6fd4a5731d8890c6cb,18,4,3,4,9,0,1,0,,3,7,0,CZ5311GJBSW60BEV,河北长征汽车制造有限公司,换电式纯电动混凝土搅拌运输车,纯电动汽车,专用车,0,遍历整个文档全部body表和全部tr；未按研究型号筛选,其他类别/动力章节数据行，排除纯电动乘用车范围,"["""", ""河北长征汽车制造有限公司"", ""CZ5311GJBSW60BEV"", ""换电式纯电动混凝土搅拌运输车"", ""240"", ""15100"", ""2920"", ""281.917"", """"]"
fresh_LO_DOCX_OOXML,c4e238989e7e40ec2c3a6a899ead170b4a745bc72546ba6fd4a5731d8890c6cb,18,4,3,5,9,0,1,0,,4,7,0,CZ5181GQXSU10BEV,,纯电动清洗车,纯电动汽车,专用车,0,遍历整个文档全部body表和全部tr；未按研究型号筛选,其他类别/动力章节数据行，排除纯电动乘用车范围,"["""", """", ""CZ5181GQXSU10BEV"", ""纯电动清洗车"", ""300"", ""8980"", ""1225"", ""192.54"", """"]"
fresh_LO_DOCX_OOXML,c4e238989e7e40ec2c3a6a899ead170b4a745bc72546ba6fd4a5731d8890c6cb,18,4,3,6,9,0,1,0,,5,7,0,CZ5180ZYSSU10BEV,,纯电动压缩式垃圾车,纯电动汽车,专用车,0,遍历整个文档全部body表和全部tr；未按研究型号筛选,其他类别/动力章节数据行，排除纯电动乘用车范围,"["""", """", ""CZ5180ZYSSU10BEV"", ""纯电动压缩式垃圾车"", ""400"", ""11280/11670/11490"", ""1616"", ""246.67"", """"]"
fresh_LO_DOCX_OOXML,c4e238989e7e40ec2c3a6a899ead170b4a745bc72546ba6fd4a5731d8890c6cb,18,4,3,7,9,0,1,0,,6,7,0,CZ5312GJBSW60BEV,,纯电动混凝土搅拌运输车,纯电动汽车,专用车,0,遍历整个文档全部body表和全部tr；未按研究型号筛选,其他类别/动力章节数据行，排除纯电动乘用车范围,"["""", """", ""CZ5312GJBSW60BEV"", ""纯电动混凝土搅拌运输车"", ""360"", ""15100"", ""3140"", ""350.078"", """"]"
fresh_LO_DOCX_OOXML,c4e238989e7e40ec2c3a6a899ead170b4a745bc72546ba6fd4a5731d8890c6cb,18,4,3,8,9,0,1,0,,7,7,0,SC5031XXYAAUBEV,河北长安汽车有限公司,纯电动厢式运输车,纯电动汽车,专用车,0,遍历整个文档全部body表和全部tr；未按研究型号筛选,其他类别/动力章节数据行，排除纯电动乘用车范围,"["""", ""河北长安汽车有限公司"", ""SC5031XXYAAUBEV"", ""纯电动厢式运输车"", ""251"", ""1535/1585"", ""284±7"", ""38.7"", """"]"
fresh_LO_DOCX_OOXML,c4e238989e7e40ec2c3a6a899ead170b4a745bc72546ba6fd4a5731d8890c6cb,18,4,3,9,9,0,1,0,,8,7,0,KMC5033XXYBEVD305M,山东凯马汽车制造有限公司,纯电动厢式运输车,纯电动汽车,专用车,0,遍历整个文档全部body表和全部tr；未按研究型号筛选,其他类别/动力章节数据行，排除纯电动乘用车范围,"["""", ""山东凯马汽车制造有限公司"", ""KMC5033XXYBEVD305M"", ""纯电动厢式运输车"", ""200"", ""1620"", ""315±8.8"", ""41.86"", """"]"
fresh_LO_DOCX_OOXML,c4e238989e7e40ec2c3a6a899ead170b4a745bc72546ba6fd4a5731d8890c6cb,18,4,3,10,9,0,1,0,,9,7,0,KMC5033XXYBEVD305D,,纯电动厢式运输车,纯电动汽车,专用车,0,遍历整个文档全部body表和全部tr；未按研究型号筛选,其他类别/动力章节数据行，排除纯电动乘用车范围,"["""", """", ""KMC5033XXYBEVD305D"", ""纯电动厢式运输车"", ""180"", ""1780"", ""315±8.8"", ""41.86"", """"]"
fresh_LO_DOCX_OOXML,c4e238989e7e40ec2c3a6a899ead170b4a745bc72546ba6fd4a5731d8890c6cb,18,4,3,11,9,0,1,0,,10,7,0,KMC5033CCYBEVD305D,,纯电动仓栅式运输车,纯电动汽车,专用车,0,遍历整个文档全部body表和全部tr；未按研究型号筛选,其他类别/动力章节数据行，排除纯电动乘用车范围,"["""", """", ""KMC5033CCYBEVD305D"", ""纯电动仓栅式运输车"", ""180"", ""1780"", ""315±8.8"", ""41.86"", """"]"
fresh_LO_DOCX_OOXML,c4e238989e7e40ec2c3a6a899ead170b4a745bc72546ba6fd4a5731d8890c6cb,18,4,3,12,9,0,1,0,,11,7,0,SH5032XXYD8BEV-1,上汽大通汽车有限公司,纯电动厢式运输车,纯电动汽车,专用车,0,遍历整个文档全部body表和全部tr；未按研究型号筛选,其他类别/动力章节数据行，排除纯电动乘用车范围,"["""", ""上汽大通汽车有限公司"", ""SH5032XXYD8BEV-1"", ""纯电动厢式运输车"", ""350"", ""2195"", ""530±15"", ""68.43"", """"]"
fresh_LO_DOCX_OOXML,c4e238989e7e40ec2c3a6a899ead170b4a745bc72546ba6fd4a5731d8890c6cb,18,4,3,13,9,0,1,0,,12,7,0,XGA5041CCYBEVEA,徐州徐工汽车制造有限公司,纯电动仓栅式运输车,纯电动汽车,专用车,0,遍历整个文档全部body表和全部tr；未按研究型号筛选,其他类别/动力章节数据行，排除纯电动乘用车范围,"["""", ""徐州徐工汽车制造有限公司"", ""XGA5041CCYBEVEA"", ""纯电动仓栅式运输车"", ""380"", ""3215"", ""580"", ""89.12"", """"]"
fresh_LO_DOCX_OOXML,c4e238989e7e40ec2c3a6a899ead170b4a745bc72546ba6fd4a5731d8890c6cb,18,4,3,14,9,0,1,0,,13,7,0,HFC5030CCYEV1N,四川江淮汽车有限公司,纯电动仓栅式运输车,纯电动汽车,专用车,0,遍历整个文档全部body表和全部tr；未按研究型号筛选,其他类别/动力章节数据行，排除纯电动乘用车范围,"["""", ""四川江淮汽车有限公司"", ""HFC5030CCYEV1N"", ""纯电动仓栅式运输车"", ""290"", ""2150"", ""384±11.6"", ""55.70"", """"]"
fresh_LO_DOCX_OOXML,c4e238989e7e40ec2c3a6a899ead170b4a745bc72546ba6fd4a5731d8890c6cb,18,4,3,15,9,0,1,0,,14,7,0,HFC5046XXYEV1,安徽江淮汽车集团股份有限公司,纯电动厢式运输车,纯电动汽车,专用车,0,遍历整个文档全部body表和全部tr；未按研究型号筛选,其他类别/动力章节数据行，排除纯电动乘用车范围,"["""", ""安徽江淮汽车集团股份有限公司"", ""HFC5046XXYEV1"", ""纯电动厢式运输车"", ""445"", ""3050/3090"", ""642/666.6±20"", ""100.464/100.27"", """"]"
fresh_LO_DOCX_OOXML,c4e238989e7e40ec2c3a6a899ead170b4a745bc72546ba6fd4a5731d8890c6cb,18,4,3,16,9,0,1,0,,15,7,0,HFC5030XXYEV5W,,纯电动厢式运输车,纯电动汽车,专用车,0,遍历整个文档全部body表和全部tr；未按研究型号筛选,其他类别/动力章节数据行，排除纯电动乘用车范围,"["""", """", ""HFC5030XXYEV5W"", ""纯电动厢式运输车"", ""260"", ""1500"", ""293.5±8.8"", ""38.64"", """"]"
fresh_LO_DOCX_OOXML,c4e238989e7e40ec2c3a6a899ead170b4a745bc72546ba6fd4a5731d8890c6cb,18,4,3,17,9,0,1,0,,16,7,0,HFC5030XYZEV2,,纯电动邮政车,纯电动汽车,专用车,0,遍历整个文档全部body表和全部tr；未按研究型号筛选,其他类别/动力章节数据行，排除纯电动乘用车范围,"["""", """", ""HFC5030XYZEV2"", ""纯电动邮政车"", ""220"", ""1790"", ""299±9"", ""41.86"", """"]"
fresh_LO_DOCX_OOXML,c4e238989e7e40ec2c3a6a899ead170b4a745bc72546ba6fd4a5731d8890c6cb,18,4,3,18,9,0,1,0,,17,7,0,HFC5045XYZEV18,,纯电动邮政车,纯电动汽车,专用车,0,遍历整个文档全部body表和全部tr；未按研究型号筛选,其他类别/动力章节数据行，排除纯电动乘用车范围,"["""", """", ""HFC5045XYZEV18"", ""纯电动邮政车"", ""410"", ""3030"", ""580±16"", ""89.12"", """"]"
fresh_LO_DOCX_OOXML,c4e238989e7e40ec2c3a6a899ead170b4a745bc72546ba6fd4a5731d8890c6cb,18,4,3,19,9,0,1,0,,18,7,0,JX5045XXYTJ-H6BEV,江铃汽车股份有限公司,纯电动厢式运输车,纯电动汽车,专用车,0,遍历整个文档全部body表和全部tr；未按研究型号筛选,其他类别/动力章节数据行，排除纯电动乘用车范围,"["""", ""江铃汽车股份有限公司"", ""JX5045XXYTJ-H6BEV"", ""纯电动厢式运输车"", ""340"", ""2590"", ""386"", ""60.16"", """"]"
fresh_LO_DOCX_OOXML,c4e238989e7e40ec2c3a6a899ead170b4a745bc72546ba6fd4a5731d8890c6cb,18,4,3,20,9,0,1,0,,19,7,0,JX5084XXYTGB2BEV,,纯电动厢式运输车,纯电动汽车,专用车,0,遍历整个文档全部body表和全部tr；未按研究型号筛选,其他类别/动力章节数据行，排除纯电动乘用车范围,"["""", """", ""JX5084XXYTGB2BEV"", ""纯电动厢式运输车"", ""400"", ""3680/3900"", ""642"", ""100.464"", """"]"
fresh_LO_DOCX_OOXML,c4e238989e7e40ec2c3a6a899ead170b4a745bc72546ba6fd4a5731d8890c6cb,18,4,3,21,9,0,1,0,,20,7,0,JX5041XXYTGB2BEV,,纯电动厢式运输车,纯电动汽车,专用车,0,遍历整个文档全部body表和全部tr；未按研究型号筛选,其他类别/动力章节数据行，排除纯电动乘用车范围,"["""", """", ""JX5041XXYTGB2BEV"", ""纯电动厢式运输车"", ""358"", ""3135"", ""580"", ""89.13"", """"]"
fresh_LO_DOCX_OOXML,c4e238989e7e40ec2c3a6a899ead170b4a745bc72546ba6fd4a5731d8890c6cb,18,4,3,22,9,0,1,0,,21,7,0,JXW5040XLCWDJA2BEV,江西五十铃汽车有限公司,纯电动冷藏车,纯电动汽车,专用车,0,遍历整个文档全部body表和全部tr；未按研究型号筛选,其他类别/动力章节数据行，排除纯电动乘用车范围,"["""", ""江西五十铃汽车有限公司"", ""JXW5040XLCWDJA2BEV"", ""纯电动冷藏车"", ""365"", ""3210"", ""554±16"", ""81.14"", """"]"
fresh_LO_DOCX_OOXML,c4e238989e7e40ec2c3a6a899ead170b4a745bc72546ba6fd4a5731d8890c6cb,18,4,3,23,9,0,1,0,,22,7,0,YTQ5042XXYPDEV331,潍柴新能源商用车有限公司,纯电动厢式运输车,纯电动汽车,专用车,0,遍历整个文档全部body表和全部tr；未按研究型号筛选,其他类别/动力章节数据行，排除纯电动乘用车范围,"["""", ""潍柴新能源商用车有限公司"", ""YTQ5042XXYPDEV331"", ""纯电动厢式运输车"", ""269"", ""2600"", ""435"", ""66.84"", """"]"
fresh_LO_DOCX_OOXML,c4e238989e7e40ec2c3a6a899ead170b4a745bc72546ba6fd4a5731d8890c6cb,18,4,3,24,9,0,1,0,,23,7,0,YTQ5042CCYVCEV281,,纯电动仓栅式运输车,纯电动汽车,专用车,0,遍历整个文档全部body表和全部tr；未按研究型号筛选,其他类别/动力章节数据行，排除纯电动乘用车范围,"["""", """", ""YTQ5042CCYVCEV281"", ""纯电动仓栅式运输车"", ""250"", ""2660"", ""435"", ""66.84"", """"]"
fresh_LO_DOCX_OOXML,c4e238989e7e40ec2c3a6a899ead170b4a745bc72546ba6fd4a5731d8890c6cb,18,4,3,25,9,0,1,0,,24,7,0,YTQ5042CCYJEEV3313,,纯电动仓栅式运输车,纯电动汽车,专用车,0,遍历整个文档全部body表和全部tr；未按研究型号筛选,其他类别/动力章节数据行，排除纯电动乘用车范围,"["""", """", ""YTQ5042CCYJEEV3313"", ""纯电动仓栅式运输车"", ""364"", ""3100"", ""558"", ""81.14"", """"]"
fresh_LO_DOCX_OOXML,c4e238989e7e40ec2c3a6a899ead170b4a745bc72546ba6fd4a5731d8890c6cb,18,4,3,26,9,0,1,0,,25,7,0,YTQ5042CCYJEEV3311,,纯电动仓栅式运输车,纯电动汽车,专用车,0,遍历整个文档全部body表和全部tr；未按研究型号筛选,其他类别/动力章节数据行，排除纯电动乘用车范围,"["""", """", ""YTQ5042CCYJEEV3311"", ""纯电动仓栅式运输车"", ""448"", ""3200"", ""680"", ""100.27"", """"]"
fresh_LO_DOCX_OOXML,c4e238989e7e40ec2c3a6a899ead170b4a745bc72546ba6fd4a5731d8890c6cb,18,4,3,27,9,0,1,0,,26,7,0,ZB5030XGCBEVRSD13,山东唐骏欧铃汽车制造有限公司,纯电动工程车,纯电动汽车,专用车,0,遍历整个文档全部body表和全部tr；未按研究型号筛选,其他类别/动力章节数据行，排除纯电动乘用车范围,"["""", ""山东唐骏欧铃汽车制造有限公司"", ""ZB5030XGCBEVRSD13"", ""纯电动工程车"", ""410"", ""2105"", ""504"", ""63"", """"]"
fresh_LO_DOCX_OOXML,c4e238989e7e40ec2c3a6a899ead170b4a745bc72546ba6fd4a5731d8890c6cb,18,4,3,28,9,0,1,0,,27,7,0,LZ5030XXYNEC0EV,东风柳州汽车有限公司,纯电动厢式运输车,纯电动汽车,专用车,0,遍历整个文档全部body表和全部tr；未按研究型号筛选,其他类别/动力章节数据行，排除纯电动乘用车范围,"["""", ""东风柳州汽车有限公司"", ""LZ5030XXYNEC0EV"", ""纯电动厢式运输车"", ""300(CLTC)"", ""1610"", ""309"", ""41.86"", """"]"
fresh_LO_DOCX_OOXML,c4e238989e7e40ec2c3a6a899ead170b4a745bc72546ba6fd4a5731d8890c6cb,18,4,3,29,9,0,1,0,,28,7,0,LZ5030XXYNEB1EV,,纯电动厢式运输车,纯电动汽车,专用车,0,遍历整个文档全部body表和全部tr；未按研究型号筛选,其他类别/动力章节数据行，排除纯电动乘用车范围,"["""", """", ""LZ5030XXYNEB1EV"", ""纯电动厢式运输车"", ""290"", ""1610"", ""315"", ""41.85"", """"]"
fresh_LO_DOCX_OOXML,c4e238989e7e40ec2c3a6a899ead170b4a745bc72546ba6fd4a5731d8890c6cb,18,4,3,30,9,0,1,0,,29,7,0,LZ5030XYZNEB0EV,,纯电动邮政车,纯电动汽车,专用车,0,遍历整个文档全部body表和全部tr；未按研究型号筛选,其他类别/动力章节数据行，排除纯电动乘用车范围,"["""", """", ""LZ5030XYZNEB0EV"", ""纯电动邮政车"", ""265(CLTC)"", ""1610"", ""309"", ""41.86"", """"]"
fresh_LO_DOCX_OOXML,c4e238989e7e40ec2c3a6a899ead170b4a745bc72546ba6fd4a5731d8890c6cb,18,4,3,31,9,0,1,0,,30,7,0,ZZ5312ZLJV3267Z11BEV,中国重汽集团成都王牌商用车有限公司,纯电动自卸式垃圾车,纯电动汽车,专用车,0,遍历整个文档全部body表和全部tr；未按研究型号筛选,其他类别/动力章节数据行，排除纯电动乘用车范围,"["""", ""中国重汽集团成都王牌商用车有限公司"", ""ZZ5312ZLJV3267Z11BEV"", ""纯电动自卸式垃圾车"", ""355"", ""18800"", ""2652"", ""422.87"", """"]"
fresh_LO_DOCX_OOXML,c4e238989e7e40ec2c3a6a899ead170b4a745bc72546ba6fd4a5731d8890c6cb,18,4,3,32,9,0,1,0,,31,7,0,ZZ5317ZLJV3267Z11SEV,,换电式纯电动自卸式垃圾车,纯电动汽车,专用车,0,遍历整个文档全部body表和全部tr；未按研究型号筛选,其他类别/动力章节数据行，排除纯电动乘用车范围,"["""", """", ""ZZ5317ZLJV3267Z11SEV"", ""换电式纯电动自卸式垃圾车"", ""235/335/325"", ""18800"", ""1768/2170/\n2362.6/1930.8"", ""281.92/350.07/344.24"", """"]"
fresh_LO_DOCX_OOXML,c4e238989e7e40ec2c3a6a899ead170b4a745bc72546ba6fd4a5731d8890c6cb,18,4,3,33,9,0,1,0,,32,7,0,KLQ5180TXSAEV1,金龙联合汽车工业(苏州)有限公司,纯电动洗扫车,纯电动汽车,专用车,0,遍历整个文档全部body表和全部tr；未按研究型号筛选,其他类别/动力章节数据行，排除纯电动乘用车范围,"["""", ""金龙联合汽车工业(苏州)有限公司"", ""KLQ5180TXSAEV1"", ""纯电动洗扫车"", ""390"", ""12100/12460"", ""1768"", ""281.91"", """"]"
fresh_LO_DOCX_OOXML,c4e238989e7e40ec2c3a6a899ead170b4a745bc72546ba6fd4a5731d8890c6cb,18,4,3,34,9,0,1,0,,33,7,0,SQR5036XXYBEVH36,奇瑞商用车(安徽)有限公司,纯电动厢式运输车,纯电动汽车,专用车,0,遍历整个文档全部body表和全部tr；未按研究型号筛选,其他类别/动力章节数据行，排除纯电动乘用车范围,"["""", ""奇瑞商用车(安徽)有限公司"", ""SQR5036XXYBEVH36"", ""纯电动厢式运输车"", ""276"", ""1500"", ""323"", ""40.55"", """"]"
fresh_LO_DOCX_OOXML,c4e238989e7e40ec2c3a6a899ead170b4a745bc72546ba6fd4a5731d8890c6cb,18,4,3,35,9,0,1,0,,34,7,0,XMQ5035XXYBEVL01,厦门金龙联合汽车工业有限公司,纯电动厢式运输车,纯电动汽车,专用车,0,遍历整个文档全部body表和全部tr；未按研究型号筛选,其他类别/动力章节数据行，排除纯电动乘用车范围,"["""", ""厦门金龙联合汽车工业有限公司"", ""XMQ5035XXYBEVL01"", ""纯电动厢式运输车"", ""215(CLTC工况)"", ""1855"", ""299±9"", ""41.86"", """"]"
fresh_LO_DOCX_OOXML,c4e238989e7e40ec2c3a6a899ead170b4a745bc72546ba6fd4a5731d8890c6cb,18,4,3,36,9,0,1,0,,35,7,0,QCC5313GJBBEVH6,集瑞联合重工有限公司,换电式纯电动混凝土搅拌运输车,纯电动汽车,专用车,0,遍历整个文档全部body表和全部tr；未按研究型号筛选,其他类别/动力章节数据行，排除纯电动乘用车范围,"["""", ""集瑞联合重工有限公司"", ""QCC5313GJBBEVH6"", ""换电式纯电动混凝土搅拌运输车"", ""190"", ""16050"", ""1768±52.8"", ""281.9"", """"]"
fresh_LO_DOCX_OOXML,c4e238989e7e40ec2c3a6a899ead170b4a745bc72546ba6fd4a5731d8890c6cb,18,4,3,37,9,0,1,0,,36,7,0,NJL5033CCYEVC,南京金龙客车制造有限公司,纯电动仓栅式运输车,纯电动汽车,专用车,0,遍历整个文档全部body表和全部tr；未按研究型号筛选,其他类别/动力章节数据行，排除纯电动乘用车范围,"["""", ""南京金龙客车制造有限公司"", ""NJL5033CCYEVC"", ""纯电动仓栅式运输车"", ""255"", ""2200"", ""416±14"", ""57.6"", """"]"
fresh_LO_DOCX_OOXML,c4e238989e7e40ec2c3a6a899ead170b4a745bc72546ba6fd4a5731d8890c6cb,18,4,3,38,9,0,1,0,,37,7,0,NJL5033XXYEVC,,纯电动厢式运输车,纯电动汽车,专用车,0,遍历整个文档全部body表和全部tr；未按研究型号筛选,其他类别/动力章节数据行，排除纯电动乘用车范围,"["""", """", ""NJL5033XXYEVC"", ""纯电动厢式运输车"", ""255"", ""2200"", ""416±14"", ""57.6"", """"]"
fresh_LO_DOCX_OOXML,c4e238989e7e40ec2c3a6a899ead170b4a745bc72546ba6fd4a5731d8890c6cb,18,4,3,39,9,0,1,0,,38,7,0,ZKH5312GJBP6BEV1,郑州宇通集团有限公司,纯电动混凝土搅拌运输车,纯电动汽车,专用车,0,遍历整个文档全部body表和全部tr；未按研究型号筛选,其他类别/动力章节数据行，排除纯电动乘用车范围,"["""", ""郑州宇通集团有限公司"", ""ZKH5312GJBP6BEV1"", ""纯电动混凝土搅拌运输车"", ""279"", ""14500/13200"", ""2180"", ""352.044"", """"]"
fresh_LO_DOCX_OOXML,c4e238989e7e40ec2c3a6a899ead170b4a745bc72546ba6fd4a5731d8890c6cb,18,4,3,40,9,0,1,0,,39,7,0,ZKH5045XXYBEV3,,纯电动厢式运输车,纯电动汽车,专用车,0,遍历整个文档全部body表和全部tr；未按研究型号筛选,其他类别/动力章节数据行，排除纯电动乘用车范围,"["""", """", ""ZKH5045XXYBEV3"", ""纯电动厢式运输车"", ""445"", ""2910/2980/3060/3120/3200"", ""573"", ""88.872"", """"]"
fresh_LO_DOCX_OOXML,c4e238989e7e40ec2c3a6a899ead170b4a745bc72546ba6fd4a5731d8890c6cb,18,4,3,41,9,0,1,0,,40,7,0,ZKH5045XLCBEV1,,纯电动冷藏车,纯电动汽车,专用车,0,遍历整个文档全部body表和全部tr；未按研究型号筛选,其他类别/动力章节数据行，排除纯电动乘用车范围,"["""", """", ""ZKH5045XLCBEV1"", ""纯电动冷藏车"", ""445"", ""3270/3370"", ""573"", ""88.872"", """"]"
fresh_LO_DOCX_OOXML,c4e238989e7e40ec2c3a6a899ead170b4a745bc72546ba6fd4a5731d8890c6cb,18,4,3,42,9,0,1,0,,41,7,0,ZKH5045CCYBEV2,,纯电动仓栅式运输车,纯电动汽车,专用车,0,遍历整个文档全部body表和全部tr；未按研究型号筛选,其他类别/动力章节数据行，排除纯电动乘用车范围,"["""", """", ""ZKH5045CCYBEV2"", ""纯电动仓栅式运输车"", ""445"", ""3130/3180/3230/3280"", ""573"", ""88.872"", """"]"
fresh_LO_DOCX_OOXML,c4e238989e7e40ec2c3a6a899ead170b4a745bc72546ba6fd4a5731d8890c6cb,18,4,3,43,9,0,1,0,,42,7,0,ZKH5045CCYBEV6,,纯电动仓栅式运输车,纯电动汽车,专用车,0,遍历整个文档全部body表和全部tr；未按研究型号筛选,其他类别/动力章节数据行，排除纯电动乘用车范围,"["""", """", ""ZKH5045CCYBEV6"", ""纯电动仓栅式运输车"", ""390"", ""3050/3100/3150/3200/3250"", ""510"", ""77.28"", """"]"
fresh_LO_DOCX_OOXML,c4e238989e7e40ec2c3a6a899ead170b4a745bc72546ba6fd4a5731d8890c6cb,18,4,3,44,9,0,1,0,,43,7,0,ZKH5045XLCBEV2,,纯电动冷藏车,纯电动汽车,专用车,0,遍历整个文档全部body表和全部tr；未按研究型号筛选,其他类别/动力章节数据行，排除纯电动乘用车范围,"["""", """", ""ZKH5045XLCBEV2"", ""纯电动冷藏车"", ""510"", ""3270/3370"", ""624"", ""100.464"", """"]"
fresh_LO_DOCX_OOXML,c4e238989e7e40ec2c3a6a899ead170b4a745bc72546ba6fd4a5731d8890c6cb,18,4,3,45,9,0,1,0,,44,7,0,ZKH5045XXYBEV4,,纯电动厢式运输车,纯电动汽车,专用车,0,遍历整个文档全部body表和全部tr；未按研究型号筛选,其他类别/动力章节数据行，排除纯电动乘用车范围,"["""", """", ""ZKH5045XXYBEV4"", ""纯电动厢式运输车"", ""510"", ""2980/3030/3080/3170/3220/3260"", ""624"", ""100.464"", """"]"
fresh_LO_DOCX_OOXML,c4e238989e7e40ec2c3a6a899ead170b4a745bc72546ba6fd4a5731d8890c6cb,18,4,3,46,9,0,1,0,,45,7,0,ZKH5045CCYBEV3,,纯电动仓栅式运输车,纯电动汽车,专用车,0,遍历整个文档全部body表和全部tr；未按研究型号筛选,其他类别/动力章节数据行，排除纯电动乘用车范围,"["""", """", ""ZKH5045CCYBEV3"", ""纯电动仓栅式运输车"", ""510"", ""3170/3270/3370"", ""624"", ""100.464"", """"]"
fresh_LO_DOCX_OOXML,c4e238989e7e40ec2c3a6a899ead170b4a745bc72546ba6fd4a5731d8890c6cb,18,4,3,47,9,0,1,0,,46,7,0,ZKH5045CCYBEV1,,纯电动仓栅式运输车,纯电动汽车,专用车,0,遍历整个文档全部body表和全部tr；未按研究型号筛选,其他类别/动力章节数据行，排除纯电动乘用车范围,"["""", """", ""ZKH5045CCYBEV1"", ""纯电动仓栅式运输车"", ""420"", ""3130/3250"", ""532"", ""83.72"", """"]"
fresh_LO_DOCX_OOXML,c4e238989e7e40ec2c3a6a899ead170b4a745bc72546ba6fd4a5731d8890c6cb,18,4,3,48,9,0,1,0,,47,7,0,ZKH5045XXYBEV2,,纯电动厢式运输车,纯电动汽车,专用车,0,遍历整个文档全部body表和全部tr；未按研究型号筛选,其他类别/动力章节数据行，排除纯电动乘用车范围,"["""", """", ""ZKH5045XXYBEV2"", ""纯电动厢式运输车"", ""420"", ""2890/2950/3000/3120/3170"", ""532"", ""83.72"", """"]"
fresh_LO_DOCX_OOXML,c4e238989e7e40ec2c3a6a899ead170b4a745bc72546ba6fd4a5731d8890c6cb,18,4,3,49,9,0,1,0,,48,7,0,JKC5035XXYA0XBBEV,华晨鑫源重庆汽车有限公司,纯电动厢式运输车,纯电动汽车,专用车,0,遍历整个文档全部body表和全部tr；未按研究型号筛选,其他类别/动力章节数据行，排除纯电动乘用车范围,"["""", ""华晨鑫源重庆汽车有限公司"", ""JKC5035XXYA0XBBEV"", ""纯电动厢式运输车"", ""300"", ""1410"", ""284"", ""40.55"", """"]"
fresh_LO_DOCX_OOXML,c4e238989e7e40ec2c3a6a899ead170b4a745bc72546ba6fd4a5731d8890c6cb,18,4,3,50,9,0,1,0,,49,7,0,TEG5180TCAAZCBEV1D,中车时代电动汽车股份有限公司,纯电动餐厨垃圾车,纯电动汽车,专用车,0,遍历整个文档全部body表和全部tr；未按研究型号筛选,其他类别/动力章节数据行，排除纯电动乘用车范围,"["""", ""中车时代电动汽车股份有限公司"", ""TEG5180TCAAZCBEV1D"", ""纯电动餐厨垃圾车"", ""365"", ""11120"", ""1768"", ""281.91"", """"]"
fresh_LO_DOCX_OOXML,c4e238989e7e40ec2c3a6a899ead170b4a745bc72546ba6fd4a5731d8890c6cb,18,4,3,51,9,0,1,0,,50,7,0,NJA5041XXYBEV,四川南骏汽车集团有限公司,纯电动厢式运输车,纯电动汽车,专用车,0,遍历整个文档全部body表和全部tr；未按研究型号筛选,其他类别/动力章节数据行，排除纯电动乘用车范围,"["""", ""四川南骏汽车集团有限公司"", ""NJA5041XXYBEV"", ""纯电动厢式运输车"", ""385"", ""2940"", ""580±20"", ""89.12"", """"]"
fresh_LO_DOCX_OOXML,c4e238989e7e40ec2c3a6a899ead170b4a745bc72546ba6fd4a5731d8890c6cb,18,4,3,52,9,0,1,0,,51,7,0,NJA5041CCYBEV,,纯电动仓栅式运输车,纯电动汽车,专用车,0,遍历整个文档全部body表和全部tr；未按研究型号筛选,其他类别/动力章节数据行，排除纯电动乘用车范围,"["""", """", ""NJA5041CCYBEV"", ""纯电动仓栅式运输车"", ""385"", ""3000"", ""580±20"", ""89.12"", """"]"
fresh_LO_DOCX_OOXML,c4e238989e7e40ec2c3a6a899ead170b4a745bc72546ba6fd4a5731d8890c6cb,18,4,3,53,9,0,1,0,,52,7,0,SXC5038XXYBEVR3,上海万象汽车制造有限公司,纯电动厢式运输车,纯电动汽车,专用车,0,遍历整个文档全部body表和全部tr；未按研究型号筛选,其他类别/动力章节数据行，排除纯电动乘用车范围,"["""", ""上海万象汽车制造有限公司"", ""SXC5038XXYBEVR3"", ""纯电动厢式运输车"", ""250"", ""1610"", ""317±9.5"", ""41.86"", """"]"
fresh_LO_DOCX_OOXML,c4e238989e7e40ec2c3a6a899ead170b4a745bc72546ba6fd4a5731d8890c6cb,18,4,3,54,9,0,1,0,,53,7,0,GXA5038XXYBEVA,广西汽车集团有限公司,纯电动厢式运输车,纯电动汽车,专用车,0,遍历整个文档全部body表和全部tr；未按研究型号筛选,其他类别/动力章节数据行，排除纯电动乘用车范围,"["""", ""广西汽车集团有限公司"", ""GXA5038XXYBEVA"", ""纯电动厢式运输车"", ""261(CLTC)"", ""1390"", ""292"", ""35.904"", """"]"
fresh_LO_DOCX_OOXML,c4e238989e7e40ec2c3a6a899ead170b4a745bc72546ba6fd4a5731d8890c6cb,18,4,3,55,9,0,1,0,,54,7,0,NGA5033XXYBEV2L,浙江新吉奥汽车有限公司,纯电动厢式运输车,纯电动汽车,专用车,0,遍历整个文档全部body表和全部tr；未按研究型号筛选,其他类别/动力章节数据行，排除纯电动乘用车范围,"["""", ""浙江新吉奥汽车有限公司"", ""NGA5033XXYBEV2L"", ""纯电动厢式运输车"", ""275(CLTC)"", ""1550"", ""317±9.5"", ""41.86"", """"]"
fresh_LO_DOCX_OOXML,c4e238989e7e40ec2c3a6a899ead170b4a745bc72546ba6fd4a5731d8890c6cb,18,4,3,56,9,0,1,0,,55,7,0,NGA5033XXYBEV2,,纯电动厢式运输车,纯电动汽车,专用车,0,遍历整个文档全部body表和全部tr；未按研究型号筛选,其他类别/动力章节数据行，排除纯电动乘用车范围,"["""", """", ""NGA5033XXYBEV2"", ""纯电动厢式运输车"", ""269(CLTC)"", ""1450"", ""295±8.8"", ""38.64"", """"]"
fresh_LO_DOCX_OOXML,c4e238989e7e40ec2c3a6a899ead170b4a745bc72546ba6fd4a5731d8890c6cb,18,4,3,57,9,0,1,0,,56,7,0,HDY5020XXYBEV05,山东豪驰智能汽车有限公司,纯电动厢式运输车,纯电动汽车,专用车,0,遍历整个文档全部body表和全部tr；未按研究型号筛选,其他类别/动力章节数据行，排除纯电动乘用车范围,"["""", ""山东豪驰智能汽车有限公司"", ""HDY5020XXYBEV05"", ""纯电动厢式运输车"", ""201"", ""1230"", ""230"", ""28.8"", """"]"
fresh_LO_DOCX_OOXML,c4e238989e7e40ec2c3a6a899ead170b4a745bc72546ba6fd4a5731d8890c6cb,18,4,3,58,9,0,1,0,,57,7,0,JGL5048XXYSEVGP1,江西吉利新能源商用车有限公司,换电式纯电动厢式运输车,纯电动汽车,专用车,0,遍历整个文档全部body表和全部tr；未按研究型号筛选,其他类别/动力章节数据行，排除纯电动乘用车范围,"["""", ""江西吉利新能源商用车有限公司"", ""JGL5048XXYSEVGP1"", ""换电式纯电动厢式运输车"", ""340"", ""3200/3300"", ""608±18.24"", ""76.19"", """"]"
fresh_LO_DOCX_OOXML,c4e238989e7e40ec2c3a6a899ead170b4a745bc72546ba6fd4a5731d8890c6cb,18,4,3,59,9,0,1,0,,58,7,0,JGL5048XLCSEVGP1,,换电式纯电动冷藏车,纯电动汽车,专用车,0,遍历整个文档全部body表和全部tr；未按研究型号筛选,其他类别/动力章节数据行，排除纯电动乘用车范围,"["""", """", ""JGL5048XLCSEVGP1"", ""换电式纯电动冷藏车"", ""340"", ""3420"", ""608±18.24"", ""76.19"", """"]"
fresh_LO_DOCX_OOXML,c4e238989e7e40ec2c3a6a899ead170b4a745bc72546ba6fd4a5731d8890c6cb,18,4,3,60,9,0,1,0,,59,7,0,BQJ5100TCABJBEV,北京环卫集团环卫装备有限公司,纯电动餐厨垃圾车,纯电动汽车,专用车,0,遍历整个文档全部body表和全部tr；未按研究型号筛选,其他类别/动力章节数据行，排除纯电动乘用车范围,"["""", ""北京环卫集团环卫装备有限公司"", ""BQJ5100TCABJBEV"", ""纯电动餐厨垃圾车"", ""320"", ""6760"", ""1108±32"", ""162.28"", """"]"
fresh_LO_DOCX_OOXML,c4e238989e7e40ec2c3a6a899ead170b4a745bc72546ba6fd4a5731d8890c6cb,18,4,3,61,9,0,1,0,,60,7,0,TZ5311GJBCZCBEV,唐山亚特专用汽车有限公司,换电式纯电动混凝土搅拌运输车,纯电动汽车,专用车,0,遍历整个文档全部body表和全部tr；未按研究型号筛选,其他类别/动力章节数据行，排除纯电动乘用车范围,"["""", ""唐山亚特专用汽车有限公司"", ""TZ5311GJBCZCBEV"", ""换电式纯电动混凝土搅拌运输车"", ""240"", ""15760"", ""2920"", ""281.917"", """"]"
fresh_LO_DOCX_OOXML,c4e238989e7e40ec2c3a6a899ead170b4a745bc72546ba6fd4a5731d8890c6cb,18,4,3,62,9,0,1,0,,61,7,0,TZ5310GJBCZCBEV,,纯电动混凝土搅拌运输车,纯电动汽车,专用车,0,遍历整个文档全部body表和全部tr；未按研究型号筛选,其他类别/动力章节数据行，排除纯电动乘用车范围,"["""", """", ""TZ5310GJBCZCBEV"", ""纯电动混凝土搅拌运输车"", ""360"", ""15760 "", ""3140"", ""350.078"", """"]"
fresh_LO_DOCX_OOXML,c4e238989e7e40ec2c3a6a899ead170b4a745bc72546ba6fd4a5731d8890c6cb,18,4,3,63,9,0,1,0,,62,7,0,TZ5317GJBZXCBEV,,纯电动混凝土搅拌运输车,纯电动汽车,专用车,0,遍历整个文档全部body表和全部tr；未按研究型号筛选,其他类别/动力章节数据行，排除纯电动乘用车范围,"["""", """", ""TZ5317GJBZXCBEV"", ""纯电动混凝土搅拌运输车"", ""280"", ""15700"", ""2188"", ""350.07"", """"]"
fresh_LO_DOCX_OOXML,c4e238989e7e40ec2c3a6a899ead170b4a745bc72546ba6fd4a5731d8890c6cb,18,4,3,64,9,0,1,0,,63,7,0,TZ5319GJBBJBEV,,换电式纯电动混凝土搅拌运输车,纯电动汽车,专用车,0,遍历整个文档全部body表和全部tr；未按研究型号筛选,其他类别/动力章节数据行，排除纯电动乘用车范围,"["""", """", ""TZ5319GJBBJBEV"", ""换电式纯电动混凝土搅拌运输车"", ""190"", ""15100"", ""1768"", ""281.92"", """"]"
fresh_LO_DOCX_OOXML,c4e238989e7e40ec2c3a6a899ead170b4a745bc72546ba6fd4a5731d8890c6cb,18,4,3,65,9,0,1,0,,64,7,0,TZ5310GJBYTCBEV,,纯电动混凝土搅拌运输车,纯电动汽车,专用车,0,遍历整个文档全部body表和全部tr；未按研究型号筛选,其他类别/动力章节数据行，排除纯电动乘用车范围,"["""", """", ""TZ5310GJBYTCBEV"", ""纯电动混凝土搅拌运输车"", ""270"", ""15770"", ""2288"", ""361.735"", """"]"
fresh_LO_DOCX_OOXML,c4e238989e7e40ec2c3a6a899ead170b4a745bc72546ba6fd4a5731d8890c6cb,18,4,3,66,9,0,1,0,,65,7,0,SSH5180ZXXCABEV,河北盛航专用汽车制造有限公司,纯电动车厢可卸式垃圾车,纯电动汽车,专用车,0,遍历整个文档全部body表和全部tr；未按研究型号筛选,其他类别/动力章节数据行，排除纯电动乘用车范围,"["""", ""河北盛航专用汽车制造有限公司"", ""SSH5180ZXXCABEV"", ""纯电动车厢可卸式垃圾车"", ""300"", ""9000"", ""1588"", ""246.7"", """"]"
fresh_LO_DOCX_OOXML,c4e238989e7e40ec2c3a6a899ead170b4a745bc72546ba6fd4a5731d8890c6cb,18,4,3,67,9,0,1,0,,66,7,0,SSH5310ZLJBEV,,纯电动自卸式垃圾车,纯电动汽车,专用车,0,遍历整个文档全部body表和全部tr；未按研究型号筛选,其他类别/动力章节数据行，排除纯电动乘用车范围,"["""", """", ""SSH5310ZLJBEV"", ""纯电动自卸式垃圾车"", ""340"", ""18650/18300"", ""2652"", ""422.87"", """"]"
fresh_LO_DOCX_OOXML,c4e238989e7e40ec2c3a6a899ead170b4a745bc72546ba6fd4a5731d8890c6cb,18,4,3,68,9,0,1,0,,67,7,0,HWL5120TXSBEV,河北万利特种车辆制造有限公司,纯电动洗扫车,纯电动汽车,专用车,0,遍历整个文档全部body表和全部tr；未按研究型号筛选,其他类别/动力章节数据行，排除纯电动乘用车范围,"["""", ""河北万利特种车辆制造有限公司"", ""HWL5120TXSBEV"", ""纯电动洗扫车"", ""480"", ""8810"", ""1555"", ""222.18"", """"]"
fresh_LO_DOCX_OOXML,c4e238989e7e40ec2c3a6a899ead170b4a745bc72546ba6fd4a5731d8890c6cb,18,4,3,69,9,0,1,0,,68,7,0,HWL5180GXSDBEV,,纯电动清洗洒水车,纯电动汽车,专用车,0,遍历整个文档全部body表和全部tr；未按研究型号筛选,其他类别/动力章节数据行，排除纯电动乘用车范围,"["""", """", ""HWL5180GXSDBEV"", ""纯电动清洗洒水车"", ""280"", ""9040/8790"", ""1392/1338±40.2"", ""210.56"", """"]"
fresh_LO_DOCX_OOXML,c4e238989e7e40ec2c3a6a899ead170b4a745bc72546ba6fd4a5731d8890c6cb,18,4,3,70,9,0,1,0,,69,7,0,CGJ5101TCAJXBEV1,航天晨光股份有限公司,纯电动餐厨垃圾车,纯电动汽车,专用车,0,遍历整个文档全部body表和全部tr；未按研究型号筛选,其他类别/动力章节数据行，排除纯电动乘用车范围,"["""", ""航天晨光股份有限公司"", ""CGJ5101TCAJXBEV1"", ""纯电动餐厨垃圾车"", ""380"", ""6340"", ""1108"", ""162.28"", """"]"
fresh_LO_DOCX_OOXML,c4e238989e7e40ec2c3a6a899ead170b4a745bc72546ba6fd4a5731d8890c6cb,18,4,3,71,9,0,1,0,,70,7,0,CGJ5128ZYSEQBEV1,,纯电动压缩式垃圾车,纯电动汽车,专用车,0,遍历整个文档全部body表和全部tr；未按研究型号筛选,其他类别/动力章节数据行，排除纯电动乘用车范围,"["""", """", ""CGJ5128ZYSEQBEV1"", ""纯电动压缩式垃圾车"", ""320"", ""8020"", ""1223"", ""192.54"", """"]"
fresh_LO_DOCX_OOXML,c4e238989e7e40ec2c3a6a899ead170b4a745bc72546ba6fd4a5731d8890c6cb,18,4,3,72,9,0,1,0,,71,7,0,XZS5314GJB7DEV,徐州徐工施维英机械有限公司,纯电动混凝土搅拌运输车,纯电动汽车,专用车,0,遍历整个文档全部body表和全部tr；未按研究型号筛选,其他类别/动力章节数据行，排除纯电动乘用车范围,"["""", ""徐州徐工施维英机械有限公司"", ""XZS5314GJB7DEV"", ""纯电动混凝土搅拌运输车"", ""240"", ""16200"", ""2200"", ""350.07"", """"]"
fresh_LO_DOCX_OOXML,c4e238989e7e40ec2c3a6a899ead170b4a745bc72546ba6fd4a5731d8890c6cb,18,4,3,73,9,0,1,0,,72,7,0,XZS5316GJB2DEV,,纯电动混凝土搅拌运输车,纯电动汽车,专用车,0,遍历整个文档全部body表和全部tr；未按研究型号筛选,其他类别/动力章节数据行，排除纯电动乘用车范围,"["""", """", ""XZS5316GJB2DEV"", ""纯电动混凝土搅拌运输车"", ""280"", ""15590"", ""2206"", ""350.07"", """"]"
fresh_LO_DOCX_OOXML,c4e238989e7e40ec2c3a6a899ead170b4a745bc72546ba6fd4a5731d8890c6cb,18,4,3,74,9,0,1,0,,73,7,0,XZS5317GJB7DEV2,,换电式纯电动混凝土搅拌运输车,纯电动汽车,专用车,0,遍历整个文档全部body表和全部tr；未按研究型号筛选,其他类别/动力章节数据行，排除纯电动乘用车范围,"["""", """", ""XZS5317GJB7DEV2"", ""换电式纯电动混凝土搅拌运输车"", ""200"", ""13400"", ""1804"", ""281.91"", """"]"
fresh_LO_DOCX_OOXML,c4e238989e7e40ec2c3a6a899ead170b4a745bc72546ba6fd4a5731d8890c6cb,18,4,3,75,9,0,1,0,,74,7,0,XGH5180TDYQBEV,徐州徐工环境技术有限公司,纯电动多功能抑尘车,纯电动汽车,专用车,0,遍历整个文档全部body表和全部tr；未按研究型号筛选,其他类别/动力章节数据行，排除纯电动乘用车范围,"["""", ""徐州徐工环境技术有限公司"", ""XGH5180TDYQBEV"", ""纯电动多功能抑尘车"", ""365"", ""12670"", ""2150"", ""314.14"", """"]"
fresh_LO_DOCX_OOXML,c4e238989e7e40ec2c3a6a899ead170b4a745bc72546ba6fd4a5731d8890c6cb,18,4,3,76,9,0,1,0,,75,7,0,ART5020XTYY21BEV,安徽爱瑞特新能源专用汽车股份有限公司,纯电动密闭式桶装垃圾车,纯电动汽车,专用车,0,遍历整个文档全部body表和全部tr；未按研究型号筛选,其他类别/动力章节数据行，排除纯电动乘用车范围,"["""", ""安徽爱瑞特新能源专用汽车股份有限公司"", ""ART5020XTYY21BEV"", ""纯电动密闭式桶装垃圾车"", ""180"", ""1240/1180"", ""164"", ""20.72"", """"]"
fresh_LO_DOCX_OOXML,c4e238989e7e40ec2c3a6a899ead170b4a745bc72546ba6fd4a5731d8890c6cb,18,4,3,77,9,0,1,0,,76,7,0,ART5180ZYSY93BEV,,纯电动压缩式垃圾车,纯电动汽车,专用车,0,遍历整个文档全部body表和全部tr；未按研究型号筛选,其他类别/动力章节数据行，排除纯电动乘用车范围,"["""", """", ""ART5180ZYSY93BEV"", ""纯电动压缩式垃圾车"", ""280"", ""11600"", ""1338"", ""210.56"", """"]"
fresh_LO_DOCX_OOXML,c4e238989e7e40ec2c3a6a899ead170b4a745bc72546ba6fd4a5731d8890c6cb,18,4,3,78,9,0,1,0,,77,7,0,FLM5250GQXDFBEV,福龙马集团股份有限公司,纯电动清洗车,纯电动汽车,专用车,0,遍历整个文档全部body表和全部tr；未按研究型号筛选,其他类别/动力章节数据行，排除纯电动乘用车范围,"["""", ""福龙马集团股份有限公司"", ""FLM5250GQXDFBEV"", ""纯电动清洗车"", ""314"", ""13200"", ""1880"", ""281.92"", """"]"
fresh_LO_DOCX_OOXML,c4e238989e7e40ec2c3a6a899ead170b4a745bc72546ba6fd4a5731d8890c6cb,18,4,3,79,9,0,1,0,,78,7,0,FLM5180TXSJSBEV,,纯电动洗扫车,纯电动汽车,专用车,0,遍历整个文档全部body表和全部tr；未按研究型号筛选,其他类别/动力章节数据行，排除纯电动乘用车范围,"["""", """", ""FLM5180TXSJSBEV"", ""纯电动洗扫车"", ""410"", ""12600"", ""1994"", ""315.07"", """"]"
fresh_LO_DOCX_OOXML,c4e238989e7e40ec2c3a6a899ead170b4a745bc72546ba6fd4a5731d8890c6cb,18,4,3,80,9,0,1,0,,79,7,0,FLM5180TXSSZBEV,,纯电动洗扫车,纯电动汽车,专用车,0,遍历整个文档全部body表和全部tr；未按研究型号筛选,其他类别/动力章节数据行，排除纯电动乘用车范围,"["""", """", ""FLM5180TXSSZBEV"", ""纯电动洗扫车"", ""380"", ""12360"", ""1768"", ""281.91"", """"]"
fresh_LO_DOCX_OOXML,c4e238989e7e40ec2c3a6a899ead170b4a745bc72546ba6fd4a5731d8890c6cb,18,4,3,81,9,0,1,0,,80,7,0,FLM5180ZYSSZBEVK,,纯电动压缩式垃圾车,纯电动汽车,专用车,0,遍历整个文档全部body表和全部tr；未按研究型号筛选,其他类别/动力章节数据行，排除纯电动乘用车范围,"["""", """", ""FLM5180ZYSSZBEVK"", ""纯电动压缩式垃圾车"", ""255"", ""11300"", ""1338"", ""210.56"", """"]"
fresh_LO_DOCX_OOXML,c4e238989e7e40ec2c3a6a899ead170b4a745bc72546ba6fd4a5731d8890c6cb,18,4,3,82,9,0,1,0,,81,7,0,ZQZ5099ZYSBEVDB,中汽商用汽车有限公司(杭州),纯电动压缩式垃圾车,纯电动汽车,专用车,0,遍历整个文档全部body表和全部tr；未按研究型号筛选,其他类别/动力章节数据行，排除纯电动乘用车范围,"["""", ""中汽商用汽车有限公司(杭州)"", ""ZQZ5099ZYSBEVDB"", ""纯电动压缩式垃圾车"", ""320"", ""6800/6600"", ""934.5"", ""144.86"", """"]"
fresh_LO_DOCX_OOXML,c4e238989e7e40ec2c3a6a899ead170b4a745bc72546ba6fd4a5731d8890c6cb,18,4,3,83,9,0,1,0,,82,7,0,YHL5180TXCBEV,河南华路汽车有限公司,纯电动吸尘车,纯电动汽车,专用车,0,遍历整个文档全部body表和全部tr；未按研究型号筛选,其他类别/动力章节数据行，排除纯电动乘用车范围,"["""", ""河南华路汽车有限公司"", ""YHL5180TXCBEV"", ""纯电动吸尘车"", ""405"", ""14400"", ""1880"", ""281.92"", """"]"
fresh_LO_DOCX_OOXML,c4e238989e7e40ec2c3a6a899ead170b4a745bc72546ba6fd4a5731d8890c6cb,18,4,3,84,9,0,1,0,,83,7,0,AXZ5180ZXXDFBEV,安阳和德汽车产业发展有限公司,纯电动车厢可卸式垃圾车,纯电动汽车,专用车,0,遍历整个文档全部body表和全部tr；未按研究型号筛选,其他类别/动力章节数据行，排除纯电动乘用车范围,"["""", ""安阳和德汽车产业发展有限公司"", ""AXZ5180ZXXDFBEV"", ""纯电动车厢可卸式垃圾车"", ""350"", ""9200"", ""1612"", ""255.48"", """"]"
fresh_LO_DOCX_OOXML,c4e238989e7e40ec2c3a6a899ead170b4a745bc72546ba6fd4a5731d8890c6cb,18,4,3,85,9,0,1,0,,84,7,0,YTZ5121TXSD0BEV,郑州宇通重工有限公司,纯电动洗扫车,纯电动汽车,专用车,0,遍历整个文档全部body表和全部tr；未按研究型号筛选,其他类别/动力章节数据行，排除纯电动乘用车范围,"["""", ""郑州宇通重工有限公司"", ""YTZ5121TXSD0BEV"", ""纯电动洗扫车"", ""260"", ""7900"", ""884"", ""140.95"", """"]"
fresh_LO_DOCX_OOXML,c4e238989e7e40ec2c3a6a899ead170b4a745bc72546ba6fd4a5731d8890c6cb,18,4,3,86,9,0,1,0,,85,7,0,YTZ5042TYHD0BEV,,纯电动路面养护车,纯电动汽车,专用车,0,遍历整个文档全部body表和全部tr；未按研究型号筛选,其他类别/动力章节数据行，排除纯电动乘用车范围,"["""", """", ""YTZ5042TYHD0BEV"", ""纯电动路面养护车"", ""240/265"", ""2950/3000/3060"", ""350/386"", ""53.47/60.16"", """"]"
fresh_LO_DOCX_OOXML,c4e238989e7e40ec2c3a6a899ead170b4a745bc72546ba6fd4a5731d8890c6cb,18,4,3,87,9,0,1,0,,86,7,0,YTZ5120GQXD0BEV,,纯电动清洗车,纯电动汽车,专用车,0,遍历整个文档全部body表和全部tr；未按研究型号筛选,其他类别/动力章节数据行，排除纯电动乘用车范围,"["""", """", ""YTZ5120GQXD0BEV"", ""纯电动清洗车"", ""260"", ""6700/6030/5700"", ""884"", ""140.95"", """"]"
fresh_LO_DOCX_OOXML,c4e238989e7e40ec2c3a6a899ead170b4a745bc72546ba6fd4a5731d8890c6cb,18,4,3,88,9,0,1,0,,87,7,0,YTZ5120TSLD0BEV,,纯电动扫路车,纯电动汽车,专用车,0,遍历整个文档全部body表和全部tr；未按研究型号筛选,其他类别/动力章节数据行，排除纯电动乘用车范围,"["""", """", ""YTZ5120TSLD0BEV"", ""纯电动扫路车"", ""260"", ""7550"", ""884"", ""140.95"", """"]"
fresh_LO_DOCX_OOXML,c4e238989e7e40ec2c3a6a899ead170b4a745bc72546ba6fd4a5731d8890c6cb,18,4,3,89,9,0,1,0,,88,7,0,DXA5180TSDLBEV,徐工湖北环保科技股份有限公司,纯电动防役消毒洒水车,纯电动汽车,专用车,0,遍历整个文档全部body表和全部tr；未按研究型号筛选,其他类别/动力章节数据行，排除纯电动乘用车范围,"["""", ""徐工湖北环保科技股份有限公司"", ""DXA5180TSDLBEV"", ""纯电动防役消毒洒水车"", ""220"", ""8350/8000"", ""1085"", ""175.03"", """"]"
fresh_LO_DOCX_OOXML,c4e238989e7e40ec2c3a6a899ead170b4a745bc72546ba6fd4a5731d8890c6cb,18,4,3,90,9,0,1,0,,89,7,0,DXA5183GQXDBEV,,纯电动清洗车,纯电动汽车,专用车,0,遍历整个文档全部body表和全部tr；未按研究型号筛选,其他类别/动力章节数据行，排除纯电动乘用车范围,"["""", """", ""DXA5183GQXDBEV"", ""纯电动清洗车"", ""280"", ""8650"", ""1338"", ""210.56"", """"]"
fresh_LO_DOCX_OOXML,c4e238989e7e40ec2c3a6a899ead170b4a745bc72546ba6fd4a5731d8890c6cb,18,4,3,91,9,0,1,0,,90,7,0,HDW5031ZXXSBEV,湖北帝成环卫科技有限公司,纯电动车厢可卸式垃圾车,纯电动汽车,专用车,0,遍历整个文档全部body表和全部tr；未按研究型号筛选,其他类别/动力章节数据行，排除纯电动乘用车范围,"["""", ""湖北帝成环卫科技有限公司"", ""HDW5031ZXXSBEV"", ""纯电动车厢可卸式垃圾车"", ""320"", ""1560/1710"", ""308±9"", ""41.86"", """"]"
fresh_LO_DOCX_OOXML,c4e238989e7e40ec2c3a6a899ead170b4a745bc72546ba6fd4a5731d8890c6cb,18,4,3,92,9,0,1,0,,91,7,0,ZLJ5318GJBCBEV,中联重科股份有限公司,纯电动混凝土搅拌运输车,纯电动汽车,专用车,0,遍历整个文档全部body表和全部tr；未按研究型号筛选,其他类别/动力章节数据行，排除纯电动乘用车范围,"["""", ""中联重科股份有限公司"", ""ZLJ5318GJBCBEV"", ""纯电动混凝土搅拌运输车"", ""235"", ""13500"", ""1768"", ""281.92"", """"]"
fresh_LO_DOCX_OOXML,c4e238989e7e40ec2c3a6a899ead170b4a745bc72546ba6fd4a5731d8890c6cb,18,4,3,93,9,0,1,0,,92,7,0,ZLJ5318GJBCBEVH,,换电式纯电动混凝土搅拌运输车,纯电动汽车,专用车,0,遍历整个文档全部body表和全部tr；未按研究型号筛选,其他类别/动力章节数据行，排除纯电动乘用车范围,"["""", """", ""ZLJ5318GJBCBEVH"", ""换电式纯电动混凝土搅拌运输车"", ""235"", ""13900"", ""1768"", ""281.92"", """"]"
fresh_LO_DOCX_OOXML,c4e238989e7e40ec2c3a6a899ead170b4a745bc72546ba6fd4a5731d8890c6cb,18,4,3,94,9,0,1,0,,93,7,0,ZBH5083XTYETBEV,长沙中联重科环境产业有限公司,纯电动密闭式桶装垃圾车,纯电动汽车,专用车,0,遍历整个文档全部body表和全部tr；未按研究型号筛选,其他类别/动力章节数据行，排除纯电动乘用车范围,"["""", ""长沙中联重科环境产业有限公司"", ""ZBH5083XTYETBEV"", ""纯电动密闭式桶装垃圾车"", ""200/180"", ""4200"", ""580/554"", ""89.13/81.14"", """"]"
fresh_LO_DOCX_OOXML,c4e238989e7e40ec2c3a6a899ead170b4a745bc72546ba6fd4a5731d8890c6cb,18,4,3,95,9,0,1,0,,94,7,0,ZBH5043TWQSHBEV,,纯电动道路污染清除车,纯电动汽车,专用车,0,遍历整个文档全部body表和全部tr；未按研究型号筛选,其他类别/动力章节数据行，排除纯电动乘用车范围,"["""", """", ""ZBH5043TWQSHBEV"", ""纯电动道路污染清除车"", ""400"", ""4260"", ""640"", ""98.04"", """"]"
fresh_LO_DOCX_OOXML,c4e238989e7e40ec2c3a6a899ead170b4a745bc72546ba6fd4a5731d8890c6cb,18,4,3,96,9,0,1,0,,95,7,0,ZBH5322ZXXDFBEV,,纯电动车厢可卸式垃圾车,纯电动汽车,专用车,0,遍历整个文档全部body表和全部tr；未按研究型号筛选,其他类别/动力章节数据行，排除纯电动乘用车范围,"["""", """", ""ZBH5322ZXXDFBEV"", ""纯电动车厢可卸式垃圾车"", ""355"", ""14740/14440"", ""2188"", ""350.08"", """"]"
fresh_LO_DOCX_OOXML,c4e238989e7e40ec2c3a6a899ead170b4a745bc72546ba6fd4a5731d8890c6cb,18,4,3,97,9,0,1,0,,96,7,0,SYR5185ZYSSYABEV,三一能源装备有限公司,纯电动压缩式垃圾车,纯电动汽车,专用车,0,遍历整个文档全部body表和全部tr；未按研究型号筛选,其他类别/动力章节数据行，排除纯电动乘用车范围,"["""", ""三一能源装备有限公司"", ""SYR5185ZYSSYABEV"", ""纯电动压缩式垃圾车"", ""300"", ""12050/12300"", ""1338"", ""210.56"", """"]"
fresh_LO_DOCX_OOXML,c4e238989e7e40ec2c3a6a899ead170b4a745bc72546ba6fd4a5731d8890c6cb,18,4,3,98,9,0,1,0,,97,7,0,SYR5040ZZZSDABEV,,纯电动自装卸式垃圾车,纯电动汽车,专用车,0,遍历整个文档全部body表和全部tr；未按研究型号筛选,其他类别/动力章节数据行，排除纯电动乘用车范围,"["""", """", ""SYR5040ZZZSDABEV"", ""纯电动自装卸式垃圾车"", ""255"", ""3450"", ""384"", ""55.7"", """"]"
fresh_LO_DOCX_OOXML,c4e238989e7e40ec2c3a6a899ead170b4a745bc72546ba6fd4a5731d8890c6cb,18,4,3,99,9,0,1,0,,98,7,0,SYR5040ZXXSDABEV,,纯电动车厢可卸式垃圾车,纯电动汽车,专用车,0,遍历整个文档全部body表和全部tr；未按研究型号筛选,其他类别/动力章节数据行，排除纯电动乘用车范围,"["""", """", ""SYR5040ZXXSDABEV"", ""纯电动车厢可卸式垃圾车"", ""255"", ""2250"", ""384"", ""55.7"", """"]"
fresh_LO_DOCX_OOXML,c4e238989e7e40ec2c3a6a899ead170b4a745bc72546ba6fd4a5731d8890c6cb,18,4,3,100,9,0,1,0,,99,7,0,SYR5100ZYSSDABEV,,纯电动压缩式垃圾车,纯电动汽车,专用车,0,遍历整个文档全部body表和全部tr；未按研究型号筛选,其他类别/动力章节数据行，排除纯电动乘用车范围,"["""", """", ""SYR5100ZYSSDABEV"", ""纯电动压缩式垃圾车"", ""430"", ""6910"", ""1108"", ""162.28"", """"]"
fresh_LO_DOCX_OOXML,c4e238989e7e40ec2c3a6a899ead170b4a745bc72546ba6fd4a5731d8890c6cb,18,4,3,101,9,0,1,0,,100,7,0,SYR5100GQXSDABEV,,纯电动清洗车,纯电动汽车,专用车,0,遍历整个文档全部body表和全部tr；未按研究型号筛选,其他类别/动力章节数据行，排除纯电动乘用车范围,"["""", """", ""SYR5100GQXSDABEV"", ""纯电动清洗车"", ""262"", ""4700"", ""700"", ""106.95"", """"]"
fresh_LO_DOCX_OOXML,c4e238989e7e40ec2c3a6a899ead170b4a745bc72546ba6fd4a5731d8890c6cb,18,4,3,102,9,0,1,0,,101,7,0,GB5310ZLJ01EV,广州穗景客车制造有限公司,换电式纯电动自卸式垃圾车,纯电动汽车,专用车,0,遍历整个文档全部body表和全部tr；未按研究型号筛选,其他类别/动力章节数据行，排除纯电动乘用车范围,"["""", ""广州穗景客车制造有限公司"", ""GB5310ZLJ01EV"", ""换电式纯电动自卸式垃圾车"", ""210"", ""17600/18100/18600/19200"", ""1768/1930.8"", ""281.899"", """"]"
fresh_LO_DOCX_OOXML,c4e238989e7e40ec2c3a6a899ead170b4a745bc72546ba6fd4a5731d8890c6cb,18,4,3,103,9,0,1,0,,102,7,0,HA5120TCABEV381L,中山市顺达客车有限公司,纯电动餐厨垃圾车,纯电动汽车,专用车,0,遍历整个文档全部body表和全部tr；未按研究型号筛选,其他类别/动力章节数据行，排除纯电动乘用车范围,"["""", ""中山市顺达客车有限公司"", ""HA5120TCABEV381L"", ""纯电动餐厨垃圾车"", ""200"", ""6465"", ""775"", ""108.59"", """"]"
fresh_LO_DOCX_OOXML,c4e238989e7e40ec2c3a6a899ead170b4a745bc72546ba6fd4a5731d8890c6cb,18,4,3,104,9,0,1,0,,103,7,0,DMT5045XYCEV3-AM,重庆迪马工业有限责任公司,纯电动运钞车,纯电动汽车,专用车,0,遍历整个文档全部body表和全部tr；未按研究型号筛选,其他类别/动力章节数据行，排除纯电动乘用车范围,"["""", ""重庆迪马工业有限责任公司"", ""DMT5045XYCEV3-AM"", ""纯电动运钞车"", ""459"", ""2560/2660"", ""386"", ""60.16"", """"]"
fresh_LO_DOCX_OOXML,c4e238989e7e40ec2c3a6a899ead170b4a745bc72546ba6fd4a5731d8890c6cb,18,4,3,105,9,0,1,0,,104,7,0,CTT5310GXSGW1BEV,成都雅骏汽车制造有限公司,纯电动清洗洒水车,纯电动汽车,专用车,0,遍历整个文档全部body表和全部tr；未按研究型号筛选,其他类别/动力章节数据行，排除纯电动乘用车范围,"["""", ""成都雅骏汽车制造有限公司"", ""CTT5310GXSGW1BEV"", ""纯电动清洗洒水车"", ""280"", ""14770"", ""2170±65"", ""350.07"", """"]"
fresh_LO_DOCX_OOXML,c4e238989e7e40ec2c3a6a899ead170b4a745bc72546ba6fd4a5731d8890c6cb,18,4,3,106,9,0,1,0,,105,7,0,SQH5314ZLJBEVD,四川川宏机械有限公司,纯电动自卸式垃圾车,纯电动汽车,专用车,0,遍历整个文档全部body表和全部tr；未按研究型号筛选,其他类别/动力章节数据行，排除纯电动乘用车范围,"["""", ""四川川宏机械有限公司"", ""SQH5314ZLJBEVD"", ""纯电动自卸式垃圾车"", ""300"", ""18500/19000/19500/20000/20300"", ""2706"", ""422.87"", """"]"
fresh_LO_DOCX_OOXML,c4e238989e7e40ec2c3a6a899ead170b4a745bc72546ba6fd4a5731d8890c6cb,18,4,3,107,9,0,1,0,,106,7,0,CQT5310ZLJF60BEV,成都青特特种汽车有限公司,纯电动自卸式垃圾车,纯电动汽车,专用车,0,遍历整个文档全部body表和全部tr；未按研究型号筛选,其他类别/动力章节数据行，排除纯电动乘用车范围,"["""", ""成都青特特种汽车有限公司"", ""CQT5310ZLJF60BEV"", ""纯电动自卸式垃圾车"", ""250"", ""21800/20000"", ""2652"", ""422.87"", """"]"
fresh_LO_DOCX_OOXML,c4e238989e7e40ec2c3a6a899ead170b4a745bc72546ba6fd4a5731d8890c6cb,18,4,3,108,9,0,1,0,,107,7,0,KTE5180ZYSDEV,今创城投(成都)环境工程有限公司,纯电动压缩式垃圾车,纯电动汽车,专用车,0,遍历整个文档全部body表和全部tr；未按研究型号筛选,其他类别/动力章节数据行，排除纯电动乘用车范围,"["""", ""今创城投(成都)环境工程有限公司"", ""KTE5180ZYSDEV"", ""纯电动压缩式垃圾车"", ""280"", ""11500/11700/11900/12100/12350/12480"", ""1392/1338±40.2"", ""210.56"", """"]"
fresh_LO_DOCX_OOXML,c4e238989e7e40ec2c3a6a899ead170b4a745bc72546ba6fd4a5731d8890c6cb,18,4,3,109,9,0,1,0,,108,7,0,WL5310GJBSXDFBEV,芜湖中集瑞江汽车有限公司,纯电动混凝土搅拌运输车,纯电动汽车,专用车,0,遍历整个文档全部body表和全部tr；未按研究型号筛选,其他类别/动力章节数据行，排除纯电动乘用车范围,"["""", ""芜湖中集瑞江汽车有限公司"", ""WL5310GJBSXDFBEV"", ""纯电动混凝土搅拌运输车"", ""280"", ""16050"", ""2206"", ""350.07"", """"]"
fresh_LO_DOCX_OOXML,c4e238989e7e40ec2c3a6a899ead170b4a745bc72546ba6fd4a5731d8890c6cb,18,4,3,110,9,0,1,0,,109,7,0,CLY5319GJB32BEV4,洛阳中集凌宇汽车有限公司,换电式纯电动混凝土搅拌运输车,纯电动汽车,专用车,0,遍历整个文档全部body表和全部tr；未按研究型号筛选,其他类别/动力章节数据行，排除纯电动乘用车范围,"["""", ""洛阳中集凌宇汽车有限公司"", ""CLY5319GJB32BEV4"", ""换电式纯电动混凝土搅拌运输车"", ""230"", ""14750"", ""1768"", ""281.91"", """"]"
fresh_LO_DOCX_OOXML,c4e238989e7e40ec2c3a6a899ead170b4a745bc72546ba6fd4a5731d8890c6cb,18,4,3,111,9,0,1,0,,110,7,0,CLY5317GJB30BEV2,,换电式纯电动混凝土搅拌运输车,纯电动汽车,专用车,0,遍历整个文档全部body表和全部tr；未按研究型号筛选,其他类别/动力章节数据行，排除纯电动乘用车范围,"["""", """", ""CLY5317GJB30BEV2"", ""换电式纯电动混凝土搅拌运输车"", ""235"", ""16510"", ""1768"", ""281.92"", """"]"
fresh_LO_DOCX_OOXML,c4e238989e7e40ec2c3a6a899ead170b4a745bc72546ba6fd4a5731d8890c6cb,18,4,3,112,9,0,1,0,,111,7,0,CLY5314GJB30BEV3,,换电式纯电动混凝土搅拌运输车,纯电动汽车,专用车,0,遍历整个文档全部body表和全部tr；未按研究型号筛选,其他类别/动力章节数据行，排除纯电动乘用车范围,"["""", """", ""CLY5314GJB30BEV3"", ""换电式纯电动混凝土搅拌运输车"", ""220"", ""16000"", ""1804"", ""281.91"", """"]"
fresh_LO_DOCX_OOXML,c4e238989e7e40ec2c3a6a899ead170b4a745bc72546ba6fd4a5731d8890c6cb,18,4,3,113,9,0,1,0,,112,7,0,CLY5310GJB32BEV1,,纯电动混凝土搅拌运输车,纯电动汽车,专用车,0,遍历整个文档全部body表和全部tr；未按研究型号筛选,其他类别/动力章节数据行，排除纯电动乘用车范围,"["""", """", ""CLY5310GJB32BEV1"", ""纯电动混凝土搅拌运输车"", ""270"", ""15700"", ""2170/2190"", ""350.078"", """"]"
fresh_LO_DOCX_OOXML,c4e238989e7e40ec2c3a6a899ead170b4a745bc72546ba6fd4a5731d8890c6cb,22,5,4,1,11,1,0,1,序号,,,,车辆型号,汽车生产企业名称,通用名称,插电式混合动力汽车,乘用车,0,遍历整个文档全部body表和全部tr；未按研究型号筛选,表头，排除数据计数,"[""序号"", ""汽车生产企业名称"", ""车辆型号"", ""通用名称"", ""纯电动续驶里程(km)"", ""燃料消耗量(L/100km)"", ""发动机排量(mL)"", ""整车整备质量(kg)"", ""动力蓄电池组总质量(kg)"", ""动力蓄电池组总能量(kWh)"", ""备注""]"
fresh_LO_DOCX_OOXML,c4e238989e7e40ec2c3a6a899ead170b4a745bc72546ba6fd4a5731d8890c6cb,22,5,4,2,11,0,1,0,,1,2,0,DHW7201CUHEV,东风本田汽车有限公司,英仕派(INSPIRE),插电式混合动力汽车,乘用车,0,遍历整个文档全部body表和全部tr；未按研究型号筛选,其他类别/动力章节数据行，排除纯电动乘用车范围,"["""", ""东风本田汽车有限公司"", ""DHW7201CUHEV"", ""英仕派(INSPIRE)"", ""82"", ""4.88"", ""1993"", ""1781/1796"", ""140.6"", ""17.7"", """"]"
fresh_LO_DOCX_OOXML,c4e238989e7e40ec2c3a6a899ead170b4a745bc72546ba6fd4a5731d8890c6cb,22,5,4,3,11,0,1,0,,2,2,0,DFL6460NTT82PHEV,东风汽车有限公司,启辰大V DD-i超混动,插电式混合动力汽车,乘用车,0,遍历整个文档全部body表和全部tr；未按研究型号筛选,其他类别/动力章节数据行，排除纯电动乘用车范围,"["""", ""东风汽车有限公司"", ""DFL6460NTT82PHEV"", ""启辰大V DD-i超混动"", ""87"", ""5.20"", ""1476"", ""1700"", ""177"", ""18.4"", """"]"
fresh_LO_DOCX_OOXML,c4e238989e7e40ec2c3a6a899ead170b4a745bc72546ba6fd4a5731d8890c6cb,22,5,4,4,11,0,1,0,,3,2,0,DFL6460NTT81PHEV,,启辰大V DD-i超混动,插电式混合动力汽车,乘用车,0,遍历整个文档全部body表和全部tr；未按研究型号筛选,其他类别/动力章节数据行，排除纯电动乘用车范围,"["""", """", ""DFL6460NTT81PHEV"", ""启辰大V DD-i超混动"", ""48"", ""5.10"", ""1476"", ""1644"", ""118"", ""10.3"", """"]"
fresh_LO_DOCX_OOXML,c4e238989e7e40ec2c3a6a899ead170b4a745bc72546ba6fd4a5731d8890c6cb,22,5,4,5,11,0,1,0,,4,2,0,CC6480BT25CPHEV,长城汽车股份有限公司,"哈弗枭龙MAX,哈弗如歌MAX",插电式混合动力汽车,乘用车,0,遍历整个文档全部body表和全部tr；未按研究型号筛选,其他类别/动力章节数据行，排除纯电动乘用车范围,"["""", ""长城汽车股份有限公司"", ""CC6480BT25CPHEV"", ""哈弗枭龙MAX,哈弗如歌MAX"", ""83(WLTC)"", ""5.50"", ""1498"", ""1980"", ""168"", ""19.94"", """"]"
fresh_LO_DOCX_OOXML,c4e238989e7e40ec2c3a6a899ead170b4a745bc72546ba6fd4a5731d8890c6cb,22,5,4,6,11,0,1,0,,5,2,0,CC6520BP00DPHEV,,魏牌蓝山,插电式混合动力汽车,乘用车,0,遍历整个文档全部body表和全部tr；未按研究型号筛选,其他类别/动力章节数据行，排除纯电动乘用车范围,"["""", """", ""CC6520BP00DPHEV"", ""魏牌蓝山"", ""153(WLTC)"", ""6.20"", ""1499"", ""2395"", ""223"", ""35.0"", """"]"
fresh_LO_DOCX_OOXML,c4e238989e7e40ec2c3a6a899ead170b4a745bc72546ba6fd4a5731d8890c6cb,22,5,4,7,11,0,1,0,,6,2,0,HQ6472DCHEV01,浙江豪情汽车制造有限公司,银河 L7,插电式混合动力汽车,乘用车,0,遍历整个文档全部body表和全部tr；未按研究型号筛选,其他类别/动力章节数据行，排除纯电动乘用车范围,"["""", ""浙江豪情汽车制造有限公司"", ""HQ6472DCHEV01"", ""银河 L7"", ""89"", ""5.23"", ""1499"", ""1860/1890"", ""180"", ""18.7"", """"]"
fresh_LO_DOCX_OOXML,c4e238989e7e40ec2c3a6a899ead170b4a745bc72546ba6fd4a5731d8890c6cb,22,5,4,8,11,0,1,0,,7,2,0,MR6490DSHEV07,浙江吉利汽车有限公司,TX,插电式混合动力汽车,乘用车,0,遍历整个文档全部body表和全部tr；未按研究型号筛选,其他类别/动力章节数据行，排除纯电动乘用车范围,"["""", ""浙江吉利汽车有限公司"", ""MR6490DSHEV07"", ""TX"", ""107"", ""7.90"", ""1477"", ""2210"", ""258"", ""25.4"", """"]"
fresh_LO_DOCX_OOXML,c4e238989e7e40ec2c3a6a899ead170b4a745bc72546ba6fd4a5731d8890c6cb,22,5,4,9,11,0,1,0,,8,2,0,BYD6482ST6HEV7,比亚迪汽车有限公司,护卫舰07,插电式混合动力汽车,乘用车,0,遍历整个文档全部body表和全部tr；未按研究型号筛选,其他类别/动力章节数据行，排除纯电动乘用车范围,"["""", ""比亚迪汽车有限公司"", ""BYD6482ST6HEV7"", ""护卫舰07"", ""170(WLTC)"", ""5.80"", ""1497"", ""2140"", ""275"", ""36.8"", """"]"
fresh_LO_DOCX_OOXML,c4e238989e7e40ec2c3a6a899ead170b4a745bc72546ba6fd4a5731d8890c6cb,22,5,4,10,11,0,1,0,,9,2,0,BYD6482ST6HEV8,,护卫舰07,插电式混合动力汽车,乘用车,0,遍历整个文档全部body表和全部tr；未按研究型号筛选,其他类别/动力章节数据行，排除纯电动乘用车范围,"["""", """", ""BYD6482ST6HEV8"", ""护卫舰07"", ""82(WLTC)"", ""5.80"", ""1497"", ""2047"", ""166"", ""18.316"", """"]"
fresh_LO_DOCX_OOXML,c4e238989e7e40ec2c3a6a899ead170b4a745bc72546ba6fd4a5731d8890c6cb,22,5,4,11,11,0,1,0,,10,2,0,SQR6451CHEVT1C,奇瑞汽车股份有限公司,"星途追风 DP-i,星途追风 ET-i,星途追风 PHEV",插电式混合动力汽车,乘用车,0,遍历整个文档全部body表和全部tr；未按研究型号筛选,其他类别/动力章节数据行，排除纯电动乘用车范围,"["""", ""奇瑞汽车股份有限公司"", ""SQR6451CHEVT1C"", ""星途追风 DP-i,星途追风 ET-i,星途追风 PHEV"", ""80"", ""5.96"", ""1498"", ""1683"", ""134"", ""19.27"", """"]"
fresh_LO_DOCX_OOXML,c4e238989e7e40ec2c3a6a899ead170b4a745bc72546ba6fd4a5731d8890c6cb,22,5,4,12,11,0,1,0,,11,2,0,SKE6480SSHEVA8S,赛力斯汽车有限公司,赛力斯问界M5,插电式混合动力汽车,乘用车,0,遍历整个文档全部body表和全部tr；未按研究型号筛选,其他类别/动力章节数据行，排除纯电动乘用车范围,"["""", ""赛力斯汽车有限公司"", ""SKE6480SSHEVA8S"", ""赛力斯问界M5"", ""175(WLTC)"", ""6.50"", ""1499"", ""2335"", ""275"", ""40.055"", """"]"
fresh_LO_DOCX_OOXML,c4e238989e7e40ec2c3a6a899ead170b4a745bc72546ba6fd4a5731d8890c6cb,22,5,4,13,11,0,1,0,,12,2,0,SKE6470SSHEVA8S,,"赛力斯A5,赛力斯R-A5,赛力斯S-A5,赛力斯E-A5",插电式混合动力汽车,乘用车,0,遍历整个文档全部body表和全部tr；未按研究型号筛选,其他类别/动力章节数据行，排除纯电动乘用车范围,"["""", """", ""SKE6470SSHEVA8S"", ""赛力斯A5,赛力斯R-A5,赛力斯S-A5,赛力斯E-A5"", ""150(WLTC)"", ""6.78"", ""1499"", ""2360"", ""275"", ""40.055"", """"]"
fresh_LO_DOCX_OOXML,c4e238989e7e40ec2c3a6a899ead170b4a745bc72546ba6fd4a5731d8890c6cb,22,5,4,14,11,0,1,0,,13,2,0,SKE6480SSHEVR4,,赛力斯问界M5,插电式混合动力汽车,乘用车,0,遍历整个文档全部body表和全部tr；未按研究型号筛选,其他类别/动力章节数据行，排除纯电动乘用车范围,"["""", """", ""SKE6480SSHEVR4"", ""赛力斯问界M5"", ""195(WLTC)"", ""6.10"", ""1499"", ""2220"", ""275"", ""40.055"", """"]"
fresh_LO_DOCX_OOXML,c4e238989e7e40ec2c3a6a899ead170b4a745bc72546ba6fd4a5731d8890c6cb,22,5,4,15,11,0,1,0,,14,2,0,SKE6470SSHEVR2,,"赛力斯A5,赛力斯R-A5,赛力斯S-A5,赛力斯E-A5",插电式混合动力汽车,乘用车,0,遍历整个文档全部body表和全部tr；未按研究型号筛选,其他类别/动力章节数据行，排除纯电动乘用车范围,"["""", """", ""SKE6470SSHEVR2"", ""赛力斯A5,赛力斯R-A5,赛力斯S-A5,赛力斯E-A5"", ""160(WLTC)"", ""6.40"", ""1499"", ""2220"", ""275"", ""40.055"", """"]"
fresh_LO_DOCX_OOXML,c4e238989e7e40ec2c3a6a899ead170b4a745bc72546ba6fd4a5731d8890c6cb,22,5,4,16,11,0,1,0,,15,2,0,GRAND CHEROKEE(6684GA),斯泰兰蒂斯(上海)汽车有限公司,全新Jeep大切诺基4xe,插电式混合动力汽车,乘用车,0,遍历整个文档全部body表和全部tr；未按研究型号筛选,其他类别/动力章节数据行，排除纯电动乘用车范围,"["""", ""斯泰兰蒂斯(上海)汽车有限公司"", ""GRAND CHEROKEE(6684GA)"", ""全新Jeep大切诺基4xe"", ""47(WLTC)"", ""9.3/9.5"", ""1995"", ""2456/2526"", ""150.5"", ""17.107"", """"]"
fresh_LO_DOCX_OOXML,c4e238989e7e40ec2c3a6a899ead170b4a745bc72546ba6fd4a5731d8890c6cb,27,6,5,1,11,1,0,1,序号,,,,车辆型号,汽车生产企业名称,产品名称,插电式混合动力汽车,货车,0,遍历整个文档全部body表和全部tr；未按研究型号筛选,表头，排除数据计数,"[""序号"", ""汽车生产企业名称"", ""车辆型号"", ""产品名称"", ""纯电动续驶里程(km)"", ""燃料消耗量(L/100km)"", ""发动机排量(mL)"", ""整车整备质量(kg)"", ""动力蓄电池组总质量(kg)"", ""动力蓄电池组总能量(kWh)"", ""备注""]"
fresh_LO_DOCX_OOXML,c4e238989e7e40ec2c3a6a899ead170b4a745bc72546ba6fd4a5731d8890c6cb,27,6,5,2,11,0,1,0,,1,3,0,HFC1043PHEV1,安徽江淮汽车集团股份有限公司,插电式混合动力载货汽车,插电式混合动力汽车,货车,0,遍历整个文档全部body表和全部tr；未按研究型号筛选,其他类别/动力章节数据行，排除纯电动乘用车范围,"["""", ""安徽江淮汽车集团股份有限公司"", ""HFC1043PHEV1"", ""插电式混合动力载货汽车"", ""60"", ""8.9"", ""2183"", ""3050"", ""180±4"", ""17.28"", """"]"
fresh_LO_DOCX_OOXML,c4e238989e7e40ec2c3a6a899ead170b4a745bc72546ba6fd4a5731d8890c6cb,31,7,6,1,11,1,0,1,序号,,,,车辆型号,汽车生产企业名称,产品名称,插电式混合动力汽车,专用车,0,遍历整个文档全部body表和全部tr；未按研究型号筛选,表头，排除数据计数,"[""序号"", ""汽车生产企业名称"", ""车辆型号"", ""产品名称"", ""纯电动续驶里程(km)"", ""燃料消耗量(L/100km)"", ""发动机排量(mL)"", ""整车整备质量(kg)"", ""动力蓄电池组总质量(kg)"", ""动力蓄电池组总能量(kWh)"", ""备注""]"
fresh_LO_DOCX_OOXML,c4e238989e7e40ec2c3a6a899ead170b4a745bc72546ba6fd4a5731d8890c6cb,31,7,6,2,11,0,1,0,,1,5,0,CTT5070XPDGN3SHEV,成都雅骏汽车制造有限公司,插电式混合动力配电车,插电式混合动力汽车,专用车,0,遍历整个文档全部body表和全部tr；未按研究型号筛选,其他类别/动力章节数据行，排除纯电动乘用车范围,"["""", ""成都雅骏汽车制造有限公司"", ""CTT5070XPDGN3SHEV"", ""插电式混合动力配电车"", ""65"", ""10.9"", ""1477"", ""6455"", ""239"", ""25.9"", """"]"
fresh_LO_DOCX_OOXML,c4e238989e7e40ec2c3a6a899ead170b4a745bc72546ba6fd4a5731d8890c6cb,31,7,6,3,11,0,1,0,,2,5,0,HFC5045XLCSHEV1,安徽江淮汽车集团股份有限公司,插电式增程混合动力冷藏车,插电式混合动力汽车,专用车,0,遍历整个文档全部body表和全部tr；未按研究型号筛选,其他类别/动力章节数据行，排除纯电动乘用车范围,"["""", ""安徽江淮汽车集团股份有限公司"", ""HFC5045XLCSHEV1"", ""插电式增程混合动力冷藏车"", ""50"", ""8.9"", ""2300"", ""3600"", ""180±4"", ""17.28"", """"]"
fresh_LO_DOCX_OOXML,c4e238989e7e40ec2c3a6a899ead170b4a745bc72546ba6fd4a5731d8890c6cb,31,7,6,4,11,0,1,0,,3,5,0,HFC5043XLCPHEV1,,插电式混合动力冷藏车,插电式混合动力汽车,专用车,0,遍历整个文档全部body表和全部tr；未按研究型号筛选,其他类别/动力章节数据行，排除纯电动乘用车范围,"["""", """", ""HFC5043XLCPHEV1"", ""插电式混合动力冷藏车"", ""60"", ""8.9"", ""2183"", ""3590"", ""180±4"", ""17.28"", """"]"
fresh_LO_DOCX_OOXML,c4e238989e7e40ec2c3a6a899ead170b4a745bc72546ba6fd4a5731d8890c6cb,31,7,6,5,11,0,1,0,,4,5,0,HFC5045XXYSHEV1,,插电式增程混合动力厢式运输车,插电式混合动力汽车,专用车,0,遍历整个文档全部body表和全部tr；未按研究型号筛选,其他类别/动力章节数据行，排除纯电动乘用车范围,"["""", """", ""HFC5045XXYSHEV1"", ""插电式增程混合动力厢式运输车"", ""50"", ""8.9"", ""2300"", ""3250"", ""180±4"", ""17.28"", """"]"
fresh_LO_DOCX_OOXML,c4e238989e7e40ec2c3a6a899ead170b4a745bc72546ba6fd4a5731d8890c6cb,31,7,6,6,11,0,1,0,,5,5,0,HFC5041XXYPHEV2Q,,插电式混合动力厢式运输车,插电式混合动力汽车,专用车,0,遍历整个文档全部body表和全部tr；未按研究型号筛选,其他类别/动力章节数据行，排除纯电动乘用车范围,"["""", """", ""HFC5041XXYPHEV2Q"", ""插电式混合动力厢式运输车"", ""50"", ""8.9"", ""1999"", ""3250"", ""163±4"", ""15.552"", """"]"
fresh_LO_DOCX_OOXML,c4e238989e7e40ec2c3a6a899ead170b4a745bc72546ba6fd4a5731d8890c6cb,31,7,6,7,11,0,1,0,,6,5,0,HFC5043XXYPHEV1,,插电式混合动力厢式运输车,插电式混合动力汽车,专用车,0,遍历整个文档全部body表和全部tr；未按研究型号筛选,其他类别/动力章节数据行，排除纯电动乘用车范围,"["""", """", ""HFC5043XXYPHEV1"", ""插电式混合动力厢式运输车"", ""60"", ""8.9"", ""2183"", ""3230"", ""180±4"", ""17.28"", """"]"
fresh_LO_DOCX_OOXML,c4e238989e7e40ec2c3a6a899ead170b4a745bc72546ba6fd4a5731d8890c6cb,31,7,6,8,11,0,1,0,,7,5,0,CA5041XXYP40K51L2E6PHEVA84,一汽解放青岛汽车有限公司,插电式混合动力厢式运输车,插电式混合动力汽车,专用车,0,遍历整个文档全部body表和全部tr；未按研究型号筛选,其他类别/动力章节数据行，排除纯电动乘用车范围,"["""", ""一汽解放青岛汽车有限公司"", ""CA5041XXYP40K51L2E6PHEVA84"", ""插电式混合动力厢式运输车"", ""50"", ""6.8/6.807"", ""2207"", ""3500"", ""158.00±4.74"", ""13.616"", """"]"
fresh_LO_DOCX_OOXML,c4e238989e7e40ec2c3a6a899ead170b4a745bc72546ba6fd4a5731d8890c6cb,31,7,6,9,11,0,1,0,,8,5,0,JGL5047CCYSHEVGNA,江西吉利新能源商用车有限公司,插电式增程混合动力仓栅式运输车,插电式混合动力汽车,专用车,0,遍历整个文档全部body表和全部tr；未按研究型号筛选,其他类别/动力章节数据行，排除纯电动乘用车范围,"["""", ""江西吉利新能源商用车有限公司"", ""JGL5047CCYSHEVGNA"", ""插电式增程混合动力仓栅式运输车"", ""200"", ""7.78"", ""1477"", ""3380/3510"", ""510"", ""77.28"", """"]"
fresh_LO_DOCX_OOXML,c4e238989e7e40ec2c3a6a899ead170b4a745bc72546ba6fd4a5731d8890c6cb,31,7,6,10,11,0,1,0,,9,5,0,HZK5060XLJSHEV,湖州远程汽车有限公司,插电式混合动力旅居车,插电式混合动力汽车,专用车,0,遍历整个文档全部body表和全部tr；未按研究型号筛选,其他类别/动力章节数据行，排除纯电动乘用车范围,"["""", ""湖州远程汽车有限公司"", ""HZK5060XLJSHEV"", ""插电式混合动力旅居车"", ""60"", ""9.5"", ""1477"", ""4800"", ""239"", ""25.9"", """"]"
fresh_LO_DOCX_OOXML,c4e238989e7e40ec2c3a6a899ead170b4a745bc72546ba6fd4a5731d8890c6cb,36,8,7,1,9,1,0,1,序号,,,,车辆型号,汽车生产企业名称,产品名称,燃料电池汽车,客车,0,遍历整个文档全部body表和全部tr；未按研究型号筛选,表头，排除数据计数,"[""序号"", ""汽车生产企业名称"", ""车辆型号"", ""产品名称"", ""纯电动续驶里程(km)"", ""整车整备质量(kg)"", ""燃料电池系统额定功率(kW)"", ""驱动电机额定功率(kW)"", ""备注""]"
fresh_LO_DOCX_OOXML,c4e238989e7e40ec2c3a6a899ead170b4a745bc72546ba6fd4a5731d8890c6cb,36,8,7,2,9,0,1,0,,1,6,0,DK6109URFCEV33,大连氢锋客车有限公司,燃料电池低入口城市客车,燃料电池汽车,客车,0,遍历整个文档全部body表和全部tr；未按研究型号筛选,其他类别/动力章节数据行，排除纯电动乘用车范围,"["""", ""大连氢锋客车有限公司"", ""DK6109URFCEV33"", ""燃料电池低入口城市客车"", ""500"", ""11300"", ""84"", ""100"", """"]"
fresh_LO_DOCX_OOXML,c4e238989e7e40ec2c3a6a899ead170b4a745bc72546ba6fd4a5731d8890c6cb,36,8,7,3,9,0,1,0,,2,6,0,DK6850URFCEV31,,燃料电池城市客车,燃料电池汽车,客车,0,遍历整个文档全部body表和全部tr；未按研究型号筛选,其他类别/动力章节数据行，排除纯电动乘用车范围,"["""", """", ""DK6850URFCEV31"", ""燃料电池城市客车"", ""700"", ""9600"", ""60"", ""85"", """"]"
fresh_LO_DOCX_OOXML,c4e238989e7e40ec2c3a6a899ead170b4a745bc72546ba6fd4a5731d8890c6cb,36,8,7,4,9,0,1,0,,3,6,0,KLQ6121HYFCEV1N6,金龙联合汽车工业(苏州)有限公司,燃料电池客车,燃料电池汽车,客车,0,遍历整个文档全部body表和全部tr；未按研究型号筛选,其他类别/动力章节数据行，排除纯电动乘用车范围,"["""", ""金龙联合汽车工业(苏州)有限公司"", ""KLQ6121HYFCEV1N6"", ""燃料电池客车"", ""620"", ""12000/12790"", ""95"", ""120"", """"]"
fresh_LO_DOCX_OOXML,c4e238989e7e40ec2c3a6a899ead170b4a745bc72546ba6fd4a5731d8890c6cb,36,8,7,5,9,0,1,0,,4,6,0,DNC6850FCEVG35,吉利四川商用车有限公司,燃料电池城市客车,燃料电池汽车,客车,0,遍历整个文档全部body表和全部tr；未按研究型号筛选,其他类别/动力章节数据行，排除纯电动乘用车范围,"["""", ""吉利四川商用车有限公司"", ""DNC6850FCEVG35"", ""燃料电池城市客车"", ""850"", ""9200/9500"", ""47"", ""75"", """"]"
fresh_LO_DOCX_OOXML,c4e238989e7e40ec2c3a6a899ead170b4a745bc72546ba6fd4a5731d8890c6cb,39,9,8,1,9,1,0,1,序号,,,,车辆型号,汽车生产企业名称,产品名称,燃料电池汽车,货车,0,遍历整个文档全部body表和全部tr；未按研究型号筛选,表头，排除数据计数,"[""序号"", ""汽车生产企业名称"", ""车辆型号"", ""产品名称"", ""纯电动续驶里程(km)"", ""整车整备质量(kg)"", ""燃料电池系统额定功率(kW)"", ""驱动电机额定功率(kW)"", ""备注""]"
fresh_LO_DOCX_OOXML,c4e238989e7e40ec2c3a6a899ead170b4a745bc72546ba6fd4a5731d8890c6cb,39,9,8,2,9,0,1,0,,1,8,0,SYM42503SWFCEV13,三一汽车制造有限公司,燃料电池半挂牵引车,燃料电池汽车,货车,0,遍历整个文档全部body表和全部tr；未按研究型号筛选,其他类别/动力章节数据行，排除纯电动乘用车范围,"["""", ""三一汽车制造有限公司"", ""SYM42503SWFCEV13"", ""燃料电池半挂牵引车"", ""450"", ""11000"", ""117"", ""198"", """"]"
fresh_LO_DOCX_OOXML,c4e238989e7e40ec2c3a6a899ead170b4a745bc72546ba6fd4a5731d8890c6cb,39,9,8,3,9,0,1,0,,2,8,0,KLQ4250FCEV5,金龙联合汽车工业(苏州)有限公司,燃料电池半挂牵引车,燃料电池汽车,货车,0,遍历整个文档全部body表和全部tr；未按研究型号筛选,其他类别/动力章节数据行，排除纯电动乘用车范围,"["""", ""金龙联合汽车工业(苏州)有限公司"", ""KLQ4250FCEV5"", ""燃料电池半挂牵引车"", ""510"", ""11000"", ""113"", ""210"", """"]"
fresh_LO_DOCX_OOXML,c4e238989e7e40ec2c3a6a899ead170b4a745bc72546ba6fd4a5731d8890c6cb,39,9,8,4,9,0,1,0,,3,8,0,XMQ4252FCEV,厦门金龙联合汽车工业有限公司,燃料电池半挂牵引车,燃料电池汽车,货车,0,遍历整个文档全部body表和全部tr；未按研究型号筛选,其他类别/动力章节数据行，排除纯电动乘用车范围,"["""", ""厦门金龙联合汽车工业有限公司"", ""XMQ4252FCEV"", ""燃料电池半挂牵引车"", ""500"", ""11300/12000"", ""130"", ""200"", """"]"
fresh_LO_DOCX_OOXML,c4e238989e7e40ec2c3a6a899ead170b4a745bc72546ba6fd4a5731d8890c6cb,42,10,9,1,9,1,0,1,序号,,,,车辆型号,汽车生产企业名称,产品名称,燃料电池汽车,专用车,0,遍历整个文档全部body表和全部tr；未按研究型号筛选,表头，排除数据计数,"[""序号"", ""汽车生产企业名称"", ""车辆型号"", ""产品名称"", ""纯电动续驶里程(km)"", ""整车整备质量(kg)"", ""燃料电池系统额定功率(kW)"", ""驱动电机额定功率(kW)"", ""备注""]"
fresh_LO_DOCX_OOXML,c4e238989e7e40ec2c3a6a899ead170b4a745bc72546ba6fd4a5731d8890c6cb,42,10,9,2,9,0,1,0,,1,9,0,BJ5045XLCFCEV3,北汽福田汽车股份有限公司,燃料电池冷藏车,燃料电池汽车,专用车,0,遍历整个文档全部body表和全部tr；未按研究型号筛选,其他类别/动力章节数据行，排除纯电动乘用车范围,"["""", ""北汽福田汽车股份有限公司"", ""BJ5045XLCFCEV3"", ""燃料电池冷藏车"", ""480"", ""3500"", ""80"", ""65"", """"]"
fresh_LO_DOCX_OOXML,c4e238989e7e40ec2c3a6a899ead170b4a745bc72546ba6fd4a5731d8890c6cb,42,10,9,3,9,0,1,0,,2,9,0,FLM5181TXSDLFCEV,福龙马集团股份有限公司,燃料电池洗扫车,燃料电池汽车,专用车,0,遍历整个文档全部body表和全部tr；未按研究型号筛选,其他类别/动力章节数据行，排除纯电动乘用车范围,"["""", ""福龙马集团股份有限公司"", ""FLM5181TXSDLFCEV"", ""燃料电池洗扫车"", ""460"", ""12340"", ""110"", ""110"", """"]"
fresh_LO_DOCX_OOXML,c4e238989e7e40ec2c3a6a899ead170b4a745bc72546ba6fd4a5731d8890c6cb,42,10,9,4,9,0,1,0,,3,9,0,FLM5182GQXDLFCEVS,,燃料电池清洗车,燃料电池汽车,专用车,0,遍历整个文档全部body表和全部tr；未按研究型号筛选,其他类别/动力章节数据行，排除纯电动乘用车范围,"["""", """", ""FLM5182GQXDLFCEVS"", ""燃料电池清洗车"", ""460"", ""8910"", ""110"", ""110"", """"]"
fresh_LO_DOCX_OOXML,c4e238989e7e40ec2c3a6a899ead170b4a745bc72546ba6fd4a5731d8890c6cb,42,10,9,5,9,0,1,0,,4,9,0,FLM5182ZYSDLFCEVK,,燃料电池压缩式垃圾车,燃料电池汽车,专用车,0,遍历整个文档全部body表和全部tr；未按研究型号筛选,其他类别/动力章节数据行，排除纯电动乘用车范围,"["""", """", ""FLM5182ZYSDLFCEVK"", ""燃料电池压缩式垃圾车"", ""460"", ""11710/11850/11950"", ""110"", ""110"", """"]"
fresh_LO_DOCX_OOXML,c4e238989e7e40ec2c3a6a899ead170b4a745bc72546ba6fd4a5731d8890c6cb,42,10,9,6,9,0,1,0,,5,9,0,FSQ5180TDYFFCEV,佛山市飞驰汽车科技有限公司,燃料电池多功能抑尘车,燃料电池汽车,专用车,0,遍历整个文档全部body表和全部tr；未按研究型号筛选,其他类别/动力章节数据行，排除纯电动乘用车范围,"["""", ""佛山市飞驰汽车科技有限公司"", ""FSQ5180TDYFFCEV"", ""燃料电池多功能抑尘车"", ""500"", ""11800"", ""110"", ""100"", """"]"
fresh_LO_DOCX_OOXML,c4e238989e7e40ec2c3a6a899ead170b4a745bc72546ba6fd4a5731d8890c6cb,42,10,9,7,9,0,1,0,,6,9,0,QAY5040XBWFCEV,青岛奥驰新能源装备科技股份有限公司,燃料电池保温车,燃料电池汽车,专用车,0,遍历整个文档全部body表和全部tr；未按研究型号筛选,其他类别/动力章节数据行，排除纯电动乘用车范围,"["""", ""青岛奥驰新能源装备科技股份有限公司"", ""QAY5040XBWFCEV"", ""燃料电池保温车"", ""380"", ""3450"", ""80"", ""60"", """"]"
fresh_LO_DOCX_OOXML,c4e238989e7e40ec2c3a6a899ead170b4a745bc72546ba6fd4a5731d8890c6cb,42,10,9,8,9,0,1,0,,7,9,0,DXA5180GQXBFCEV,徐工湖北环保科技股份有限公司,燃料电池清洗车,燃料电池汽车,专用车,0,遍历整个文档全部body表和全部tr；未按研究型号筛选,其他类别/动力章节数据行，排除纯电动乘用车范围,"["""", ""徐工湖北环保科技股份有限公司"", ""DXA5180GQXBFCEV"", ""燃料电池清洗车"", ""510"", ""9100"", ""120.2"", ""80"", """"]"
fresh_LO_DOCX_OOXML,c4e238989e7e40ec2c3a6a899ead170b4a745bc72546ba6fd4a5731d8890c6cb,42,10,9,9,9,0,1,0,,8,9,0,CA5045XXYP40L2FCEVA84,一汽解放青岛汽车有限公司,燃料电池厢式运输车,燃料电池汽车,专用车,0,遍历整个文档全部body表和全部tr；未按研究型号筛选,其他类别/动力章节数据行，排除纯电动乘用车范围,"["""", ""一汽解放青岛汽车有限公司"", ""CA5045XXYP40L2FCEVA84"", ""燃料电池厢式运输车"", ""560"", ""3600"", ""84"", ""65"", """"]"
