source_file,source_kind,source_sha256,reader,explicit_configuration_id_occurrences,配置ID_label_occurrences,电机型号_label_occurrences,电池型号_label_occurrences,储能装置型号_label_occurrences,外形尺寸_label_occurrences,轴距_label_occurrences,scan_scope
cat_batch1.doc,税收目录,2497c1bf3f3ffb02166f358621f18fa2288e6c5b8a2d36177483ffd5bb1cf655,CFB Word97 main document text,0,0,0,0,0,0,0,可提取原件正文；不涵盖未公开的申报资料、生产合格证或厂商内部版本键
cat_batch10.doc,税收目录,52d2c7e0c19e9e318882aa3b9e644ecaf5e6cffb8935033e46d6bbedf4700666,CFB Word97 main document text,0,0,0,0,0,0,0,可提取原件正文；不涵盖未公开的申报资料、生产合格证或厂商内部版本键
cat_batch11.doc,税收目录,50946a8cee281540011df1d8952664b2d1cc86e5c708ee4b605f3cbb29834db0,CFB Word97 main document text,0,0,0,0,0,0,0,可提取原件正文；不涵盖未公开的申报资料、生产合格证或厂商内部版本键
cat_batch12.doc,税收目录,68355cd598263f9e93f5a2dddac6a353082ac32bdb18581ddbdaace1078ef426,CFB Word97 main document text,0,0,0,0,0,0,0,可提取原件正文；不涵盖未公开的申报资料、生产合格证或厂商内部版本键
cat_batch13.doc,税收目录,e31d5b07465ce75f0652cf4e57bd6e333a602fc71620618fd9a2f5eaad89e52b,CFB Word97 main document text,0,0,0,0,0,0,0,可提取原件正文；不涵盖未公开的申报资料、生产合格证或厂商内部版本键
cat_batch14.doc,税收目录,bed37a691cccda53969b7f6c2639caf3a2f0fc3c5ae43a18f8463384c2701d96,CFB Word97 main document text,0,0,0,0,0,0,0,可提取原件正文；不涵盖未公开的申报资料、生产合格证或厂商内部版本键
cat_batch15.doc,税收目录,4d8bd150e663935e93775cdf40b10e5f547e1a9dc98c5ec7a23ba954ee78de93,CFB Word97 main document text,0,0,0,0,0,0,0,可提取原件正文；不涵盖未公开的申报资料、生产合格证或厂商内部版本键
cat_batch16.doc,税收目录,01988c125167aeb6fa6098f9e4dedc963d74ecccb8ce3e44441ade0fd7a4b8b0,CFB Word97 main document text,0,0,0,0,0,0,0,可提取原件正文；不涵盖未公开的申报资料、生产合格证或厂商内部版本键
cat_batch17.doc,税收目录,87ce6b791562fd8614def8ffc59f765bd968f7c993d95c036de4c9fb59534d50,CFB Word97 main document text,0,0,0,0,0,0,0,可提取原件正文；不涵盖未公开的申报资料、生产合格证或厂商内部版本键
cat_batch18.doc,税收目录,49c6c79c58ea0fbaf5a7d6264627730fbfed601ae3e68a0773f49b53969cb2b5,CFB Word97 main document text,0,0,0,0,0,0,0,可提取原件正文；不涵盖未公开的申报资料、生产合格证或厂商内部版本键
cat_batch19.doc,税收目录,0f193607fd511fa2a41d2d8b5244689b81cc1343234ac4cc341122ffbc3fb5be,CFB Word97 main document text,0,0,0,0,0,0,0,可提取原件正文；不涵盖未公开的申报资料、生产合格证或厂商内部版本键
cat_batch2.doc,税收目录,b8e8ee4a6195824b1add5a2a262207fa06d4ab3887de347eb3526c312302ea41,CFB Word97 main document text,0,0,0,0,0,0,0,可提取原件正文；不涵盖未公开的申报资料、生产合格证或厂商内部版本键
cat_batch20.doc,税收目录,6bf85e8ed12ed9f6351e9e07da4c13d6ff97d887a6d061c042472c059f1a2aca,CFB Word97 main document text,0,0,0,0,0,0,0,可提取原件正文；不涵盖未公开的申报资料、生产合格证或厂商内部版本键
cat_batch21.doc,税收目录,c085cc375c814151899dc1f6a6ee0e6da86d98a38f02cce21eba5d35d9bc2526,CFB Word97 main document text,0,0,0,0,0,0,0,可提取原件正文；不涵盖未公开的申报资料、生产合格证或厂商内部版本键
cat_batch22.doc,税收目录,f3f6e71c23f93647264177285f7f75abcd841a94622cb9cdd4e6e77c17a16e79,CFB Word97 main document text,0,0,0,0,0,0,0,可提取原件正文；不涵盖未公开的申报资料、生产合格证或厂商内部版本键
cat_batch23.doc,税收目录,70de67f1b182dc59c9f2152d826eabf564024b06d799b4daf3ffbc769e5958e6,CFB Word97 main document text,0,0,0,0,0,0,0,可提取原件正文；不涵盖未公开的申报资料、生产合格证或厂商内部版本键
cat_batch24.doc,税收目录,bba2afa16ac3ec8cc0c7778a7281cefbd43ea398a797e97e56e2e99dfef9b1f3,CFB Word97 main document text,0,0,0,0,0,0,0,可提取原件正文；不涵盖未公开的申报资料、生产合格证或厂商内部版本键
cat_batch3.doc,税收目录,338c1551d098659125f729d8b63eb48134ce5dfcfd36362a2aacb04a112e87b8,CFB Word97 main document text,0,0,0,0,0,0,0,可提取原件正文；不涵盖未公开的申报资料、生产合格证或厂商内部版本键
cat_batch4.doc,税收目录,e6d4f6d7e11833351bf9e247aa8032273ad029b83385189b0ffebd81d10b8ce6,CFB Word97 main document text,0,0,0,0,0,0,0,可提取原件正文；不涵盖未公开的申报资料、生产合格证或厂商内部版本键
cat_batch5.doc,税收目录,be8c8373f926e8b033304f06a62d92b0f0fc066accc6841864c3fd414bc506ab,CFB Word97 main document text,0,0,0,0,0,0,0,可提取原件正文；不涵盖未公开的申报资料、生产合格证或厂商内部版本键
cat_batch6.doc,税收目录,8017fdbcfa01dc3f5d2bd65fe4a06f5212edd78d39fee33fd47f6a2823eedcf7,CFB Word97 main document text,0,0,0,0,0,0,0,可提取原件正文；不涵盖未公开的申报资料、生产合格证或厂商内部版本键
cat_batch7.doc,税收目录,64daa450394c7247fa213d342695ed4d2f08adf7c665a68ae5c8f1eb1118a202,CFB Word97 main document text,0,0,0,0,0,0,0,可提取原件正文；不涵盖未公开的申报资料、生产合格证或厂商内部版本键
cat_batch8.doc,税收目录,cbab4420ab84da22688f4c3ebb5b5c99f9350da948eb3eba04418c6ba02c5441,CFB Word97 main document text,0,0,0,0,0,0,0,可提取原件正文；不涵盖未公开的申报资料、生产合格证或厂商内部版本键
cat_batch9.doc,税收目录,74d572a9275de9f57212c399bc437e64fc60e908170abcdb8b544b0ece5f8a11,CFB Word97 main document text,0,0,0,0,0,0,0,可提取原件正文；不涵盖未公开的申报资料、生产合格证或厂商内部版本键
mf_batch01.pdf,税收目录,eac13628c37f01c4da157a2d1916d97acc81fdc295f18e1783549075ce7e5aa7,PyMuPDF page text,0,0,0,0,0,0,0,可提取原件正文；不涵盖未公开的申报资料、生产合格证或厂商内部版本键
mf_batch02.pdf,税收目录,0b13b4fd2de6c4de3ab0f8add88bb8d24354d05ca6af46904fe1065c53c9c519,PyMuPDF page text,0,0,0,0,0,0,0,可提取原件正文；不涵盖未公开的申报资料、生产合格证或厂商内部版本键
mf_batch03.pdf,税收目录,1367fdf126160143cbeecaedf4a66b528d105bbfa58a06b2118487a2e05000a5,PyMuPDF page text,0,0,0,0,0,0,0,可提取原件正文；不涵盖未公开的申报资料、生产合格证或厂商内部版本键
mf_batch04.pdf,税收目录,7539cd299efb49a366656a4da32393075bcb03a5e10ea54e975f82f6099d9c81,PyMuPDF page text,0,0,0,0,0,0,0,可提取原件正文；不涵盖未公开的申报资料、生产合格证或厂商内部版本键
mf_batch05.pdf,税收目录,658aa5fbf13859a9bbe1db6235da2f7e79fc325cc34e4c0ec1ffab7f8cc2ebca,PyMuPDF page text,0,0,0,0,0,0,0,可提取原件正文；不涵盖未公开的申报资料、生产合格证或厂商内部版本键
mf_batch06.pdf,税收目录,df226dc3953484911afdd265072593abc08c9f66d52a1df7492e215ce15c9b54,PyMuPDF page text,0,0,0,0,0,0,0,可提取原件正文；不涵盖未公开的申报资料、生产合格证或厂商内部版本键
mf_batch07.pdf,税收目录,ad8e7f0576c7261a718e5a561358462b598d617361c6f02d7a14fb2038b758b0,PyMuPDF page text,0,0,0,0,0,0,0,可提取原件正文；不涵盖未公开的申报资料、生产合格证或厂商内部版本键
mf_batch08.pdf,税收目录,39b242717c026063c908426a890cd361f1165aa5729988d56303b2f8d5fb3b42,PyMuPDF page text,0,0,0,0,0,0,0,可提取原件正文；不涵盖未公开的申报资料、生产合格证或厂商内部版本键
mf_batch09.pdf,税收目录,7eea7200c04fefec34f6ae6db5a1bae77f82a534348f266e95575cae051c8c8c,PyMuPDF page text,0,0,0,0,0,0,0,可提取原件正文；不涵盖未公开的申报资料、生产合格证或厂商内部版本键
mf_batch10.pdf,税收目录,ac1b1ad2605b4f24762fb1f01cea64b685393577d01648618fa1882bb5700ac3,PyMuPDF page text,0,0,0,0,0,0,0,可提取原件正文；不涵盖未公开的申报资料、生产合格证或厂商内部版本键
mf_batch11.pdf,税收目录,ec4f33e5e872841e6d1fa5d435793c285a15614ef2e64f39b9013389b5e51724,PyMuPDF page text,0,0,0,0,0,0,0,可提取原件正文；不涵盖未公开的申报资料、生产合格证或厂商内部版本键
mf_batch12.pdf,税收目录,afbd7133ccf901dbdc065b2ff80768450dc901def8d216cf5bb87baa98f7a1e2,PyMuPDF page text,0,0,0,0,0,0,0,可提取原件正文；不涵盖未公开的申报资料、生产合格证或厂商内部版本键
mf_batch13.pdf,税收目录,e82c4f41c448edbb5269c95f2ff35d0c577f7ff0d12ff30b2d4c307a1aa31a6b,PyMuPDF page text,0,0,0,0,0,0,0,可提取原件正文；不涵盖未公开的申报资料、生产合格证或厂商内部版本键
mf_batch14.docx,税收目录,6a48764b5ccb7c4ffa6f54daa44d3a42095b8a981fc982e774ddaaded41e9921,CFB Word97 main document text,0,0,0,0,0,0,0,可提取原件正文；不涵盖未公开的申报资料、生产合格证或厂商内部版本键
mf_batch15.pdf,税收目录,bbb3b1e38c535c13d6ef1bc1f4105509476c91a7e63723dc7a70e372904d90f4,PyMuPDF page text,0,0,0,0,0,0,0,可提取原件正文；不涵盖未公开的申报资料、生产合格证或厂商内部版本键
mf_batch16.docx,税收目录,9db5ace6c1c59bd9636d48636f94fa77d2b6e0aa27b109421690ce6a8c4a3967,CFB Word97 main document text,0,0,0,0,0,0,0,可提取原件正文；不涵盖未公开的申报资料、生产合格证或厂商内部版本键
mf_batch17.pdf,税收目录,577a4ba9c586fe08565f6a60e6de5474698031566d8dcef484cd44335879e334,PyMuPDF page text,0,0,0,0,0,0,0,可提取原件正文；不涵盖未公开的申报资料、生产合格证或厂商内部版本键
mf_batch18.doc,税收目录,43f5426f7f80996ee11a894710d7229c743abf7ad69ba239f61075e0a9ddd37a,CFB Word97 main document text,0,0,0,0,0,0,0,可提取原件正文；不涵盖未公开的申报资料、生产合格证或厂商内部版本键
mf_batch19.docx,税收目录,fafd1558aa0f21067847c19bdd0a95c79b919737be7b07b87c4538107fb2b8e3,DOCX document XML text,0,0,0,0,0,0,0,可提取原件正文；不涵盖未公开的申报资料、生产合格证或厂商内部版本键
mf_batch20.docx,税收目录,374d3f87551d75d1c163e76abb38f350ea93f8a2b8cad6174568c307d1cc0130,DOCX document XML text,0,0,0,0,0,0,0,可提取原件正文；不涵盖未公开的申报资料、生产合格证或厂商内部版本键
mf_batch21.docx,税收目录,cd981cecffd781db646c194ab2c853b0466cc86eea0f616e95300b88932b8d9b,DOCX document XML text,0,0,0,0,0,0,0,可提取原件正文；不涵盖未公开的申报资料、生产合格证或厂商内部版本键
mf_batch22.doc,税收目录,eaf3fc1e64742af85b3d4bc90388d0a93154a497fd6c1fb9bf73b857672e1212,CFB Word97 main document text,0,0,0,0,0,0,0,可提取原件正文；不涵盖未公开的申报资料、生产合格证或厂商内部版本键
mf_batch23.docx,税收目录,87f838de0da3ba5887f77b2bf5c1dbf5b427e7cef896309a7084c11dd8f5efa0,CFB Word97 main document text,0,0,0,0,0,0,0,可提取原件正文；不涵盖未公开的申报资料、生产合格证或厂商内部版本键
mf_batch24.wps,税收目录,07775a0cb063fe0fce5880b9378dd1eb2522b725d645cabdee314d604779939d,CFB Word97 main document text,0,0,0,0,0,0,0,可提取原件正文；不涵盖未公开的申报资料、生产合格证或厂商内部版本键
mf_batch25.wps,税收目录,9d2abe319463522513fe9c90f98bb8d0a825b599267d0b3cc403cec9624b3297,CFB Word97 main document text,0,0,0,0,0,0,0,可提取原件正文；不涵盖未公开的申报资料、生产合格证或厂商内部版本键
mf_batch26.docx,税收目录,de0890335ef3a4f1302a8a0735ec8b6aed52e994e2635db481820060d62248b5,DOCX document XML text,0,0,0,0,0,0,0,可提取原件正文；不涵盖未公开的申报资料、生产合格证或厂商内部版本键
mf_batch27.doc,税收目录,2bd67cf7e1efc03ae93942d0d340ffef87478709520383b6ee4d08baf843ead1,CFB Word97 main document text,0,0,0,0,0,0,0,可提取原件正文；不涵盖未公开的申报资料、生产合格证或厂商内部版本键
mf_batch28.doc,税收目录,dfe1b301a5e8373e94e0e4a2fccee3d258c56bb662e4928764a71274142acd72,CFB Word97 main document text,0,0,0,0,0,0,0,可提取原件正文；不涵盖未公开的申报资料、生产合格证或厂商内部版本键
mf_batch29.doc,税收目录,8d24a01958cc6d44fa7826ecbb6a76869b9a0f2c98b97597d57af02932f2afaf,CFB Word97 main document text,0,0,0,0,0,0,0,可提取原件正文；不涵盖未公开的申报资料、生产合格证或厂商内部版本键
mf_batch30.doc,税收目录,e7fa3b47858ec2035b8055bc15be00b2b26920a5e8d3cad481058a80b92ead24,CFB Word97 main document text,0,0,0,0,0,0,0,可提取原件正文；不涵盖未公开的申报资料、生产合格证或厂商内部版本键
mf_batch31.doc,税收目录,e1ccec4a87ab96ca346e5756d6b14369eb9727ec2c2cfd03c1182a592ddd3bee,CFB Word97 main document text,0,0,0,0,0,0,0,可提取原件正文；不涵盖未公开的申报资料、生产合格证或厂商内部版本键
mf_batch32.doc,税收目录,ad7c65b4831a05b7c70e1e73fe834aa9beed883c66f898e799fcbbeb43cc3d75,CFB Word97 main document text,0,0,0,0,0,0,0,可提取原件正文；不涵盖未公开的申报资料、生产合格证或厂商内部版本键
mf_batch33.doc,税收目录,ff98fbb1708c47cdcfc1e79e7a1647e72a7ae6d4255dce3b250d661001340c09,CFB Word97 main document text,0,0,0,0,0,0,0,可提取原件正文；不涵盖未公开的申报资料、生产合格证或厂商内部版本键
mf_batch34.doc,税收目录,d5c5bb03cc5fe0f16b284048e265ad35d62c12c0416f14aef0ce026a229aa831,CFB Word97 main document text,0,0,0,0,0,0,0,可提取原件正文；不涵盖未公开的申报资料、生产合格证或厂商内部版本键
mf_batch35.wps,税收目录,e4a6abd0e50daa81d029f8b37584511354700e855dc89de210fcba782b0643f0,CFB Word97 main document text,0,0,0,0,0,0,0,可提取原件正文；不涵盖未公开的申报资料、生产合格证或厂商内部版本键
mf_batch36.doc,税收目录,05cfcfd9136685ad6d6e13b8228cd123cca109c26f43a4c71472016b5a610a9f,CFB Word97 main document text,0,0,0,0,0,0,0,可提取原件正文；不涵盖未公开的申报资料、生产合格证或厂商内部版本键
mf_batch37.doc,税收目录,136057faede292d8070763e326c8dbdcddf3790653cc6879a13758f91556881f,CFB Word97 main document text,0,0,0,0,0,0,0,可提取原件正文；不涵盖未公开的申报资料、生产合格证或厂商内部版本键
mf_batch38.doc,税收目录,7c9def45fe5c40e4c5ffb483a1d1efd383c12cb16a5c4ba021d4ce28384776de,CFB Word97 main document text,0,0,0,0,0,0,0,可提取原件正文；不涵盖未公开的申报资料、生产合格证或厂商内部版本键
mf_batch39.doc,税收目录,48158862f567d71b07ac0a7a60c2c3bc6d2bb44dd5a86290b0b809d757a9eb07,CFB Word97 main document text,0,0,0,0,0,0,0,可提取原件正文；不涵盖未公开的申报资料、生产合格证或厂商内部版本键
mf_batch40.doc,税收目录,93047c8e87a1f45948933ee36d00160788032370ecf11b551624e0ca45ecc1d1,CFB Word97 main document text,0,0,0,0,0,0,0,可提取原件正文；不涵盖未公开的申报资料、生产合格证或厂商内部版本键
mf_batch41.doc,税收目录,ba4634c0877ebf99f8e462013e4a07e40f57478a4aaf921801a6c85a49c42b7f,CFB Word97 main document text,0,0,0,0,0,0,0,可提取原件正文；不涵盖未公开的申报资料、生产合格证或厂商内部版本键
mf_batch42.doc,税收目录,fef4fd8ea19d773d368642e51a4bdb24c148530251a2240be4ff1358d5d41fab,CFB Word97 main document text,0,0,0,0,0,0,0,可提取原件正文；不涵盖未公开的申报资料、生产合格证或厂商内部版本键
mf_batch43.doc,税收目录,5d5202dfe31364ec0884640d8bba22b0f640154d0bcc6154272890e604cfc01c,CFB Word97 main document text,0,0,0,0,0,0,0,可提取原件正文；不涵盖未公开的申报资料、生产合格证或厂商内部版本键
mf_batch44.doc,税收目录,aea30846204f4e55c0d969450f1619e1649eb27f471d5b0a2636d0da77eb0611,CFB Word97 main document text,0,0,0,0,0,0,0,可提取原件正文；不涵盖未公开的申报资料、生产合格证或厂商内部版本键
mf_batch45.doc,税收目录,56f5e7c5fd36e990024f8121006a76da260361f4e4660846e78255d007126f7a,CFB Word97 main document text,0,0,0,0,0,0,0,可提取原件正文；不涵盖未公开的申报资料、生产合格证或厂商内部版本键
mf_batch46.doc,税收目录,a4b2048b3d5c29a8969f0348e9fd19a3293f0c23e6f37a48bf42a2ed70c7d37d,CFB Word97 main document text,0,0,0,0,0,0,0,可提取原件正文；不涵盖未公开的申报资料、生产合格证或厂商内部版本键
mf_batch47.doc,税收目录,fb4517fe8220b10bc435a77a5328df13c732c70b335942dfad0ae9394affe9b4,CFB Word97 main document text,0,0,0,0,0,0,0,可提取原件正文；不涵盖未公开的申报资料、生产合格证或厂商内部版本键
mf_batch48.doc,税收目录,ee5aa19736215cfcb3b76ffff90bcd0d9108c61758ccb756f7d4ad17e75a835c,CFB Word97 main document text,0,0,0,0,0,0,0,可提取原件正文；不涵盖未公开的申报资料、生产合格证或厂商内部版本键
mf_batch49.doc,税收目录,c7a56509a4d9272982da0abc9d1ea213ee1fbea3d0f1edad124630c9b5e3474e,CFB Word97 main document text,0,0,0,0,0,0,0,可提取原件正文；不涵盖未公开的申报资料、生产合格证或厂商内部版本键
mf_batch50.doc,税收目录,3810672d92621612507384960254de602e629e75a308df22ee2291519445095e,CFB Word97 main document text,0,0,0,0,0,0,0,可提取原件正文；不涵盖未公开的申报资料、生产合格证或厂商内部版本键
mf_batch51.doc,税收目录,35411ca0ab3ef42915600b148fca6fe76bcb86f5dc3812f71d74f3ebda125ce6,CFB Word97 main document text,0,0,0,0,0,0,0,可提取原件正文；不涵盖未公开的申报资料、生产合格证或厂商内部版本键
mf_batch52.doc,税收目录,650a1430fd7c9a9139970f857a0382498bfd368fe64a95f24c17ca3f49dfa3cc,CFB Word97 main document text,0,0,0,0,0,0,0,可提取原件正文；不涵盖未公开的申报资料、生产合格证或厂商内部版本键
mf_batch53.doc,税收目录,a1f426ff77c80bce4d153fbfb6d01a7b6c6c87539f52ac4643edb7b060e21d2a,CFB Word97 main document text,0,0,0,0,0,0,0,可提取原件正文；不涵盖未公开的申报资料、生产合格证或厂商内部版本键
mf_batch54.doc,税收目录,e4ce106fc0fb21bc61cac40ff0de97e60dff2d18b5b7d24c494bb74873312fd7,CFB Word97 main document text,0,0,0,0,0,0,0,可提取原件正文；不涵盖未公开的申报资料、生产合格证或厂商内部版本键
mf_batch55.doc,税收目录,0457d0430e9e7f114c91341a715405c3933dd4783762cd74b9871e4918ba887f,CFB Word97 main document text,0,0,0,0,0,0,0,可提取原件正文；不涵盖未公开的申报资料、生产合格证或厂商内部版本键
mf_batch56.doc,税收目录,cbffdc0819640e8f18c11a2a277b26b2e043c81406533457ff225f4df1c6c068,CFB Word97 main document text,0,0,0,0,0,0,0,可提取原件正文；不涵盖未公开的申报资料、生产合格证或厂商内部版本键
mf_batch57.doc,税收目录,96d9708a19952b23d71fc40e9976a33ae30ca118226a032954a93ab36f355f21,CFB Word97 main document text,0,0,0,0,0,0,0,可提取原件正文；不涵盖未公开的申报资料、生产合格证或厂商内部版本键
mf_batch58.doc,税收目录,b642358bb3078d2dde909a798935c0c1fc75d90f22b33f7c48aa87209acc100d,CFB Word97 main document text,0,0,0,0,0,0,0,可提取原件正文；不涵盖未公开的申报资料、生产合格证或厂商内部版本键
mf_batch59.doc,税收目录,32738e2df847e0c74ff96d48b8a13e1dd9c31aee84b7c0a633e2d9c8a3e01f86,CFB Word97 main document text,0,0,0,0,0,0,0,可提取原件正文；不涵盖未公开的申报资料、生产合格证或厂商内部版本键
mf_batch60.doc,税收目录,aabd19e9a0955380873798454b18b3bb15c87937dffcbb0ccfab2eae3bf3551b,CFB Word97 main document text,0,0,0,0,0,0,0,可提取原件正文；不涵盖未公开的申报资料、生产合格证或厂商内部版本键
mf_batch61.doc,税收目录,d360a77695ccf20f3c17a354a1dd02fc846a7ae8bd18b41492515881a7240b72,CFB Word97 main document text,0,0,0,0,0,0,0,可提取原件正文；不涵盖未公开的申报资料、生产合格证或厂商内部版本键
mf_batch62.doc,税收目录,7694ac7207998b6af7c895cdd2c1d752421df436d4b28f83195261dd47f6509c,CFB Word97 main document text,0,0,0,0,0,0,0,可提取原件正文；不涵盖未公开的申报资料、生产合格证或厂商内部版本键
mf_batch63.doc,税收目录,1d0f4bf9c7c1f67712e9efa3a5e3222c30d4e438653b9335aaff9714e65f8c05,CFB Word97 main document text,0,0,0,0,0,0,0,可提取原件正文；不涵盖未公开的申报资料、生产合格证或厂商内部版本键
mf_batch64.doc,税收目录,c4e238989e7e40ec2c3a6a899ead170b4a745bc72546ba6fd4a5731d8890c6cb,CFB Word97 main document text,0,0,0,0,0,0,0,可提取原件正文；不涵盖未公开的申报资料、生产合格证或厂商内部版本键
mf_batch65.doc,税收目录,06a6a578a9a60516a845bc92deac49954438a789e9e4a7cf3cd140f256d9b13d,CFB Word97 main document text,0,0,0,0,0,0,0,可提取原件正文；不涵盖未公开的申报资料、生产合格证或厂商内部版本键
mf_batch66.doc,税收目录,05a5fce42de1c5412803fe6a7bb46d04c4d61cb71dc5d88a9b59a3e884350544,CFB Word97 main document text,0,0,0,0,0,0,0,可提取原件正文；不涵盖未公开的申报资料、生产合格证或厂商内部版本键
mf_batch67.doc,税收目录,963a02fcc1f361414f4f003c6d63e00b178d0b962134ed2206c38978f3118101,CFB Word97 main document text,0,0,0,0,0,0,0,可提取原件正文；不涵盖未公开的申报资料、生产合格证或厂商内部版本键
mf_batch68.doc,税收目录,58113d08377020d08de0aeb0e08ff63c4a4411dbe35ad69cfdd6f82fdf0fcc77,CFB Word97 main document text,0,0,0,0,0,0,0,可提取原件正文；不涵盖未公开的申报资料、生产合格证或厂商内部版本键
mf_batch69.doc,税收目录,357d61a16c94488c9fdd761f393edb7029b05394ab06117abaebcba1a1e45546,CFB Word97 main document text,0,0,0,0,0,0,0,可提取原件正文；不涵盖未公开的申报资料、生产合格证或厂商内部版本键
mf_batch70.doc,税收目录,29b9f5df62602e114f0ed01426c185fdb15a654022cdf16d4df624bb736ed813,CFB Word97 main document text,0,0,0,0,0,0,0,可提取原件正文；不涵盖未公开的申报资料、生产合格证或厂商内部版本键
mf_batch71.doc,税收目录,b37b78b64b8ef7e12e6e95d6fd27a4a6e364c0c83ba403ffcf3bca82c60e3460,CFB Word97 main document text,0,0,0,0,0,0,0,可提取原件正文；不涵盖未公开的申报资料、生产合格证或厂商内部版本键
mf_batch72.doc,税收目录,2e516a046975cb1a150474ae9786b1ef54f3f98fa71f7d2e11636dfcea00c68e,CFB Word97 main document text,0,0,0,0,0,0,0,可提取原件正文；不涵盖未公开的申报资料、生产合格证或厂商内部版本键
mf_batch73.doc,税收目录,6f2dc095feac36ceb15a8bce2ab9ddb12df9aa84d3c9604cb850f5dd73380844,CFB Word97 main document text,0,0,0,0,0,0,0,可提取原件正文；不涵盖未公开的申报资料、生产合格证或厂商内部版本键
rec_2022_12_miit_pdf.pdf,推荐主要参数,dae8aac7e9ccbe9c046bc0be62323deddcb91e52ed3fb3202e0fbe0e5e7993e7,PyMuPDF page text,455,455,0,0,0,0,0,可提取原件正文；不涵盖未公开的申报资料、生产合格证或厂商内部版本键
rec_2022_4_official_link.pdf,推荐主要参数,022b14b038c2f782fc35988b08756c262187f1dccaeccd65edef82af8566a4d2,PyMuPDF page text,529,529,0,0,0,0,0,可提取原件正文；不涵盖未公开的申报资料、生产合格证或厂商内部版本键
rec_miit_2020_4_pdf.pdf,推荐主要参数,ec5b42f7c8cdcea71f0fdecdee67b8d4a161f2389527f41ee3e4ed431cbd2736,PyMuPDF page text,161,161,0,0,0,0,0,可提取原件正文；不涵盖未公开的申报资料、生产合格证或厂商内部版本键
