candidate,source_url,observed_utc,http_status,file,sha256,effective_original_energy_evidence,disposition
bing_exact,https://www.bing.com/search?q=%22JX6550T-M5BEV%22,2026-10-09T07:43:50.961870+00:00,200,raw/bing_exact.html,6a5c4861ed1050dd64e004c4946e4c1d2faa47a59be6abc9819e05827ca7ed9f,0,响应结果内容无关，不支持目标未检出的阴性结论
bing_config,https://www.bing.com/search?q=%22NC010086%22,2026-10-09T07:43:50.962592+00:00,200,raw/bing_config.html,8efa253276ae46080fd6fef4a4b97e54d770e79d31f8f054cb2d4d7b0a47ab09,0,响应结果内容无关，不支持目标未检出的阴性结论
bing_storage,https://www.bing.com/search?q=%22L173C01%22+%22%E6%B1%9F%E9%93%83%22,2026-10-09T07:43:51.192857+00:00,200,raw/bing_storage.html,de580d4ba2e787713c84abe38d2ceae82cf6f40fd7e6e2dee284cf30c568a008,0,响应结果内容无关，不支持目标未检出的阴性结论
baidu_exact,https://www.baidu.com/s?wd=JX6550T-M5BEV,2026-10-09T07:43:50.962539+00:00,200,raw/baidu_exact.html,15259fc79487b40f63821b33577fed32f0c490c885cc87d191ed407248e75d0a,0,脚本或跳转页面，没有可核查参数结果，不据此认证无数据
google_exact,https://www.google.com/search?q=%22JX6550T-M5BEV%22,2026-10-09T07:43:51.160489+00:00,200,raw/google_exact.html,8742510571ca5ed2aa825dd28f6b14142ee8d807b9f7b50c69a4fd44f0b37ba4,0,JavaScript验证响应，没有可核查参数结果，不据此认证无数据
duck_exact,https://html.duckduckgo.com/html/?q=%22JX6550T-M5BEV%22,2026-10-09T07:43:51.302807+00:00,200,raw/duck_exact.html,64e3955e1212ede2a6aabec212c3b1a95b0f68516cb0b5028df0d11590c95456,0,相关结果指向协会税48转载及Sohu整表转载，均未补出能量
duck_energy,https://html.duckduckgo.com/html/?q=JX6550T-M5BEV+%E6%80%BB%E8%83%BD%E9%87%8F,2026-10-09T07:45:31.745620+00:00,200,raw/duck_energy.html,951c7a00c356e648c9308f72c69003a7885676c492301f927c806230258c4d7b,0,含近似型号JX6550TA、JX6556、JX6570及当前E全顺；不混作JX6550T-M5BEV
duck_config,https://html.duckduckgo.com/html/?q=%22NC010086%22,2026-10-09T07:45:31.747477+00:00,200,raw/duck_config.html,14d592c3de3ee9f0a819a7c3af9243f80959741696d027649b76fbe89ef806fe,0,本次结果页显示No results，仅为本次公共索引观察
duck_storage,https://html.duckduckgo.com/html/?q=%22L173C01%22+%E6%B1%9F%E9%93%83,2026-10-09T07:45:31.747396+00:00,200,raw/duck_storage.html,7866a74a14668dd85e2ec17168407fbcd1343466c1f279d3bcf7c63e7d03fe5c,0,中车其他型号与2025/2026材料，不证明江铃历史配置
cdqc_JX,https://www.cdqc.org.cn/2747/15877/643981,2026-10-09T07:44:30.189503+00:00,200,raw/cdqc_JX.html,47ad3da3d7bffdbde07589bf0581b146960f67b75f5a8b8e209f82a689be0adf,0,协会转载税48，能量字段同为空；辅助复述，不代替官方原件
sohu_reprint,https://www.sohu.com/a/499829552_118021,2026-10-09T07:44:33.419900+00:00,200,raw/sohu_reprint.html,7162c0dfbd2470b29e073d9b984c3d7ddc69322a8913656fd8fcc5846a907b65,0,税48整表转载同未提供JX能量；辅助复述，不代替官方原件
jmc_current_config,https://www.jmc.com.cn/config.html?car_type=0&brand_id=1092&configure_id=1007&car_category=2,2026-10-09T07:46:25.703902+00:00,200,raw/jmc_current_config.html,3d0aadd49d18e1e0571b2d6b7e805a91f53d784119c58a10897b7479beb5fbf0,0,官网当前E全顺产品页面，未提供目标型号或历史版本身份
jmc_config_js,https://www.jmc.com.cn/js/config.eaf13e68.js,2026-10-09T07:47:27.600678+00:00,200,raw/jmc_config_js.html,5fe8f19de97a3b3c3e5475855652f3a7a111479a93c8d6777baa2c256eb33423,0,官网前端提供参数查询路径；本文件不是参数或检测证据
jmc_common_js,https://www.jmc.com.cn/js/chunk-common.319c61b5.js,2026-10-09T07:47:28.722584+00:00,200,raw/jmc_common_js.html,e5267fb171b40aacf3fdd9d88786de67da9dbcede0c59a93fe83b81deb620689,0,官网前端给出GET /parameter/getconfigurelist，已按其公开参数查询
jmc_current_parameter_api,https://sale-api.jmc.com.cn/api/parameter/getconfigurelist?brand_id=1092&configure_id=1007&car_types=0&sub_model_id=0,2026-10-09T07:48:08.396621+00:00,200,raw/jmc_current_parameter_api.html,1d7f2be841b120b47a52fd06e922e04cab8206221fca0112464e93cd2d72d368,0,原生GET成功，E全顺77.28/100.96等当前产品；无目标型号/推荐ID/储能版本/历史日期桥
