model_key,change_reason,in_original_frozen_1991,membership_announcement_cohort,old_risk_2877,intermediate_risk_2804,final_v1_3_risk_2805,current_v1_5_risk_2805,old_cutoff_state,intermediate_cutoff_state,new_cutoff_state,old_numeric_ready,final_v1_3_numeric_ready,current_v1_5_numeric_ready,trigger_event_id,trigger_event_batch,trigger_observed_date,trigger_source_record_id,trigger_source_sha256,trigger_source_location,trigger_source_url,trigger_announcement_url,trigger_evidence_file,old_latest_event_ids,new_latest_event_ids
BJ7000B3D5G-BEV,新增历史撤销使风险移出,0,1,1,0,0,0,在册（区间口径下的已收集事件）,已撤销（区间口径下的已收集事件）,已撤销（区间口径下的已收集事件）,1,0,0,evt-5b72589b03b11811,2018-05-22独立撤销公告,2018-05-22,new-wd20180522-row-128,f943ccd1e796aba5e16386cf5e0b83e4ec9c6b8f33ba57522dc011d940e89915,"{""text_line_1based"": 132, ""row_sequence"": 128, ""model_column_1based"": 3, ""engine"": ""LibreOffice Word97-to-text; 5-column full sequence enumeration""}",https://www.miit.gov.cn/cms_files/filemanager/oldfile/miit/n1146285/n1146352/n3054355/n3057585/n3057589/c6181659/part/6181674.doc,https://www.miit.gov.cn/jgsj/zbys/gzdt/art/2020/art_c997557027dd4ca7b299a4456467c94d.html,/workspace/purchase_tax_audit/round3/coverage/new_withdrawal_full_enumeration_2020_rows.csv,evt-5dca53b9587e35b7,evt-5b72589b03b11811
BJ7000B3D8-BEV,新增历史撤销使风险移出,0,1,1,0,0,0,在册（区间口径下的已收集事件）,已撤销（区间口径下的已收集事件）,已撤销（区间口径下的已收集事件）,1,0,0,evt-23a9d85e617af67b,2018-05-22独立撤销公告,2018-05-22,new-wd20180522-row-124,f943ccd1e796aba5e16386cf5e0b83e4ec9c6b8f33ba57522dc011d940e89915,"{""text_line_1based"": 128, ""row_sequence"": 124, ""model_column_1based"": 3, ""engine"": ""LibreOffice Word97-to-text; 5-column full sequence enumeration""}",https://www.miit.gov.cn/cms_files/filemanager/oldfile/miit/n1146285/n1146352/n3054355/n3057585/n3057589/c6181659/part/6181674.doc,https://www.miit.gov.cn/jgsj/zbys/gzdt/art/2020/art_c997557027dd4ca7b299a4456467c94d.html,/workspace/purchase_tax_audit/round3/coverage/new_withdrawal_full_enumeration_2020_rows.csv,evt-73994a7cf042f26b,evt-23a9d85e617af67b
BJ7000C5E-BEV,新增历史撤销使风险移出,0,1,1,0,0,0,在册（区间口径下的已收集事件）,已撤销（区间口径下的已收集事件）,已撤销（区间口径下的已收集事件）,1,0,0,evt-6b811d25fbb2bd98,2018-05-22独立撤销公告,2018-05-22,new-wd20180522-row-120,f943ccd1e796aba5e16386cf5e0b83e4ec9c6b8f33ba57522dc011d940e89915,"{""text_line_1based"": 124, ""row_sequence"": 120, ""model_column_1based"": 3, ""engine"": ""LibreOffice Word97-to-text; 5-column full sequence enumeration""}",https://www.miit.gov.cn/cms_files/filemanager/oldfile/miit/n1146285/n1146352/n3054355/n3057585/n3057589/c6181659/part/6181674.doc,https://www.miit.gov.cn/jgsj/zbys/gzdt/art/2020/art_c997557027dd4ca7b299a4456467c94d.html,/workspace/purchase_tax_audit/round3/coverage/new_withdrawal_full_enumeration_2020_rows.csv,evt-49d4e8fa399a5559,evt-6b811d25fbb2bd98
BJ7000C5E1G-BEV,新增历史撤销使风险移出,0,1,1,0,0,0,在册（区间口径下的已收集事件）,已撤销（区间口径下的已收集事件）,已撤销（区间口径下的已收集事件）,1,0,0,evt-d995685847ca850e,2018-05-22独立撤销公告,2018-05-22,new-wd20180522-row-125,f943ccd1e796aba5e16386cf5e0b83e4ec9c6b8f33ba57522dc011d940e89915,"{""text_line_1based"": 129, ""row_sequence"": 125, ""model_column_1based"": 3, ""engine"": ""LibreOffice Word97-to-text; 5-column full sequence enumeration""}",https://www.miit.gov.cn/cms_files/filemanager/oldfile/miit/n1146285/n1146352/n3054355/n3057585/n3057589/c6181659/part/6181674.doc,https://www.miit.gov.cn/jgsj/zbys/gzdt/art/2020/art_c997557027dd4ca7b299a4456467c94d.html,/workspace/purchase_tax_audit/round3/coverage/new_withdrawal_full_enumeration_2020_rows.csv,evt-24807c3a968f68ba,evt-d995685847ca850e
BJ7000C5E5-BEV,新增历史撤销使风险移出,0,1,1,0,0,0,在册（区间口径下的已收集事件）,已撤销（区间口径下的已收集事件）,已撤销（区间口径下的已收集事件）,1,0,0,evt-1a5f02b724a9bc10,2018-05-22独立撤销公告,2018-05-22,new-wd20180522-row-121,f943ccd1e796aba5e16386cf5e0b83e4ec9c6b8f33ba57522dc011d940e89915,"{""text_line_1based"": 125, ""row_sequence"": 121, ""model_column_1based"": 3, ""engine"": ""LibreOffice Word97-to-text; 5-column full sequence enumeration""}",https://www.miit.gov.cn/cms_files/filemanager/oldfile/miit/n1146285/n1146352/n3054355/n3057585/n3057589/c6181659/part/6181674.doc,https://www.miit.gov.cn/jgsj/zbys/gzdt/art/2020/art_c997557027dd4ca7b299a4456467c94d.html,/workspace/purchase_tax_audit/round3/coverage/new_withdrawal_full_enumeration_2020_rows.csv,evt-999c59d024c42d8d,evt-1a5f02b724a9bc10
BJ7000C7H-BEV,新增历史撤销使风险移出,0,1,1,0,0,0,在册（区间口径下的已收集事件）,已撤销（区间口径下的已收集事件）,已撤销（区间口径下的已收集事件）,1,0,0,evt-8006b7c1a5727461,2018-05-22独立撤销公告,2018-05-22,new-wd20180522-row-109,f943ccd1e796aba5e16386cf5e0b83e4ec9c6b8f33ba57522dc011d940e89915,"{""text_line_1based"": 113, ""row_sequence"": 109, ""model_column_1based"": 3, ""engine"": ""LibreOffice Word97-to-text; 5-column full sequence enumeration""}",https://www.miit.gov.cn/cms_files/filemanager/oldfile/miit/n1146285/n1146352/n3054355/n3057585/n3057589/c6181659/part/6181674.doc,https://www.miit.gov.cn/jgsj/zbys/gzdt/art/2020/art_c997557027dd4ca7b299a4456467c94d.html,/workspace/purchase_tax_audit/round3/coverage/new_withdrawal_full_enumeration_2020_rows.csv,evt-e8e96def71bf64ef,evt-8006b7c1a5727461
BJ7000C7H4-BEV,新增历史撤销使风险移出,0,1,1,0,0,0,在册（区间口径下的已收集事件）,已撤销（区间口径下的已收集事件）,已撤销（区间口径下的已收集事件）,1,0,0,evt-459c5c5a0970c4f5,2018-05-22独立撤销公告,2018-05-22,new-wd20180522-row-108,f943ccd1e796aba5e16386cf5e0b83e4ec9c6b8f33ba57522dc011d940e89915,"{""text_line_1based"": 112, ""row_sequence"": 108, ""model_column_1based"": 3, ""engine"": ""LibreOffice Word97-to-text; 5-column full sequence enumeration""}",https://www.miit.gov.cn/cms_files/filemanager/oldfile/miit/n1146285/n1146352/n3054355/n3057585/n3057589/c6181659/part/6181674.doc,https://www.miit.gov.cn/jgsj/zbys/gzdt/art/2020/art_c997557027dd4ca7b299a4456467c94d.html,/workspace/purchase_tax_audit/round3/coverage/new_withdrawal_full_enumeration_2020_rows.csv,evt-1c0562121389ab93,evt-459c5c5a0970c4f5
BJ7000U3D1-BEV,新增历史撤销使风险移出,0,1,1,0,0,0,在册（区间口径下的已收集事件）,已撤销（区间口径下的已收集事件）,已撤销（区间口径下的已收集事件）,1,0,0,evt-caf21c9a6abbe35f,2018-05-22独立撤销公告,2018-05-22,new-wd20180522-row-122,f943ccd1e796aba5e16386cf5e0b83e4ec9c6b8f33ba57522dc011d940e89915,"{""text_line_1based"": 126, ""row_sequence"": 122, ""model_column_1based"": 3, ""engine"": ""LibreOffice Word97-to-text; 5-column full sequence enumeration""}",https://www.miit.gov.cn/cms_files/filemanager/oldfile/miit/n1146285/n1146352/n3054355/n3057585/n3057589/c6181659/part/6181674.doc,https://www.miit.gov.cn/jgsj/zbys/gzdt/art/2020/art_c997557027dd4ca7b299a4456467c94d.html,/workspace/purchase_tax_audit/round3/coverage/new_withdrawal_full_enumeration_2020_rows.csv,evt-291f1ea37131be49,evt-caf21c9a6abbe35f
BJ7000U3D3-BEV,新增历史撤销使风险移出,0,1,1,0,0,0,在册（区间口径下的已收集事件）,已撤销（区间口径下的已收集事件）,已撤销（区间口径下的已收集事件）,1,0,0,evt-44c766c0b908ef6c,2018-05-22独立撤销公告,2018-05-22,new-wd20180522-row-123,f943ccd1e796aba5e16386cf5e0b83e4ec9c6b8f33ba57522dc011d940e89915,"{""text_line_1based"": 127, ""row_sequence"": 123, ""model_column_1based"": 3, ""engine"": ""LibreOffice Word97-to-text; 5-column full sequence enumeration""}",https://www.miit.gov.cn/cms_files/filemanager/oldfile/miit/n1146285/n1146352/n3054355/n3057585/n3057589/c6181659/part/6181674.doc,https://www.miit.gov.cn/jgsj/zbys/gzdt/art/2020/art_c997557027dd4ca7b299a4456467c94d.html,/workspace/purchase_tax_audit/round3/coverage/new_withdrawal_full_enumeration_2020_rows.csv,evt-f2fa4c042726e6d9,evt-44c766c0b908ef6c
BJ7001B3D2G-BEV,新增历史撤销使风险移出,0,1,1,0,0,0,在册（区间口径下的已收集事件）,已撤销（区间口径下的已收集事件）,已撤销（区间口径下的已收集事件）,1,0,0,evt-8d6f7d607972aee5,2018-05-22独立撤销公告,2018-05-22,new-wd20180522-row-126,f943ccd1e796aba5e16386cf5e0b83e4ec9c6b8f33ba57522dc011d940e89915,"{""text_line_1based"": 130, ""row_sequence"": 126, ""model_column_1based"": 3, ""engine"": ""LibreOffice Word97-to-text; 5-column full sequence enumeration""}",https://www.miit.gov.cn/cms_files/filemanager/oldfile/miit/n1146285/n1146352/n3054355/n3057585/n3057589/c6181659/part/6181674.doc,https://www.miit.gov.cn/jgsj/zbys/gzdt/art/2020/art_c997557027dd4ca7b299a4456467c94d.html,/workspace/purchase_tax_audit/round3/coverage/new_withdrawal_full_enumeration_2020_rows.csv,evt-4b8535bec7bad77b,evt-8d6f7d607972aee5
BJ7002B3D-BEV,新增历史撤销使风险移出,0,1,1,0,0,0,在册（区间口径下的已收集事件）,已撤销（区间口径下的已收集事件）,已撤销（区间口径下的已收集事件）,1,0,0,evt-c0264f748706c70a,2018-05-22独立撤销公告,2018-05-22,new-wd20180522-row-110,f943ccd1e796aba5e16386cf5e0b83e4ec9c6b8f33ba57522dc011d940e89915,"{""text_line_1based"": 114, ""row_sequence"": 110, ""model_column_1based"": 3, ""engine"": ""LibreOffice Word97-to-text; 5-column full sequence enumeration""}",https://www.miit.gov.cn/cms_files/filemanager/oldfile/miit/n1146285/n1146352/n3054355/n3057585/n3057589/c6181659/part/6181674.doc,https://www.miit.gov.cn/jgsj/zbys/gzdt/art/2020/art_c997557027dd4ca7b299a4456467c94d.html,/workspace/purchase_tax_audit/round3/coverage/new_withdrawal_full_enumeration_2020_rows.csv,evt-b48d710e0ded231d,evt-c0264f748706c70a
BJ7002B3D3-BEV,新增历史撤销使风险移出,0,1,1,0,0,0,在册（区间口径下的已收集事件）,已撤销（区间口径下的已收集事件）,已撤销（区间口径下的已收集事件）,1,0,0,evt-5f45200c45f154ac,2018-05-22独立撤销公告,2018-05-22,new-wd20180522-row-116,f943ccd1e796aba5e16386cf5e0b83e4ec9c6b8f33ba57522dc011d940e89915,"{""text_line_1based"": 120, ""row_sequence"": 116, ""model_column_1based"": 3, ""engine"": ""LibreOffice Word97-to-text; 5-column full sequence enumeration""}",https://www.miit.gov.cn/cms_files/filemanager/oldfile/miit/n1146285/n1146352/n3054355/n3057585/n3057589/c6181659/part/6181674.doc,https://www.miit.gov.cn/jgsj/zbys/gzdt/art/2020/art_c997557027dd4ca7b299a4456467c94d.html,/workspace/purchase_tax_audit/round3/coverage/new_withdrawal_full_enumeration_2020_rows.csv,evt-bb251f86454dec09,evt-5f45200c45f154ac
BJ7002B3D5-BEV,新增历史撤销使风险移出,0,1,1,0,0,0,在册（区间口径下的已收集事件）,已撤销（区间口径下的已收集事件）,已撤销（区间口径下的已收集事件）,1,0,0,evt-ff1a83e67ada0c79,2018-05-22独立撤销公告,2018-05-22,new-wd20180522-row-118,f943ccd1e796aba5e16386cf5e0b83e4ec9c6b8f33ba57522dc011d940e89915,"{""text_line_1based"": 122, ""row_sequence"": 118, ""model_column_1based"": 3, ""engine"": ""LibreOffice Word97-to-text; 5-column full sequence enumeration""}",https://www.miit.gov.cn/cms_files/filemanager/oldfile/miit/n1146285/n1146352/n3054355/n3057585/n3057589/c6181659/part/6181674.doc,https://www.miit.gov.cn/jgsj/zbys/gzdt/art/2020/art_c997557027dd4ca7b299a4456467c94d.html,/workspace/purchase_tax_audit/round3/coverage/new_withdrawal_full_enumeration_2020_rows.csv,evt-e84f4e14412d2b1a,evt-ff1a83e67ada0c79
CA7001BEVA,新增历史撤销使风险移出,0,1,1,0,0,0,在册（区间口径下的已收集事件）,已撤销（区间口径下的已收集事件）,已撤销（区间口径下的已收集事件）,1,0,0,evt-f4a813d55f640c43,28,2019-12-10,new-wd28-row-7,666f5befd4f2b67c08d2e2022cb2708007fb89babb38aa5c66b04ffb5702ae10,"{""text_line_1based"": 11, ""row_sequence"": 7, ""model_column_1based"": 3, ""engine"": ""LibreOffice Word97-to-text; 5-column full sequence enumeration""}",https://www.miit.gov.cn/cms_files/filemanager/oldfile/miit/n1146295/n1652858/n1652930/n4509607/c7564229/part/7564256.doc,https://www.miit.gov.cn/zwgk/zcwj/wjfb/gg/art/2020/art_891208b8af8448f9b37ccf41476d0c13.html,/workspace/purchase_tax_audit/round3/coverage/new_withdrawal_full_enumeration_2020_rows.csv,evt-30072e6083040a15,evt-f4a813d55f640c43
CA7005EV3,新增历史撤销使风险移出,0,1,1,0,0,0,在册（区间口径下的已收集事件）,已撤销（区间口径下的已收集事件）,已撤销（区间口径下的已收集事件）,1,0,0,evt-c8fa78dc09f59183,2018-05-22独立撤销公告,2018-05-22,new-wd20180522-row-1674,f943ccd1e796aba5e16386cf5e0b83e4ec9c6b8f33ba57522dc011d940e89915,"{""text_line_1based"": 1678, ""row_sequence"": 1674, ""model_column_1based"": 3, ""engine"": ""LibreOffice Word97-to-text; 5-column full sequence enumeration""}",https://www.miit.gov.cn/cms_files/filemanager/oldfile/miit/n1146285/n1146352/n3054355/n3057585/n3057589/c6181659/part/6181674.doc,https://www.miit.gov.cn/jgsj/zbys/gzdt/art/2020/art_c997557027dd4ca7b299a4456467c94d.html,/workspace/purchase_tax_audit/round3/coverage/new_withdrawal_full_enumeration_2020_rows.csv,evt-c6be830446794411,evt-c8fa78dc09f59183
CA7005EV4,新增历史撤销使风险移出,0,1,1,0,0,0,在册（区间口径下的已收集事件）,已撤销（区间口径下的已收集事件）,已撤销（区间口径下的已收集事件）,1,0,0,evt-39b6d337f4c9ed74,2018-05-22独立撤销公告,2018-05-22,new-wd20180522-row-1675,f943ccd1e796aba5e16386cf5e0b83e4ec9c6b8f33ba57522dc011d940e89915,"{""text_line_1based"": 1679, ""row_sequence"": 1675, ""model_column_1based"": 3, ""engine"": ""LibreOffice Word97-to-text; 5-column full sequence enumeration""}",https://www.miit.gov.cn/cms_files/filemanager/oldfile/miit/n1146285/n1146352/n3054355/n3057585/n3057589/c6181659/part/6181674.doc,https://www.miit.gov.cn/jgsj/zbys/gzdt/art/2020/art_c997557027dd4ca7b299a4456467c94d.html,/workspace/purchase_tax_audit/round3/coverage/new_withdrawal_full_enumeration_2020_rows.csv,evt-a440e7e0fa4c07a7,evt-39b6d337f4c9ed74
CA7005EV5,新增历史撤销使风险移出,0,1,1,0,0,0,在册（区间口径下的已收集事件）,已撤销（区间口径下的已收集事件）,已撤销（区间口径下的已收集事件）,1,0,0,evt-b1bff1628bfd151a,2018-05-22独立撤销公告,2018-05-22,new-wd20180522-row-1676,f943ccd1e796aba5e16386cf5e0b83e4ec9c6b8f33ba57522dc011d940e89915,"{""text_line_1based"": 1680, ""row_sequence"": 1676, ""model_column_1based"": 3, ""engine"": ""LibreOffice Word97-to-text; 5-column full sequence enumeration""}",https://www.miit.gov.cn/cms_files/filemanager/oldfile/miit/n1146285/n1146352/n3054355/n3057585/n3057589/c6181659/part/6181674.doc,https://www.miit.gov.cn/jgsj/zbys/gzdt/art/2020/art_c997557027dd4ca7b299a4456467c94d.html,/workspace/purchase_tax_audit/round3/coverage/new_withdrawal_full_enumeration_2020_rows.csv,evt-efc65921d313053a,evt-b1bff1628bfd151a
CA7005EV6,新增历史撤销使风险移出,0,1,1,0,0,0,在册（区间口径下的已收集事件）,已撤销（区间口径下的已收集事件）,已撤销（区间口径下的已收集事件）,1,0,0,evt-763d592a43bea5e0,2018-05-22独立撤销公告,2018-05-22,new-wd20180522-row-1677,f943ccd1e796aba5e16386cf5e0b83e4ec9c6b8f33ba57522dc011d940e89915,"{""text_line_1based"": 1681, ""row_sequence"": 1677, ""model_column_1based"": 3, ""engine"": ""LibreOffice Word97-to-text; 5-column full sequence enumeration""}",https://www.miit.gov.cn/cms_files/filemanager/oldfile/miit/n1146285/n1146352/n3054355/n3057585/n3057589/c6181659/part/6181674.doc,https://www.miit.gov.cn/jgsj/zbys/gzdt/art/2020/art_c997557027dd4ca7b299a4456467c94d.html,/workspace/purchase_tax_audit/round3/coverage/new_withdrawal_full_enumeration_2020_rows.csv,evt-b6c23e5379fa0f95,evt-763d592a43bea5e0
CSA6461FBEV3,第27批错日期修复使风险恢复,1,1,0,0,1,1,已撤销（区间口径下的已收集事件）,已撤销（区间口径下的已收集事件）,在册（区间口径下的已收集事件）,0,1,1,evt-dfffdda7ffdbe278,27,2019-10-25,old-revoke-input-line-1845,c388317a1453e6b139a2a67bd21e4b5818d6711b0982feb55626f0ac886783ff,正式撤销底表CSV行1845；原件型号列,https://www.miit.gov.cn/cms_files/filemanager/oldfile/miit/n1146285/n1146352/n3054355/n3057585/n3057589/c7485448/part/7485456.doc,https://www.miit.gov.cn/jgsj/zbys/gzdt/art/2020/art_9f09e324e0064eb6ac473ff2949f699c.html,/workspace/purchase_tax_audit/round3/coverage/batch27_32_source_date_conclusion.json,evt-dfffdda7ffdbe278,evt-3a000589ef0adaf2
DFM7000H2BBEV,新增历史撤销使风险移出,0,1,1,0,0,0,在册（区间口径下的已收集事件）,已撤销（区间口径下的已收集事件）,已撤销（区间口径下的已收集事件）,1,0,0,evt-19ac4c76a524e9dd,2018-05-22独立撤销公告,2018-05-22,new-wd20180522-row-241,f943ccd1e796aba5e16386cf5e0b83e4ec9c6b8f33ba57522dc011d940e89915,"{""text_line_1based"": 245, ""row_sequence"": 241, ""model_column_1based"": 3, ""engine"": ""LibreOffice Word97-to-text; 5-column full sequence enumeration""}",https://www.miit.gov.cn/cms_files/filemanager/oldfile/miit/n1146285/n1146352/n3054355/n3057585/n3057589/c6181659/part/6181674.doc,https://www.miit.gov.cn/jgsj/zbys/gzdt/art/2020/art_c997557027dd4ca7b299a4456467c94d.html,/workspace/purchase_tax_audit/round3/coverage/new_withdrawal_full_enumeration_2020_rows.csv,evt-75840bc0b9ce9d94,evt-19ac4c76a524e9dd
DFM7000H2CBEV,新增历史撤销使风险移出,0,1,1,0,0,0,在册（区间口径下的已收集事件）,已撤销（区间口径下的已收集事件）,已撤销（区间口径下的已收集事件）,1,0,0,evt-dceace240471e8ec,2018-05-22独立撤销公告,2018-05-22,new-wd20180522-row-242,f943ccd1e796aba5e16386cf5e0b83e4ec9c6b8f33ba57522dc011d940e89915,"{""text_line_1based"": 246, ""row_sequence"": 242, ""model_column_1based"": 3, ""engine"": ""LibreOffice Word97-to-text; 5-column full sequence enumeration""}",https://www.miit.gov.cn/cms_files/filemanager/oldfile/miit/n1146285/n1146352/n3054355/n3057585/n3057589/c6181659/part/6181674.doc,https://www.miit.gov.cn/jgsj/zbys/gzdt/art/2020/art_c997557027dd4ca7b299a4456467c94d.html,/workspace/purchase_tax_audit/round3/coverage/new_withdrawal_full_enumeration_2020_rows.csv,evt-defcc259d520b9ca,evt-dceace240471e8ec
DN7002MBEV,新增历史撤销使风险移出,0,1,1,0,0,0,在册（区间口径下的已收集事件）,已撤销（区间口径下的已收集事件）,已撤销（区间口径下的已收集事件）,1,0,0,evt-19067502258ff436,2018-05-22独立撤销公告,2018-05-22,new-wd20180522-row-338,f943ccd1e796aba5e16386cf5e0b83e4ec9c6b8f33ba57522dc011d940e89915,"{""text_line_1based"": 342, ""row_sequence"": 338, ""model_column_1based"": 3, ""engine"": ""LibreOffice Word97-to-text; 5-column full sequence enumeration""}",https://www.miit.gov.cn/cms_files/filemanager/oldfile/miit/n1146285/n1146352/n3054355/n3057585/n3057589/c6181659/part/6181674.doc,https://www.miit.gov.cn/jgsj/zbys/gzdt/art/2020/art_c997557027dd4ca7b299a4456467c94d.html,/workspace/purchase_tax_audit/round3/coverage/new_withdrawal_full_enumeration_2020_rows.csv,evt-f664c4d17e7c701a,evt-19067502258ff436
DXK6442EFBEV,新增历史撤销使风险移出,0,1,1,0,0,0,在册（区间口径下的已收集事件）,已撤销（区间口径下的已收集事件）,已撤销（区间口径下的已收集事件）,1,0,0,evt-52355dec7907d468,2018-05-22独立撤销公告,2018-05-22,new-wd20180522-row-334,f943ccd1e796aba5e16386cf5e0b83e4ec9c6b8f33ba57522dc011d940e89915,"{""text_line_1based"": 338, ""row_sequence"": 334, ""model_column_1based"": 3, ""engine"": ""LibreOffice Word97-to-text; 5-column full sequence enumeration""}",https://www.miit.gov.cn/cms_files/filemanager/oldfile/miit/n1146285/n1146352/n3054355/n3057585/n3057589/c6181659/part/6181674.doc,https://www.miit.gov.cn/jgsj/zbys/gzdt/art/2020/art_c997557027dd4ca7b299a4456467c94d.html,/workspace/purchase_tax_audit/round3/coverage/new_withdrawal_full_enumeration_2020_rows.csv,evt-26973ab983bf264f,evt-52355dec7907d468
DXK6450ECBEV,新增历史撤销使风险移出,0,1,1,0,0,0,在册（区间口径下的已收集事件）,已撤销（区间口径下的已收集事件）,已撤销（区间口径下的已收集事件）,1,0,0,evt-7580a3b83fa65cb1,2018-05-22独立撤销公告,2018-05-22,new-wd20180522-row-333,f943ccd1e796aba5e16386cf5e0b83e4ec9c6b8f33ba57522dc011d940e89915,"{""text_line_1based"": 337, ""row_sequence"": 333, ""model_column_1based"": 3, ""engine"": ""LibreOffice Word97-to-text; 5-column full sequence enumeration""}",https://www.miit.gov.cn/cms_files/filemanager/oldfile/miit/n1146285/n1146352/n3054355/n3057585/n3057589/c6181659/part/6181674.doc,https://www.miit.gov.cn/jgsj/zbys/gzdt/art/2020/art_c997557027dd4ca7b299a4456467c94d.html,/workspace/purchase_tax_audit/round3/coverage/new_withdrawal_full_enumeration_2020_rows.csv,evt-6c9c03e264278dcc,evt-7580a3b83fa65cb1
FJ6411BEVA1,新增历史撤销使风险移出,0,1,1,0,0,0,在册（区间口径下的已收集事件）,已撤销（区间口径下的已收集事件）,已撤销（区间口径下的已收集事件）,1,0,0,evt-4ec074d97341036d,2018-05-22独立撤销公告,2018-05-22,new-wd20180522-row-351,f943ccd1e796aba5e16386cf5e0b83e4ec9c6b8f33ba57522dc011d940e89915,"{""text_line_1based"": 355, ""row_sequence"": 351, ""model_column_1based"": 3, ""engine"": ""LibreOffice Word97-to-text; 5-column full sequence enumeration""}",https://www.miit.gov.cn/cms_files/filemanager/oldfile/miit/n1146285/n1146352/n3054355/n3057585/n3057589/c6181659/part/6181674.doc,https://www.miit.gov.cn/jgsj/zbys/gzdt/art/2020/art_c997557027dd4ca7b299a4456467c94d.html,/workspace/purchase_tax_audit/round3/coverage/new_withdrawal_full_enumeration_2020_rows.csv,evt-2e0d2143656aa941,evt-4ec074d97341036d
GA6440SBEV,新增历史撤销使风险移出,0,1,1,0,0,0,在册（区间口径下的已收集事件）,已撤销（区间口径下的已收集事件）,已撤销（区间口径下的已收集事件）,1,0,0,evt-148d4cade0f93d77,2018-05-22独立撤销公告,2018-05-22,new-wd20180522-row-373,f943ccd1e796aba5e16386cf5e0b83e4ec9c6b8f33ba57522dc011d940e89915,"{""text_line_1based"": 377, ""row_sequence"": 373, ""model_column_1based"": 3, ""engine"": ""LibreOffice Word97-to-text; 5-column full sequence enumeration""}",https://www.miit.gov.cn/cms_files/filemanager/oldfile/miit/n1146285/n1146352/n3054355/n3057585/n3057589/c6181659/part/6181674.doc,https://www.miit.gov.cn/jgsj/zbys/gzdt/art/2020/art_c997557027dd4ca7b299a4456467c94d.html,/workspace/purchase_tax_audit/round3/coverage/new_withdrawal_full_enumeration_2020_rows.csv,evt-9090eb6d248b0222,evt-148d4cade0f93d77
GAC6450BEVA0,新增历史撤销使风险移出,0,1,1,0,0,0,在册（区间口径下的已收集事件）,已撤销（区间口径下的已收集事件）,已撤销（区间口径下的已收集事件）,1,0,0,evt-7f51fb22c9cd1bc7,2018-05-22独立撤销公告,2018-05-22,new-wd20180522-row-378,f943ccd1e796aba5e16386cf5e0b83e4ec9c6b8f33ba57522dc011d940e89915,"{""text_line_1based"": 382, ""row_sequence"": 378, ""model_column_1based"": 3, ""engine"": ""LibreOffice Word97-to-text; 5-column full sequence enumeration""}",https://www.miit.gov.cn/cms_files/filemanager/oldfile/miit/n1146285/n1146352/n3054355/n3057585/n3057589/c6181659/part/6181674.doc,https://www.miit.gov.cn/jgsj/zbys/gzdt/art/2020/art_c997557027dd4ca7b299a4456467c94d.html,/workspace/purchase_tax_audit/round3/coverage/new_withdrawal_full_enumeration_2020_rows.csv,evt-c29da0195f858d50,evt-7f51fb22c9cd1bc7
HFC7001A2EV,新增历史撤销使风险移出,0,1,1,0,0,0,在册（区间口径下的已收集事件）,已撤销（区间口径下的已收集事件）,已撤销（区间口径下的已收集事件）,1,0,0,evt-1c7ac9b2037ca3ab,2018-05-22独立撤销公告,2018-05-22,new-wd20180522-row-73,f943ccd1e796aba5e16386cf5e0b83e4ec9c6b8f33ba57522dc011d940e89915,"{""text_line_1based"": 77, ""row_sequence"": 73, ""model_column_1based"": 3, ""engine"": ""LibreOffice Word97-to-text; 5-column full sequence enumeration""}",https://www.miit.gov.cn/cms_files/filemanager/oldfile/miit/n1146285/n1146352/n3054355/n3057585/n3057589/c6181659/part/6181674.doc,https://www.miit.gov.cn/jgsj/zbys/gzdt/art/2020/art_c997557027dd4ca7b299a4456467c94d.html,/workspace/purchase_tax_audit/round3/coverage/new_withdrawal_full_enumeration_2020_rows.csv,evt-94fb079050cb7108,evt-1c7ac9b2037ca3ab
HFC7001EA1EV,新增历史撤销使风险移出,0,1,1,0,0,0,在册（区间口径下的已收集事件）,已撤销（区间口径下的已收集事件）,已撤销（区间口径下的已收集事件）,1,0,0,evt-721c3a7e393c1d7a,2018-05-22独立撤销公告,2018-05-22,new-wd20180522-row-80,f943ccd1e796aba5e16386cf5e0b83e4ec9c6b8f33ba57522dc011d940e89915,"{""text_line_1based"": 84, ""row_sequence"": 80, ""model_column_1based"": 3, ""engine"": ""LibreOffice Word97-to-text; 5-column full sequence enumeration""}",https://www.miit.gov.cn/cms_files/filemanager/oldfile/miit/n1146285/n1146352/n3054355/n3057585/n3057589/c6181659/part/6181674.doc,https://www.miit.gov.cn/jgsj/zbys/gzdt/art/2020/art_c997557027dd4ca7b299a4456467c94d.html,/workspace/purchase_tax_audit/round3/coverage/new_withdrawal_full_enumeration_2020_rows.csv,evt-cde6656adf267114,evt-721c3a7e393c1d7a
HMA7003S15BEV,新增历史撤销使风险移出,0,1,1,0,0,0,在册（区间口径下的已收集事件）,已撤销（区间口径下的已收集事件）,已撤销（区间口径下的已收集事件）,1,0,0,evt-8a2814e9a81e5805,2018-05-22独立撤销公告,2018-05-22,new-wd20180522-row-406,f943ccd1e796aba5e16386cf5e0b83e4ec9c6b8f33ba57522dc011d940e89915,"{""text_line_1based"": 410, ""row_sequence"": 406, ""model_column_1based"": 3, ""engine"": ""LibreOffice Word97-to-text; 5-column full sequence enumeration""}",https://www.miit.gov.cn/cms_files/filemanager/oldfile/miit/n1146285/n1146352/n3054355/n3057585/n3057589/c6181659/part/6181674.doc,https://www.miit.gov.cn/jgsj/zbys/gzdt/art/2020/art_c997557027dd4ca7b299a4456467c94d.html,/workspace/purchase_tax_audit/round3/coverage/new_withdrawal_full_enumeration_2020_rows.csv,evt-7370e1dd5021f725,evt-8a2814e9a81e5805
HMA7005S30BEV,新增历史撤销使风险移出,0,1,1,0,0,0,在册（区间口径下的已收集事件）,已撤销（区间口径下的已收集事件）,已撤销（区间口径下的已收集事件）,1,0,0,evt-c130c4fd9363d3fb,2018-05-22独立撤销公告,2018-05-22,new-wd20180522-row-405,f943ccd1e796aba5e16386cf5e0b83e4ec9c6b8f33ba57522dc011d940e89915,"{""text_line_1based"": 409, ""row_sequence"": 405, ""model_column_1based"": 3, ""engine"": ""LibreOffice Word97-to-text; 5-column full sequence enumeration""}",https://www.miit.gov.cn/cms_files/filemanager/oldfile/miit/n1146285/n1146352/n3054355/n3057585/n3057589/c6181659/part/6181674.doc,https://www.miit.gov.cn/jgsj/zbys/gzdt/art/2020/art_c997557027dd4ca7b299a4456467c94d.html,/workspace/purchase_tax_audit/round3/coverage/new_withdrawal_full_enumeration_2020_rows.csv,evt-e007fea0732b9301,evt-c130c4fd9363d3fb
HMC6481MM0BEV,新增历史撤销使风险移出,0,1,1,0,0,0,在册（区间口径下的已收集事件）,已撤销（区间口径下的已收集事件）,已撤销（区间口径下的已收集事件）,1,0,0,evt-4d46005c7cef2fa3,28,2019-12-10,new-wd28-row-45,666f5befd4f2b67c08d2e2022cb2708007fb89babb38aa5c66b04ffb5702ae10,"{""text_line_1based"": 49, ""row_sequence"": 45, ""model_column_1based"": 3, ""engine"": ""LibreOffice Word97-to-text; 5-column full sequence enumeration""}",https://www.miit.gov.cn/cms_files/filemanager/oldfile/miit/n1146295/n1652858/n1652930/n4509607/c7564229/part/7564256.doc,https://www.miit.gov.cn/zwgk/zcwj/wjfb/gg/art/2020/art_891208b8af8448f9b37ccf41476d0c13.html,/workspace/purchase_tax_audit/round3/coverage/new_withdrawal_full_enumeration_2020_rows.csv,evt-2191c0b91a614efe,evt-4d46005c7cef2fa3
JL7001BEV03,新增历史撤销使风险移出,1,1,1,0,0,0,在册（区间口径下的已收集事件）,已撤销（区间口径下的已收集事件）,已撤销（区间口径下的已收集事件）,1,0,0,evt-db966a3d7fa12974,2018-05-22独立撤销公告,2018-05-22,new-wd20180522-row-1573,f943ccd1e796aba5e16386cf5e0b83e4ec9c6b8f33ba57522dc011d940e89915,"{""text_line_1based"": 1577, ""row_sequence"": 1573, ""model_column_1based"": 3, ""engine"": ""LibreOffice Word97-to-text; 5-column full sequence enumeration""}",https://www.miit.gov.cn/cms_files/filemanager/oldfile/miit/n1146285/n1146352/n3054355/n3057585/n3057589/c6181659/part/6181674.doc,https://www.miit.gov.cn/jgsj/zbys/gzdt/art/2020/art_c997557027dd4ca7b299a4456467c94d.html,/workspace/purchase_tax_audit/round3/coverage/new_withdrawal_full_enumeration_2020_rows.csv,evt-79a1828b65cf3fef,evt-db966a3d7fa12974
JL7001BEV31,新增历史撤销使风险移出,0,1,1,0,0,0,在册（区间口径下的已收集事件）,已撤销（区间口径下的已收集事件）,已撤销（区间口径下的已收集事件）,1,0,0,evt-81d7659e3c4165fa,2018-05-22独立撤销公告,2018-05-22,new-wd20180522-row-1574,f943ccd1e796aba5e16386cf5e0b83e4ec9c6b8f33ba57522dc011d940e89915,"{""text_line_1based"": 1578, ""row_sequence"": 1574, ""model_column_1based"": 3, ""engine"": ""LibreOffice Word97-to-text; 5-column full sequence enumeration""}",https://www.miit.gov.cn/cms_files/filemanager/oldfile/miit/n1146285/n1146352/n3054355/n3057585/n3057589/c6181659/part/6181674.doc,https://www.miit.gov.cn/jgsj/zbys/gzdt/art/2020/art_c997557027dd4ca7b299a4456467c94d.html,/workspace/purchase_tax_audit/round3/coverage/new_withdrawal_full_enumeration_2020_rows.csv,evt-b7598effc8c88103,evt-81d7659e3c4165fa
JMV6400BEV,新增历史撤销使风险移出,1,1,1,0,0,0,在册（区间口径下的已收集事件）,已撤销（区间口径下的已收集事件）,已撤销（区间口径下的已收集事件）,1,0,0,evt-e37c71a60f9df28b,2018-05-22独立撤销公告,2018-05-22,new-wd20180522-row-712,f943ccd1e796aba5e16386cf5e0b83e4ec9c6b8f33ba57522dc011d940e89915,"{""text_line_1based"": 716, ""row_sequence"": 712, ""model_column_1based"": 3, ""engine"": ""LibreOffice Word97-to-text; 5-column full sequence enumeration""}",https://www.miit.gov.cn/cms_files/filemanager/oldfile/miit/n1146285/n1146352/n3054355/n3057585/n3057589/c6181659/part/6181674.doc,https://www.miit.gov.cn/jgsj/zbys/gzdt/art/2020/art_c997557027dd4ca7b299a4456467c94d.html,/workspace/purchase_tax_audit/round3/coverage/new_withdrawal_full_enumeration_2020_rows.csv,evt-66cef99b66ed4879,evt-e37c71a60f9df28b
JNJ6455EV,新增历史撤销使风险移出,0,1,1,0,0,0,在册（区间口径下的已收集事件）,已撤销（区间口径下的已收集事件）,已撤销（区间口径下的已收集事件）,1,0,0,evt-bbe7c24b4b76a0eb,2018-05-22独立撤销公告,2018-05-22,new-wd20180522-row-474,f943ccd1e796aba5e16386cf5e0b83e4ec9c6b8f33ba57522dc011d940e89915,"{""text_line_1based"": 478, ""row_sequence"": 474, ""model_column_1based"": 3, ""engine"": ""LibreOffice Word97-to-text; 5-column full sequence enumeration""}",https://www.miit.gov.cn/cms_files/filemanager/oldfile/miit/n1146285/n1146352/n3054355/n3057585/n3057589/c6181659/part/6181674.doc,https://www.miit.gov.cn/jgsj/zbys/gzdt/art/2020/art_c997557027dd4ca7b299a4456467c94d.html,/workspace/purchase_tax_audit/round3/coverage/new_withdrawal_full_enumeration_2020_rows.csv,evt-27b3e95624b90ebf,evt-bbe7c24b4b76a0eb
JNJ7000EVA5,新增历史撤销使风险移出,0,1,1,0,0,0,在册（区间口径下的已收集事件）,已撤销（区间口径下的已收集事件）,已撤销（区间口径下的已收集事件）,1,0,0,evt-a9f7d924f3cdaf6a,2018-05-22独立撤销公告,2018-05-22,new-wd20180522-row-463,f943ccd1e796aba5e16386cf5e0b83e4ec9c6b8f33ba57522dc011d940e89915,"{""text_line_1based"": 467, ""row_sequence"": 463, ""model_column_1based"": 3, ""engine"": ""LibreOffice Word97-to-text; 5-column full sequence enumeration""}",https://www.miit.gov.cn/cms_files/filemanager/oldfile/miit/n1146285/n1146352/n3054355/n3057585/n3057589/c6181659/part/6181674.doc,https://www.miit.gov.cn/jgsj/zbys/gzdt/art/2020/art_c997557027dd4ca7b299a4456467c94d.html,/workspace/purchase_tax_audit/round3/coverage/new_withdrawal_full_enumeration_2020_rows.csv,evt-36da5e30d8f98fd6,evt-a9f7d924f3cdaf6a
JNJ7000EVA7,新增历史撤销使风险移出,0,1,1,0,0,0,在册（区间口径下的已收集事件）,已撤销（区间口径下的已收集事件）,已撤销（区间口径下的已收集事件）,1,0,0,evt-25989f523701fd0a,2018-05-22独立撤销公告,2018-05-22,new-wd20180522-row-472,f943ccd1e796aba5e16386cf5e0b83e4ec9c6b8f33ba57522dc011d940e89915,"{""text_line_1based"": 476, ""row_sequence"": 472, ""model_column_1based"": 3, ""engine"": ""LibreOffice Word97-to-text; 5-column full sequence enumeration""}",https://www.miit.gov.cn/cms_files/filemanager/oldfile/miit/n1146285/n1146352/n3054355/n3057585/n3057589/c6181659/part/6181674.doc,https://www.miit.gov.cn/jgsj/zbys/gzdt/art/2020/art_c997557027dd4ca7b299a4456467c94d.html,/workspace/purchase_tax_audit/round3/coverage/new_withdrawal_full_enumeration_2020_rows.csv,evt-bc7d1624b29331a7,evt-25989f523701fd0a
JNJ7000EVA8,新增历史撤销使风险移出,0,1,1,0,0,0,在册（区间口径下的已收集事件）,已撤销（区间口径下的已收集事件）,已撤销（区间口径下的已收集事件）,1,0,0,evt-49fccc497a1740d2,2018-05-22独立撤销公告,2018-05-22,new-wd20180522-row-473,f943ccd1e796aba5e16386cf5e0b83e4ec9c6b8f33ba57522dc011d940e89915,"{""text_line_1based"": 477, ""row_sequence"": 473, ""model_column_1based"": 3, ""engine"": ""LibreOffice Word97-to-text; 5-column full sequence enumeration""}",https://www.miit.gov.cn/cms_files/filemanager/oldfile/miit/n1146285/n1146352/n3054355/n3057585/n3057589/c6181659/part/6181674.doc,https://www.miit.gov.cn/jgsj/zbys/gzdt/art/2020/art_c997557027dd4ca7b299a4456467c94d.html,/workspace/purchase_tax_audit/round3/coverage/new_withdrawal_full_enumeration_2020_rows.csv,evt-d9bb7b6ff2acc5b3,evt-49fccc497a1740d2
JNJ7000EVM3,新增历史撤销使风险移出,0,1,1,0,0,0,在册（区间口径下的已收集事件）,已撤销（区间口径下的已收集事件）,已撤销（区间口径下的已收集事件）,1,0,0,evt-2196628dda5ed54e,2018-05-22独立撤销公告,2018-05-22,new-wd20180522-row-462,f943ccd1e796aba5e16386cf5e0b83e4ec9c6b8f33ba57522dc011d940e89915,"{""text_line_1based"": 466, ""row_sequence"": 462, ""model_column_1based"": 3, ""engine"": ""LibreOffice Word97-to-text; 5-column full sequence enumeration""}",https://www.miit.gov.cn/cms_files/filemanager/oldfile/miit/n1146285/n1146352/n3054355/n3057585/n3057589/c6181659/part/6181674.doc,https://www.miit.gov.cn/jgsj/zbys/gzdt/art/2020/art_c997557027dd4ca7b299a4456467c94d.html,/workspace/purchase_tax_audit/round3/coverage/new_withdrawal_full_enumeration_2020_rows.csv,evt-b3853f5a1997af93,evt-2196628dda5ed54e
JNJ7000EVS,新增历史撤销使风险移出,0,1,1,0,0,0,在册（区间口径下的已收集事件）,已撤销（区间口径下的已收集事件）,已撤销（区间口径下的已收集事件）,1,0,0,evt-f8d98f3362caa8dc,2018-05-22独立撤销公告,2018-05-22,new-wd20180522-row-468,f943ccd1e796aba5e16386cf5e0b83e4ec9c6b8f33ba57522dc011d940e89915,"{""text_line_1based"": 472, ""row_sequence"": 468, ""model_column_1based"": 3, ""engine"": ""LibreOffice Word97-to-text; 5-column full sequence enumeration""}",https://www.miit.gov.cn/cms_files/filemanager/oldfile/miit/n1146285/n1146352/n3054355/n3057585/n3057589/c6181659/part/6181674.doc,https://www.miit.gov.cn/jgsj/zbys/gzdt/art/2020/art_c997557027dd4ca7b299a4456467c94d.html,/workspace/purchase_tax_audit/round3/coverage/new_withdrawal_full_enumeration_2020_rows.csv,evt-e53f94ea5ebbf125,evt-f8d98f3362caa8dc
JNJ7000EVX1,新增历史撤销使风险移出,0,1,1,0,0,0,在册（区间口径下的已收集事件）,已撤销（区间口径下的已收集事件）,已撤销（区间口径下的已收集事件）,1,0,0,evt-1d71ea5ab5ea236f,2018-05-22独立撤销公告,2018-05-22,new-wd20180522-row-464,f943ccd1e796aba5e16386cf5e0b83e4ec9c6b8f33ba57522dc011d940e89915,"{""text_line_1based"": 468, ""row_sequence"": 464, ""model_column_1based"": 3, ""engine"": ""LibreOffice Word97-to-text; 5-column full sequence enumeration""}",https://www.miit.gov.cn/cms_files/filemanager/oldfile/miit/n1146285/n1146352/n3054355/n3057585/n3057589/c6181659/part/6181674.doc,https://www.miit.gov.cn/jgsj/zbys/gzdt/art/2020/art_c997557027dd4ca7b299a4456467c94d.html,/workspace/purchase_tax_audit/round3/coverage/new_withdrawal_full_enumeration_2020_rows.csv,evt-99bacfd16182d98e,evt-1d71ea5ab5ea236f
JNJ7000EVX10,新增历史撤销使风险移出,0,1,1,0,0,0,在册（区间口径下的已收集事件）,已撤销（区间口径下的已收集事件）,已撤销（区间口径下的已收集事件）,0,0,0,evt-f644b74a1fb3fe06,2018-05-22独立撤销公告,2018-05-22,new-wd20180522-row-470,f943ccd1e796aba5e16386cf5e0b83e4ec9c6b8f33ba57522dc011d940e89915,"{""text_line_1based"": 474, ""row_sequence"": 470, ""model_column_1based"": 3, ""engine"": ""LibreOffice Word97-to-text; 5-column full sequence enumeration""}",https://www.miit.gov.cn/cms_files/filemanager/oldfile/miit/n1146285/n1146352/n3054355/n3057585/n3057589/c6181659/part/6181674.doc,https://www.miit.gov.cn/jgsj/zbys/gzdt/art/2020/art_c997557027dd4ca7b299a4456467c94d.html,/workspace/purchase_tax_audit/round3/coverage/new_withdrawal_full_enumeration_2020_rows.csv,evt-2d9d5e5b900e1c29,evt-f644b74a1fb3fe06
JNJ7000EVX11,新增历史撤销使风险移出,0,1,1,0,0,0,在册（区间口径下的已收集事件）,已撤销（区间口径下的已收集事件）,已撤销（区间口径下的已收集事件）,0,0,0,evt-46f57d9a4bb65e95,2018-05-22独立撤销公告,2018-05-22,new-wd20180522-row-471,f943ccd1e796aba5e16386cf5e0b83e4ec9c6b8f33ba57522dc011d940e89915,"{""text_line_1based"": 475, ""row_sequence"": 471, ""model_column_1based"": 3, ""engine"": ""LibreOffice Word97-to-text; 5-column full sequence enumeration""}",https://www.miit.gov.cn/cms_files/filemanager/oldfile/miit/n1146285/n1146352/n3054355/n3057585/n3057589/c6181659/part/6181674.doc,https://www.miit.gov.cn/jgsj/zbys/gzdt/art/2020/art_c997557027dd4ca7b299a4456467c94d.html,/workspace/purchase_tax_audit/round3/coverage/new_withdrawal_full_enumeration_2020_rows.csv,evt-70564ad24ca3e948,evt-46f57d9a4bb65e95
JNJ7000EVX15,新增历史撤销使风险移出,0,1,1,0,0,0,在册（区间口径下的已收集事件）,已撤销（区间口径下的已收集事件）,已撤销（区间口径下的已收集事件）,0,0,0,evt-b837881b2154feec,2018-05-22独立撤销公告,2018-05-22,new-wd20180522-row-475,f943ccd1e796aba5e16386cf5e0b83e4ec9c6b8f33ba57522dc011d940e89915,"{""text_line_1based"": 479, ""row_sequence"": 475, ""model_column_1based"": 3, ""engine"": ""LibreOffice Word97-to-text; 5-column full sequence enumeration""}",https://www.miit.gov.cn/cms_files/filemanager/oldfile/miit/n1146285/n1146352/n3054355/n3057585/n3057589/c6181659/part/6181674.doc,https://www.miit.gov.cn/jgsj/zbys/gzdt/art/2020/art_c997557027dd4ca7b299a4456467c94d.html,/workspace/purchase_tax_audit/round3/coverage/new_withdrawal_full_enumeration_2020_rows.csv,evt-9ae265ed339fe58e,evt-b837881b2154feec
JNJ7000EVX2,新增历史撤销使风险移出,0,1,1,0,0,0,在册（区间口径下的已收集事件）,已撤销（区间口径下的已收集事件）,已撤销（区间口径下的已收集事件）,1,0,0,evt-73903fd8edc5f8c4,2018-05-22独立撤销公告,2018-05-22,new-wd20180522-row-465,f943ccd1e796aba5e16386cf5e0b83e4ec9c6b8f33ba57522dc011d940e89915,"{""text_line_1based"": 469, ""row_sequence"": 465, ""model_column_1based"": 3, ""engine"": ""LibreOffice Word97-to-text; 5-column full sequence enumeration""}",https://www.miit.gov.cn/cms_files/filemanager/oldfile/miit/n1146285/n1146352/n3054355/n3057585/n3057589/c6181659/part/6181674.doc,https://www.miit.gov.cn/jgsj/zbys/gzdt/art/2020/art_c997557027dd4ca7b299a4456467c94d.html,/workspace/purchase_tax_audit/round3/coverage/new_withdrawal_full_enumeration_2020_rows.csv,evt-f2ed24e55236b673,evt-73903fd8edc5f8c4
JNJ7000EVX4,新增历史撤销使风险移出,0,1,1,0,0,0,在册（区间口径下的已收集事件）,已撤销（区间口径下的已收集事件）,已撤销（区间口径下的已收集事件）,0,0,0,evt-c1ac6cc97b375107,2018-05-22独立撤销公告,2018-05-22,new-wd20180522-row-466,f943ccd1e796aba5e16386cf5e0b83e4ec9c6b8f33ba57522dc011d940e89915,"{""text_line_1based"": 470, ""row_sequence"": 466, ""model_column_1based"": 3, ""engine"": ""LibreOffice Word97-to-text; 5-column full sequence enumeration""}",https://www.miit.gov.cn/cms_files/filemanager/oldfile/miit/n1146285/n1146352/n3054355/n3057585/n3057589/c6181659/part/6181674.doc,https://www.miit.gov.cn/jgsj/zbys/gzdt/art/2020/art_c997557027dd4ca7b299a4456467c94d.html,/workspace/purchase_tax_audit/round3/coverage/new_withdrawal_full_enumeration_2020_rows.csv,evt-bc273e84d097bccf,evt-c1ac6cc97b375107
JNJ7000EVX5,新增历史撤销使风险移出,1,1,1,0,0,0,在册（区间口径下的已收集事件）,已撤销（区间口径下的已收集事件）,已撤销（区间口径下的已收集事件）,1,0,0,evt-33f3c5d932ab3791,2018-05-22独立撤销公告,2018-05-22,new-wd20180522-row-467,f943ccd1e796aba5e16386cf5e0b83e4ec9c6b8f33ba57522dc011d940e89915,"{""text_line_1based"": 471, ""row_sequence"": 467, ""model_column_1based"": 3, ""engine"": ""LibreOffice Word97-to-text; 5-column full sequence enumeration""}",https://www.miit.gov.cn/cms_files/filemanager/oldfile/miit/n1146285/n1146352/n3054355/n3057585/n3057589/c6181659/part/6181674.doc,https://www.miit.gov.cn/jgsj/zbys/gzdt/art/2020/art_c997557027dd4ca7b299a4456467c94d.html,/workspace/purchase_tax_audit/round3/coverage/new_withdrawal_full_enumeration_2020_rows.csv,evt-3259ac769c0bf04b,evt-33f3c5d932ab3791
JNJ7000EVX8,新增历史撤销使风险移出,0,1,1,0,0,0,在册（区间口径下的已收集事件）,已撤销（区间口径下的已收集事件）,已撤销（区间口径下的已收集事件）,0,0,0,evt-9b39062bb33fded3,2018-05-22独立撤销公告,2018-05-22,new-wd20180522-row-469,f943ccd1e796aba5e16386cf5e0b83e4ec9c6b8f33ba57522dc011d940e89915,"{""text_line_1based"": 473, ""row_sequence"": 469, ""model_column_1based"": 3, ""engine"": ""LibreOffice Word97-to-text; 5-column full sequence enumeration""}",https://www.miit.gov.cn/cms_files/filemanager/oldfile/miit/n1146285/n1146352/n3054355/n3057585/n3057589/c6181659/part/6181674.doc,https://www.miit.gov.cn/jgsj/zbys/gzdt/art/2020/art_c997557027dd4ca7b299a4456467c94d.html,/workspace/purchase_tax_audit/round3/coverage/new_withdrawal_full_enumeration_2020_rows.csv,evt-3f5cadbcf8bb6e36,evt-9b39062bb33fded3
JNP7000BEV,新增历史撤销使风险移出,0,1,1,0,0,0,在册（区间口径下的已收集事件）,已撤销（区间口径下的已收集事件）,已撤销（区间口径下的已收集事件）,1,0,0,evt-07417bbe28e6b287,2018-05-22独立撤销公告,2018-05-22,new-wd20180522-row-733,f943ccd1e796aba5e16386cf5e0b83e4ec9c6b8f33ba57522dc011d940e89915,"{""text_line_1based"": 737, ""row_sequence"": 733, ""model_column_1based"": 3, ""engine"": ""LibreOffice Word97-to-text; 5-column full sequence enumeration""}",https://www.miit.gov.cn/cms_files/filemanager/oldfile/miit/n1146285/n1146352/n3054355/n3057585/n3057589/c6181659/part/6181674.doc,https://www.miit.gov.cn/jgsj/zbys/gzdt/art/2020/art_c997557027dd4ca7b299a4456467c94d.html,/workspace/purchase_tax_audit/round3/coverage/new_withdrawal_full_enumeration_2020_rows.csv,evt-75cc09a99631c295,evt-07417bbe28e6b287
JNQ6460BEV,新增历史撤销使风险移出,0,1,1,0,0,0,在册（区间口径下的已收集事件）,已撤销（区间口径下的已收集事件）,已撤销（区间口径下的已收集事件）,1,0,0,evt-f2e9eb84bad7b83b,2018-05-22独立撤销公告,2018-05-22,new-wd20180522-row-593,f943ccd1e796aba5e16386cf5e0b83e4ec9c6b8f33ba57522dc011d940e89915,"{""text_line_1based"": 597, ""row_sequence"": 593, ""model_column_1based"": 3, ""engine"": ""LibreOffice Word97-to-text; 5-column full sequence enumeration""}",https://www.miit.gov.cn/cms_files/filemanager/oldfile/miit/n1146285/n1146352/n3054355/n3057585/n3057589/c6181659/part/6181674.doc,https://www.miit.gov.cn/jgsj/zbys/gzdt/art/2020/art_c997557027dd4ca7b299a4456467c94d.html,/workspace/purchase_tax_audit/round3/coverage/new_withdrawal_full_enumeration_2020_rows.csv,evt-46f68121678d360a,evt-f2e9eb84bad7b83b
JNQ6460BEV1,新增历史撤销使风险移出,0,1,1,0,0,0,在册（区间口径下的已收集事件）,已撤销（区间口径下的已收集事件）,已撤销（区间口径下的已收集事件）,1,0,0,evt-4217d1054ac5290e,2018-05-22独立撤销公告,2018-05-22,new-wd20180522-row-566,f943ccd1e796aba5e16386cf5e0b83e4ec9c6b8f33ba57522dc011d940e89915,"{""text_line_1based"": 570, ""row_sequence"": 566, ""model_column_1based"": 3, ""engine"": ""LibreOffice Word97-to-text; 5-column full sequence enumeration""}",https://www.miit.gov.cn/cms_files/filemanager/oldfile/miit/n1146285/n1146352/n3054355/n3057585/n3057589/c6181659/part/6181674.doc,https://www.miit.gov.cn/jgsj/zbys/gzdt/art/2020/art_c997557027dd4ca7b299a4456467c94d.html,/workspace/purchase_tax_audit/round3/coverage/new_withdrawal_full_enumeration_2020_rows.csv,evt-4baafc3b069547ae,evt-4217d1054ac5290e
JX7007BEV,新增历史撤销使风险移出,0,1,1,0,0,0,在册（区间口径下的已收集事件）,已撤销（区间口径下的已收集事件）,已撤销（区间口径下的已收集事件）,1,0,0,evt-f7c3760575b47ff9,2018-05-22独立撤销公告,2018-05-22,new-wd20180522-row-517,f943ccd1e796aba5e16386cf5e0b83e4ec9c6b8f33ba57522dc011d940e89915,"{""text_line_1based"": 521, ""row_sequence"": 517, ""model_column_1based"": 3, ""engine"": ""LibreOffice Word97-to-text; 5-column full sequence enumeration""}",https://www.miit.gov.cn/cms_files/filemanager/oldfile/miit/n1146285/n1146352/n3054355/n3057585/n3057589/c6181659/part/6181674.doc,https://www.miit.gov.cn/jgsj/zbys/gzdt/art/2020/art_c997557027dd4ca7b299a4456467c94d.html,/workspace/purchase_tax_audit/round3/coverage/new_withdrawal_full_enumeration_2020_rows.csv,evt-90a31c7333ea1bbd,evt-f7c3760575b47ff9
LF6401CEV,新增历史撤销使风险移出,0,1,1,0,0,0,在册（区间口径下的已收集事件）,已撤销（区间口径下的已收集事件）,已撤销（区间口径下的已收集事件）,1,0,0,evt-23f358c5260a63b3,2018-05-22独立撤销公告,2018-05-22,new-wd20180522-row-1833,f943ccd1e796aba5e16386cf5e0b83e4ec9c6b8f33ba57522dc011d940e89915,"{""text_line_1based"": 1837, ""row_sequence"": 1833, ""model_column_1based"": 3, ""engine"": ""LibreOffice Word97-to-text; 5-column full sequence enumeration""}",https://www.miit.gov.cn/cms_files/filemanager/oldfile/miit/n1146285/n1146352/n3054355/n3057585/n3057589/c6181659/part/6181674.doc,https://www.miit.gov.cn/jgsj/zbys/gzdt/art/2020/art_c997557027dd4ca7b299a4456467c94d.html,/workspace/purchase_tax_audit/round3/coverage/new_withdrawal_full_enumeration_2020_rows.csv,evt-e2bf2980fb1ce928,evt-23f358c5260a63b3
LZD7002BEV05,新增历史撤销使风险移出,0,1,1,0,0,0,在册（区间口径下的已收集事件）,已撤销（区间口径下的已收集事件）,已撤销（区间口径下的已收集事件）,1,0,0,evt-6a41e0c14bae7ba2,28,2019-12-10,new-wd28-row-64,666f5befd4f2b67c08d2e2022cb2708007fb89babb38aa5c66b04ffb5702ae10,"{""text_line_1based"": 68, ""row_sequence"": 64, ""model_column_1based"": 3, ""engine"": ""LibreOffice Word97-to-text; 5-column full sequence enumeration""}",https://www.miit.gov.cn/cms_files/filemanager/oldfile/miit/n1146295/n1652858/n1652930/n4509607/c7564229/part/7564256.doc,https://www.miit.gov.cn/zwgk/zcwj/wjfb/gg/art/2020/art_891208b8af8448f9b37ccf41476d0c13.html,/workspace/purchase_tax_audit/round3/coverage/new_withdrawal_full_enumeration_2020_rows.csv,evt-cbfd65c91f539d51,evt-6a41e0c14bae7ba2
SC6406AVEV,新增历史撤销使风险移出,0,1,1,0,0,0,在册（区间口径下的已收集事件）,已撤销（区间口径下的已收集事件）,已撤销（区间口径下的已收集事件）,1,0,0,evt-f24323d0fc12961e,2018-05-22独立撤销公告,2018-05-22,new-wd20180522-row-421,f943ccd1e796aba5e16386cf5e0b83e4ec9c6b8f33ba57522dc011d940e89915,"{""text_line_1based"": 425, ""row_sequence"": 421, ""model_column_1based"": 3, ""engine"": ""LibreOffice Word97-to-text; 5-column full sequence enumeration""}",https://www.miit.gov.cn/cms_files/filemanager/oldfile/miit/n1146285/n1146352/n3054355/n3057585/n3057589/c6181659/part/6181674.doc,https://www.miit.gov.cn/jgsj/zbys/gzdt/art/2020/art_c997557027dd4ca7b299a4456467c94d.html,/workspace/purchase_tax_audit/round3/coverage/new_withdrawal_full_enumeration_2020_rows.csv,evt-0eb03fb83192b36a,evt-f24323d0fc12961e
SC7003AKBEV,新增历史撤销使风险移出,0,1,1,0,0,0,在册（区间口径下的已收集事件）,已撤销（区间口径下的已收集事件）,已撤销（区间口径下的已收集事件）,0,0,0,evt-b710e71c987fccaa,28,2019-12-10,new-wd28-row-78,666f5befd4f2b67c08d2e2022cb2708007fb89babb38aa5c66b04ffb5702ae10,"{""text_line_1based"": 82, ""row_sequence"": 78, ""model_column_1based"": 3, ""engine"": ""LibreOffice Word97-to-text; 5-column full sequence enumeration""}",https://www.miit.gov.cn/cms_files/filemanager/oldfile/miit/n1146295/n1652858/n1652930/n4509607/c7564229/part/7564256.doc,https://www.miit.gov.cn/zwgk/zcwj/wjfb/gg/art/2020/art_891208b8af8448f9b37ccf41476d0c13.html,/workspace/purchase_tax_audit/round3/coverage/new_withdrawal_full_enumeration_2020_rows.csv,evt-f9818c7836f2a97a,evt-b710e71c987fccaa
SC7005EV,新增历史撤销使风险移出,0,1,1,0,0,0,在册（区间口径下的已收集事件）,已撤销（区间口径下的已收集事件）,已撤销（区间口径下的已收集事件）,0,0,0,evt-8da4d74e4dcbb81a,2018-05-22独立撤销公告,2018-05-22,new-wd20180522-row-1849,f943ccd1e796aba5e16386cf5e0b83e4ec9c6b8f33ba57522dc011d940e89915,"{""text_line_1based"": 1853, ""row_sequence"": 1849, ""model_column_1based"": 3, ""engine"": ""LibreOffice Word97-to-text; 5-column full sequence enumeration""}",https://www.miit.gov.cn/cms_files/filemanager/oldfile/miit/n1146285/n1146352/n3054355/n3057585/n3057589/c6181659/part/6181674.doc,https://www.miit.gov.cn/jgsj/zbys/gzdt/art/2020/art_c997557027dd4ca7b299a4456467c94d.html,/workspace/purchase_tax_audit/round3/coverage/new_withdrawal_full_enumeration_2020_rows.csv,evt-dd294999876115a5,evt-8da4d74e4dcbb81a
SDH7000BEVAL,新增历史撤销使风险移出,0,1,1,0,0,0,在册（区间口径下的已收集事件）,已撤销（区间口径下的已收集事件）,已撤销（区间口径下的已收集事件）,1,0,0,evt-6a43bc5ba7433784,2018-05-22独立撤销公告,2018-05-22,new-wd20180522-row-1067,f943ccd1e796aba5e16386cf5e0b83e4ec9c6b8f33ba57522dc011d940e89915,"{""text_line_1based"": 1071, ""row_sequence"": 1067, ""model_column_1based"": 3, ""engine"": ""LibreOffice Word97-to-text; 5-column full sequence enumeration""}",https://www.miit.gov.cn/cms_files/filemanager/oldfile/miit/n1146285/n1146352/n3054355/n3057585/n3057589/c6181659/part/6181674.doc,https://www.miit.gov.cn/jgsj/zbys/gzdt/art/2020/art_c997557027dd4ca7b299a4456467c94d.html,/workspace/purchase_tax_audit/round3/coverage/new_withdrawal_full_enumeration_2020_rows.csv,evt-9d3922de353a084d,evt-6a43bc5ba7433784
SDH7000BEVBL6,新增历史撤销使风险移出,1,1,1,0,0,0,在册（区间口径下的已收集事件）,已撤销（区间口径下的已收集事件）,已撤销（区间口径下的已收集事件）,1,0,0,evt-95782006bd39ae7d,2018-05-22独立撤销公告,2018-05-22,new-wd20180522-row-1068,f943ccd1e796aba5e16386cf5e0b83e4ec9c6b8f33ba57522dc011d940e89915,"{""text_line_1based"": 1072, ""row_sequence"": 1068, ""model_column_1based"": 3, ""engine"": ""LibreOffice Word97-to-text; 5-column full sequence enumeration""}",https://www.miit.gov.cn/cms_files/filemanager/oldfile/miit/n1146285/n1146352/n3054355/n3057585/n3057589/c6181659/part/6181674.doc,https://www.miit.gov.cn/jgsj/zbys/gzdt/art/2020/art_c997557027dd4ca7b299a4456467c94d.html,/workspace/purchase_tax_audit/round3/coverage/new_withdrawal_full_enumeration_2020_rows.csv,evt-7ff8e0e426c47479,evt-95782006bd39ae7d
SMA7001BEV12,新增历史撤销使风险移出,0,1,1,0,0,0,在册（区间口径下的已收集事件）,已撤销（区间口径下的已收集事件）,已撤销（区间口径下的已收集事件）,1,0,0,evt-29d3284c9592256c,2018-05-22独立撤销公告,2018-05-22,new-wd20180522-row-1575,f943ccd1e796aba5e16386cf5e0b83e4ec9c6b8f33ba57522dc011d940e89915,"{""text_line_1based"": 1579, ""row_sequence"": 1575, ""model_column_1based"": 3, ""engine"": ""LibreOffice Word97-to-text; 5-column full sequence enumeration""}",https://www.miit.gov.cn/cms_files/filemanager/oldfile/miit/n1146285/n1146352/n3054355/n3057585/n3057589/c6181659/part/6181674.doc,https://www.miit.gov.cn/jgsj/zbys/gzdt/art/2020/art_c997557027dd4ca7b299a4456467c94d.html,/workspace/purchase_tax_audit/round3/coverage/new_withdrawal_full_enumeration_2020_rows.csv,evt-d0100b600fb9d34c,evt-29d3284c9592256c
SMA7001BEV14,新增历史撤销使风险移出,0,1,1,0,0,0,在册（区间口径下的已收集事件）,已撤销（区间口径下的已收集事件）,已撤销（区间口径下的已收集事件）,1,0,0,evt-29e2b9ace20ec8eb,2018-05-22独立撤销公告,2018-05-22,new-wd20180522-row-1576,f943ccd1e796aba5e16386cf5e0b83e4ec9c6b8f33ba57522dc011d940e89915,"{""text_line_1based"": 1580, ""row_sequence"": 1576, ""model_column_1based"": 3, ""engine"": ""LibreOffice Word97-to-text; 5-column full sequence enumeration""}",https://www.miit.gov.cn/cms_files/filemanager/oldfile/miit/n1146285/n1146352/n3054355/n3057585/n3057589/c6181659/part/6181674.doc,https://www.miit.gov.cn/jgsj/zbys/gzdt/art/2020/art_c997557027dd4ca7b299a4456467c94d.html,/workspace/purchase_tax_audit/round3/coverage/new_withdrawal_full_enumeration_2020_rows.csv,evt-d09b115fb109da56,evt-29e2b9ace20ec8eb
SQJ6451BEV,新增历史撤销使风险移出,0,1,1,0,0,0,在册（区间口径下的已收集事件）,已撤销（区间口径下的已收集事件）,已撤销（区间口径下的已收集事件）,1,0,0,evt-3b37345ce2605be2,2018-05-22独立撤销公告,2018-05-22,new-wd20180522-row-1457,f943ccd1e796aba5e16386cf5e0b83e4ec9c6b8f33ba57522dc011d940e89915,"{""text_line_1based"": 1461, ""row_sequence"": 1457, ""model_column_1based"": 3, ""engine"": ""LibreOffice Word97-to-text; 5-column full sequence enumeration""}",https://www.miit.gov.cn/cms_files/filemanager/oldfile/miit/n1146285/n1146352/n3054355/n3057585/n3057589/c6181659/part/6181674.doc,https://www.miit.gov.cn/jgsj/zbys/gzdt/art/2020/art_c997557027dd4ca7b299a4456467c94d.html,/workspace/purchase_tax_audit/round3/coverage/new_withdrawal_full_enumeration_2020_rows.csv,evt-ec133b11e7d30a8d,evt-3b37345ce2605be2
SQJ6452BEV,新增历史撤销使风险移出,0,1,1,0,0,0,在册（区间口径下的已收集事件）,已撤销（区间口径下的已收集事件）,已撤销（区间口径下的已收集事件）,0,0,0,evt-31d395ce70dab96a,2018-05-22独立撤销公告,2018-05-22,new-wd20180522-row-1454,f943ccd1e796aba5e16386cf5e0b83e4ec9c6b8f33ba57522dc011d940e89915,"{""text_line_1based"": 1458, ""row_sequence"": 1454, ""model_column_1based"": 3, ""engine"": ""LibreOffice Word97-to-text; 5-column full sequence enumeration""}",https://www.miit.gov.cn/cms_files/filemanager/oldfile/miit/n1146285/n1146352/n3054355/n3057585/n3057589/c6181659/part/6181674.doc,https://www.miit.gov.cn/jgsj/zbys/gzdt/art/2020/art_c997557027dd4ca7b299a4456467c94d.html,/workspace/purchase_tax_audit/round3/coverage/new_withdrawal_full_enumeration_2020_rows.csv,evt-113443142a616fad,evt-31d395ce70dab96a
SQR7000BEVJ51,新增历史撤销使风险移出,0,1,1,0,0,0,在册（区间口径下的已收集事件）,已撤销（区间口径下的已收集事件）,已撤销（区间口径下的已收集事件）,1,0,0,evt-034bd513e5d9dfa7,2018-05-22独立撤销公告,2018-05-22,new-wd20180522-row-1059,f943ccd1e796aba5e16386cf5e0b83e4ec9c6b8f33ba57522dc011d940e89915,"{""text_line_1based"": 1063, ""row_sequence"": 1059, ""model_column_1based"": 3, ""engine"": ""LibreOffice Word97-to-text; 5-column full sequence enumeration""}",https://www.miit.gov.cn/cms_files/filemanager/oldfile/miit/n1146285/n1146352/n3054355/n3057585/n3057589/c6181659/part/6181674.doc,https://www.miit.gov.cn/jgsj/zbys/gzdt/art/2020/art_c997557027dd4ca7b299a4456467c94d.html,/workspace/purchase_tax_audit/round3/coverage/new_withdrawal_full_enumeration_2020_rows.csv,evt-4397e3a8d84fe428,evt-034bd513e5d9dfa7
SQR7000BEVK08,新增历史撤销使风险移出,0,1,1,0,0,0,在册（区间口径下的已收集事件）,已撤销（区间口径下的已收集事件）,已撤销（区间口径下的已收集事件）,1,0,0,evt-e17564b82dda14ae,2018-05-22独立撤销公告,2018-05-22,new-wd20180522-row-1060,f943ccd1e796aba5e16386cf5e0b83e4ec9c6b8f33ba57522dc011d940e89915,"{""text_line_1based"": 1064, ""row_sequence"": 1060, ""model_column_1based"": 3, ""engine"": ""LibreOffice Word97-to-text; 5-column full sequence enumeration""}",https://www.miit.gov.cn/cms_files/filemanager/oldfile/miit/n1146285/n1146352/n3054355/n3057585/n3057589/c6181659/part/6181674.doc,https://www.miit.gov.cn/jgsj/zbys/gzdt/art/2020/art_c997557027dd4ca7b299a4456467c94d.html,/workspace/purchase_tax_audit/round3/coverage/new_withdrawal_full_enumeration_2020_rows.csv,evt-a0a23f2595f46d24,evt-e17564b82dda14ae
SQR7001BEVJ50,新增历史撤销使风险移出,0,1,1,0,0,0,在册（区间口径下的已收集事件）,已撤销（区间口径下的已收集事件）,已撤销（区间口径下的已收集事件）,1,0,0,evt-f0c8f9c968a2d06b,2018-05-22独立撤销公告,2018-05-22,new-wd20180522-row-1061,f943ccd1e796aba5e16386cf5e0b83e4ec9c6b8f33ba57522dc011d940e89915,"{""text_line_1based"": 1065, ""row_sequence"": 1061, ""model_column_1based"": 3, ""engine"": ""LibreOffice Word97-to-text; 5-column full sequence enumeration""}",https://www.miit.gov.cn/cms_files/filemanager/oldfile/miit/n1146285/n1146352/n3054355/n3057585/n3057589/c6181659/part/6181674.doc,https://www.miit.gov.cn/jgsj/zbys/gzdt/art/2020/art_c997557027dd4ca7b299a4456467c94d.html,/workspace/purchase_tax_audit/round3/coverage/new_withdrawal_full_enumeration_2020_rows.csv,evt-808212a32907a8d0,evt-f0c8f9c968a2d06b
STJ6408EVC1,新增历史撤销使风险移出,0,1,1,0,0,0,在册（区间口径下的已收集事件）,已撤销（区间口径下的已收集事件）,已撤销（区间口径下的已收集事件）,1,0,0,evt-724f21bc7ce955c5,28,2019-12-10,new-wd28-row-114,666f5befd4f2b67c08d2e2022cb2708007fb89babb38aa5c66b04ffb5702ae10,"{""text_line_1based"": 118, ""row_sequence"": 114, ""model_column_1based"": 3, ""engine"": ""LibreOffice Word97-to-text; 5-column full sequence enumeration""}",https://www.miit.gov.cn/cms_files/filemanager/oldfile/miit/n1146295/n1652858/n1652930/n4509607/c7564229/part/7564256.doc,https://www.miit.gov.cn/zwgk/zcwj/wjfb/gg/art/2020/art_891208b8af8448f9b37ccf41476d0c13.html,/workspace/purchase_tax_audit/round3/coverage/new_withdrawal_full_enumeration_2020_rows.csv,evt-97b5c5fc0dd89a99,evt-724f21bc7ce955c5
SY7000BEVDAE,新增历史撤销使风险移出,0,1,1,0,0,0,在册（区间口径下的已收集事件）,已撤销（区间口径下的已收集事件）,已撤销（区间口径下的已收集事件）,1,0,0,evt-0f394b121741d06d,2018-05-22独立撤销公告,2018-05-22,new-wd20180522-row-515,f943ccd1e796aba5e16386cf5e0b83e4ec9c6b8f33ba57522dc011d940e89915,"{""text_line_1based"": 519, ""row_sequence"": 515, ""model_column_1based"": 3, ""engine"": ""LibreOffice Word97-to-text; 5-column full sequence enumeration""}",https://www.miit.gov.cn/cms_files/filemanager/oldfile/miit/n1146285/n1146352/n3054355/n3057585/n3057589/c6181659/part/6181674.doc,https://www.miit.gov.cn/jgsj/zbys/gzdt/art/2020/art_c997557027dd4ca7b299a4456467c94d.html,/workspace/purchase_tax_audit/round3/coverage/new_withdrawal_full_enumeration_2020_rows.csv,evt-348353e298b44cc8,evt-0f394b121741d06d
SY7000BEVDAF,新增历史撤销使风险移出,0,1,1,0,0,0,在册（区间口径下的已收集事件）,已撤销（区间口径下的已收集事件）,已撤销（区间口径下的已收集事件）,1,0,0,evt-b0ae7d2e1e480a5e,2018-05-22独立撤销公告,2018-05-22,new-wd20180522-row-516,f943ccd1e796aba5e16386cf5e0b83e4ec9c6b8f33ba57522dc011d940e89915,"{""text_line_1based"": 520, ""row_sequence"": 516, ""model_column_1based"": 3, ""engine"": ""LibreOffice Word97-to-text; 5-column full sequence enumeration""}",https://www.miit.gov.cn/cms_files/filemanager/oldfile/miit/n1146285/n1146352/n3054355/n3057585/n3057589/c6181659/part/6181674.doc,https://www.miit.gov.cn/jgsj/zbys/gzdt/art/2020/art_c997557027dd4ca7b299a4456467c94d.html,/workspace/purchase_tax_audit/round3/coverage/new_withdrawal_full_enumeration_2020_rows.csv,evt-a857a277e6ea7856,evt-b0ae7d2e1e480a5e
SZS6460A09BEV,新增历史撤销使风险移出,0,1,1,0,0,0,在册（区间口径下的已收集事件）,已撤销（区间口径下的已收集事件）,已撤销（区间口径下的已收集事件）,1,0,0,evt-239923b8e483e014,28,2019-12-10,new-wd28-row-118,666f5befd4f2b67c08d2e2022cb2708007fb89babb38aa5c66b04ffb5702ae10,"{""text_line_1based"": 122, ""row_sequence"": 118, ""model_column_1based"": 3, ""engine"": ""LibreOffice Word97-to-text; 5-column full sequence enumeration""}",https://www.miit.gov.cn/cms_files/filemanager/oldfile/miit/n1146295/n1652858/n1652930/n4509607/c7564229/part/7564256.doc,https://www.miit.gov.cn/zwgk/zcwj/wjfb/gg/art/2020/art_891208b8af8448f9b37ccf41476d0c13.html,/workspace/purchase_tax_audit/round3/coverage/new_withdrawal_full_enumeration_2020_rows.csv,evt-9bce9b66f5f0f33c,evt-239923b8e483e014
SZS6460A15BEV,新增历史撤销使风险移出,0,1,1,0,0,0,在册（区间口径下的已收集事件）,已撤销（区间口径下的已收集事件）,已撤销（区间口径下的已收集事件）,1,0,0,evt-f69661d3e92c5991,28,2019-12-10,new-wd28-row-119,666f5befd4f2b67c08d2e2022cb2708007fb89babb38aa5c66b04ffb5702ae10,"{""text_line_1based"": 123, ""row_sequence"": 119, ""model_column_1based"": 3, ""engine"": ""LibreOffice Word97-to-text; 5-column full sequence enumeration""}",https://www.miit.gov.cn/cms_files/filemanager/oldfile/miit/n1146295/n1652858/n1652930/n4509607/c7564229/part/7564256.doc,https://www.miit.gov.cn/zwgk/zcwj/wjfb/gg/art/2020/art_891208b8af8448f9b37ccf41476d0c13.html,/workspace/purchase_tax_audit/round3/coverage/new_withdrawal_full_enumeration_2020_rows.csv,evt-4acf1c4e44c3c8c5,evt-f69661d3e92c5991
SZS6460A16BEV,新增历史撤销使风险移出,0,1,1,0,0,0,在册（区间口径下的已收集事件）,已撤销（区间口径下的已收集事件）,已撤销（区间口径下的已收集事件）,1,0,0,evt-cb0d59213624d7f9,28,2019-12-10,new-wd28-row-120,666f5befd4f2b67c08d2e2022cb2708007fb89babb38aa5c66b04ffb5702ae10,"{""text_line_1based"": 124, ""row_sequence"": 120, ""model_column_1based"": 3, ""engine"": ""LibreOffice Word97-to-text; 5-column full sequence enumeration""}",https://www.miit.gov.cn/cms_files/filemanager/oldfile/miit/n1146295/n1652858/n1652930/n4509607/c7564229/part/7564256.doc,https://www.miit.gov.cn/zwgk/zcwj/wjfb/gg/art/2020/art_891208b8af8448f9b37ccf41476d0c13.html,/workspace/purchase_tax_audit/round3/coverage/new_withdrawal_full_enumeration_2020_rows.csv,evt-c37df04ebceca577,evt-cb0d59213624d7f9
YGM6370BEV,新增历史撤销使风险移出,0,1,1,0,0,0,在册（区间口径下的已收集事件）,已撤销（区间口径下的已收集事件）,已撤销（区间口径下的已收集事件）,1,0,0,evt-f667310f3e2c5073,2018-05-22独立撤销公告,2018-05-22,new-wd20180522-row-418,f943ccd1e796aba5e16386cf5e0b83e4ec9c6b8f33ba57522dc011d940e89915,"{""text_line_1based"": 422, ""row_sequence"": 418, ""model_column_1based"": 3, ""engine"": ""LibreOffice Word97-to-text; 5-column full sequence enumeration""}",https://www.miit.gov.cn/cms_files/filemanager/oldfile/miit/n1146285/n1146352/n3054355/n3057585/n3057589/c6181659/part/6181674.doc,https://www.miit.gov.cn/jgsj/zbys/gzdt/art/2020/art_c997557027dd4ca7b299a4456467c94d.html,/workspace/purchase_tax_audit/round3/coverage/new_withdrawal_full_enumeration_2020_rows.csv,evt-e7265a44c7a29f08,evt-f667310f3e2c5073
