model_key,config_id,field,earlier_model_key,later_model_key,earlier_observation_version_key,later_observation_version_key,earlier_source_sha256,later_source_sha256,earlier_date,later_date,earlier_raw,later_raw,raw_values_equal,earlier_source_location,later_source_location,cross_tax_recommendation_identity_certified
JL7001SEV02,NC011694,length_mm,JL7001SEV02,JL7001SEV02,rec2022_04|rec2022_04-p82-t1|NC011694,rec2022_12|rec2022_12-p61-t3|NC011694,022b14b038c2f782fc35988b08756c262187f1dccaeccd65edef82af8566a4d2,dae8aac7e9ccbe9c046bc0be62323deddcb91e52ed3fb3202e0fbe0e5e7993e7,2022-05-12,2022-12-30,4730,4730,1,"{""column_1based"": 2, ""page_1based"": 82, ""row_1based"": 2, ""table_0based"": 1, ""value_bbox"": ""[181.06503478065179, 299.9392911883458, 272.501003541791, 311.68681156504624]""}","{""column_1based"": 2, ""page_1based"": 61, ""row_1based"": 2, ""table_0based"": 3, ""value_bbox"": ""[168.82918401227963, 653.806344648237, 263.73078399921684, 664.6086613859576]""}",0
JL7001SEV02,NC011694,width_mm,JL7001SEV02,JL7001SEV02,rec2022_04|rec2022_04-p82-t1|NC011694,rec2022_12|rec2022_12-p61-t3|NC011694,022b14b038c2f782fc35988b08756c262187f1dccaeccd65edef82af8566a4d2,dae8aac7e9ccbe9c046bc0be62323deddcb91e52ed3fb3202e0fbe0e5e7993e7,2022-05-12,2022-12-30,1804,1804,1,"{""column_1based"": 2, ""page_1based"": 82, ""row_1based"": 3, ""table_0based"": 1, ""value_bbox"": ""[181.06503478065179, 311.68681156504624, 272.501003541791, 323.45555984268447]""}","{""column_1based"": 2, ""page_1based"": 61, ""row_1based"": 3, ""table_0based"": 3, ""value_bbox"": ""[168.82918401227963, 664.6086613859576, 263.73078399921684, 675.4304980310511]""}",0
JL7001SEV02,NC011694,height_mm,JL7001SEV02,JL7001SEV02,rec2022_04|rec2022_04-p82-t1|NC011694,rec2022_12|rec2022_12-p61-t3|NC011694,022b14b038c2f782fc35988b08756c262187f1dccaeccd65edef82af8566a4d2,dae8aac7e9ccbe9c046bc0be62323deddcb91e52ed3fb3202e0fbe0e5e7993e7,2022-05-12,2022-12-30,1530,1530,1,"{""column_1based"": 2, ""page_1based"": 82, ""row_1based"": 4, ""table_0based"": 1, ""value_bbox"": ""[181.06503478065179, 323.45555984268447, 272.501003541791, 335.2243081203197]""}","{""column_1based"": 2, ""page_1based"": 61, ""row_1based"": 4, ""table_0based"": 3, ""value_bbox"": ""[168.82918401227963, 675.4304980310511, 263.73078399921684, 686.2523346761403]""}",0
JL7001SEV02,NC011694,total_mass_kg,JL7001SEV02,JL7001SEV02,rec2022_04|rec2022_04-p82-t1|NC011694,rec2022_12|rec2022_12-p61-t3|NC011694,022b14b038c2f782fc35988b08756c262187f1dccaeccd65edef82af8566a4d2,dae8aac7e9ccbe9c046bc0be62323deddcb91e52ed3fb3202e0fbe0e5e7993e7,2022-05-12,2022-12-30,1950,1950,1,"{""column_1based"": 2, ""page_1based"": 82, ""row_1based"": 5, ""table_0based"": 1, ""value_bbox"": ""[181.06503478065179, 335.2243081203197, 272.501003541791, 346.9930563979536]""}","{""column_1based"": 2, ""page_1based"": 61, ""row_1based"": 5, ""table_0based"": 3, ""value_bbox"": ""[168.82918401227963, 686.2523346761403, 263.73078399921684, 697.0741713212325]""}",0
JL7001SEV02,NC011694,curb_mass_kg,JL7001SEV02,JL7001SEV02,rec2022_04|rec2022_04-p82-t1|NC011694,rec2022_12|rec2022_12-p61-t3|NC011694,022b14b038c2f782fc35988b08756c262187f1dccaeccd65edef82af8566a4d2,dae8aac7e9ccbe9c046bc0be62323deddcb91e52ed3fb3202e0fbe0e5e7993e7,2022-05-12,2022-12-30,1575,1575,1,"{""column_1based"": 2, ""page_1based"": 82, ""row_1based"": 6, ""table_0based"": 1, ""value_bbox"": ""[181.06503478065179, 346.9930563979536, 272.501003541791, 358.7618046755888]""}","{""column_1based"": 2, ""page_1based"": 61, ""row_1based"": 6, ""table_0based"": 3, ""value_bbox"": ""[168.82918401227963, 697.0741713212325, 263.73078399921684, 707.8960079663217]""}",0
JL7001SEV02,NC011694,max_speed_kmh,JL7001SEV02,JL7001SEV02,rec2022_04|rec2022_04-p82-t1|NC011694,rec2022_12|rec2022_12-p61-t3|NC011694,022b14b038c2f782fc35988b08756c262187f1dccaeccd65edef82af8566a4d2,dae8aac7e9ccbe9c046bc0be62323deddcb91e52ed3fb3202e0fbe0e5e7993e7,2022-05-12,2022-12-30,130,130,1,"{""column_1based"": 2, ""page_1based"": 82, ""row_1based"": 7, ""table_0based"": 1, ""value_bbox"": ""[181.06503478065179, 358.7618046755888, 272.501003541791, 370.53055295322275]""}","{""column_1based"": 2, ""page_1based"": 61, ""row_1based"": 7, ""table_0based"": 3, ""value_bbox"": ""[168.82918401227963, 707.8960079663217, 263.73078399921684, 718.7178446114109]""}",0
JL7001SEV02,NC011694,max_speed_30min_kmh,JL7001SEV02,JL7001SEV02,rec2022_04|rec2022_04-p82-t1|NC011694,rec2022_12|rec2022_12-p61-t3|NC011694,022b14b038c2f782fc35988b08756c262187f1dccaeccd65edef82af8566a4d2,dae8aac7e9ccbe9c046bc0be62323deddcb91e52ed3fb3202e0fbe0e5e7993e7,2022-05-12,2022-12-30,130,130,1,"{""column_1based"": 2, ""page_1based"": 82, ""row_1based"": 8, ""table_0based"": 1, ""value_bbox"": ""[181.06503478065179, 370.53055295322275, 272.501003541791, 382.299301230861]""}","{""column_1based"": 2, ""page_1based"": 61, ""row_1based"": 8, ""table_0based"": 3, ""value_bbox"": ""[168.82918401227963, 718.7178446114109, 263.73078399921684, 729.5396812565001]""}",0
JL7001SEV02,NC011694,range_km,JL7001SEV02,JL7001SEV02,rec2022_04|rec2022_04-p82-t1|NC011694,rec2022_12|rec2022_12-p61-t3|NC011694,022b14b038c2f782fc35988b08756c262187f1dccaeccd65edef82af8566a4d2,dae8aac7e9ccbe9c046bc0be62323deddcb91e52ed3fb3202e0fbe0e5e7993e7,2022-05-12,2022-12-30,407,407,1,"{""column_1based"": 2, ""page_1based"": 82, ""row_1based"": 9, ""table_0based"": 1, ""value_bbox"": ""[181.06503478065179, 382.299301230861, 272.501003541791, 394.0680495084962]""}","{""column_1based"": 2, ""page_1based"": 61, ""row_1based"": 9, ""table_0based"": 3, ""value_bbox"": ""[168.82918401227963, 729.5396812565001, 263.73078399921684, 740.3615179015893]""}",0
JL7001SEV02,NC011694,density_whkg,JL7001SEV02,JL7001SEV02,rec2022_04|rec2022_04-p82-t1|NC011694,rec2022_12|rec2022_12-p61-t3|NC011694,022b14b038c2f782fc35988b08756c262187f1dccaeccd65edef82af8566a4d2,dae8aac7e9ccbe9c046bc0be62323deddcb91e52ed3fb3202e0fbe0e5e7993e7,2022-05-12,2022-12-30,141.00,141.00,1,"{""column_1based"": 2, ""page_1based"": 82, ""row_1based"": 10, ""table_0based"": 1, ""value_bbox"": ""[181.06503478065179, 394.0680495084962, 272.501003541791, 405.83679778613015]""}","{""column_1based"": 2, ""page_1based"": 61, ""row_1based"": 10, ""table_0based"": 3, ""value_bbox"": ""[168.82918401227963, 740.3615179015893, 263.73078399921684, 751.1833545466828]""}",0
JL7001SEV02,NC011694,consumption_kwh100km,JL7001SEV02,JL7001SEV02,rec2022_04|rec2022_04-p82-t1|NC011694,rec2022_12|rec2022_12-p61-t3|NC011694,022b14b038c2f782fc35988b08756c262187f1dccaeccd65edef82af8566a4d2,dae8aac7e9ccbe9c046bc0be62323deddcb91e52ed3fb3202e0fbe0e5e7993e7,2022-05-12,2022-12-30,13.24,13.24,1,"{""column_1based"": 2, ""page_1based"": 82, ""row_1based"": 11, ""table_0based"": 1, ""value_bbox"": ""[181.06503478065179, 405.83679778613015, 272.501003541791, 428.81387775675404]""}","{""column_1based"": 2, ""page_1based"": 61, ""row_1based"": 11, ""table_0based"": 3, ""value_bbox"": ""[168.82918401227963, 751.1833545466828, 263.73078399921684, 772.3117022823341]""}",0
JL7001SEV02,NC011694,battery_type,JL7001SEV02,JL7001SEV02,rec2022_04|rec2022_04-p82-t1|NC011694,rec2022_12|rec2022_12-p61-t3|NC011694,022b14b038c2f782fc35988b08756c262187f1dccaeccd65edef82af8566a4d2,dae8aac7e9ccbe9c046bc0be62323deddcb91e52ed3fb3202e0fbe0e5e7993e7,2022-05-12,2022-12-30,磷酸铁锂离子蓄电池,磷酸铁锂离子蓄电池,1,"{""column_1based"": 2, ""page_1based"": 82, ""row_1based"": 12, ""table_0based"": 1, ""value_bbox"": ""[181.06503478065179, 428.81387775675404, 272.501003541791, 440.58262603438925]""}","{""column_1based"": 2, ""page_1based"": 61, ""row_1based"": 12, ""table_0based"": 3, ""value_bbox"": ""[168.82918401227963, 772.3117022823341, 263.73078399921684, 783.1335389274233]""}",0
JL7001SEV02,NC011694,motor_type,JL7001SEV02,JL7001SEV02,rec2022_04|rec2022_04-p82-t1|NC011694,rec2022_12|rec2022_12-p61-t3|NC011694,022b14b038c2f782fc35988b08756c262187f1dccaeccd65edef82af8566a4d2,dae8aac7e9ccbe9c046bc0be62323deddcb91e52ed3fb3202e0fbe0e5e7993e7,2022-05-12,2022-12-30,永磁同步电机,永磁同步电机,1,"{""column_1based"": 2, ""page_1based"": 82, ""row_1based"": 13, ""table_0based"": 1, ""value_bbox"": ""[181.06503478065179, 440.58262603438925, 272.501003541791, 452.3513743120232]""}","{""column_1based"": 2, ""page_1based"": 61, ""row_1based"": 13, ""table_0based"": 3, ""value_bbox"": ""[168.82918401227963, 783.1335389274233, 263.73078399921684, 793.9553755725125]""}",0
JL7001SEV02,NC011694,motor_peak,JL7001SEV02,JL7001SEV02,rec2022_04|rec2022_04-p82-t1|NC011694,rec2022_12|rec2022_12-p61-t3|NC011694,022b14b038c2f782fc35988b08756c262187f1dccaeccd65edef82af8566a4d2,dae8aac7e9ccbe9c046bc0be62323deddcb91e52ed3fb3202e0fbe0e5e7993e7,2022-05-12,2022-12-30,100/12000/230,100/12000/230,1,"{""column_1based"": 2, ""page_1based"": 82, ""row_1based"": 14, ""table_0based"": 1, ""value_bbox"": ""[181.06503478065179, 452.3513743120232, 272.501003541791, 475.34968218358097]""}","{""column_1based"": 2, ""page_1based"": 61, ""row_1based"": 14, ""table_0based"": 3, ""value_bbox"": ""[168.82918401227963, 793.9553755725125, 263.73078399921684, 824.14486430862]""}",0
JL7001SEV02,NC017720,length_mm,JL7001SEV02,JL7001SEV02,rec2022_04|rec2022_04-p82-t1|NC017720,rec2022_12|rec2022_12-p61-t3|NC017720,022b14b038c2f782fc35988b08756c262187f1dccaeccd65edef82af8566a4d2,dae8aac7e9ccbe9c046bc0be62323deddcb91e52ed3fb3202e0fbe0e5e7993e7,2022-05-12,2022-12-30,4730,4730,1,"{""column_1based"": 3, ""page_1based"": 82, ""row_1based"": 2, ""table_0based"": 1, ""value_bbox"": ""[272.501003541791, 299.9392911883458, 365.2499483012515, 311.68681156504624]""}","{""column_1based"": 3, ""page_1based"": 61, ""row_1based"": 2, ""table_0based"": 3, ""value_bbox"": ""[263.73078399921684, 653.806344648237, 359.83899991870766, 664.6086613859576]""}",0
JL7001SEV02,NC017720,width_mm,JL7001SEV02,JL7001SEV02,rec2022_04|rec2022_04-p82-t1|NC017720,rec2022_12|rec2022_12-p61-t3|NC017720,022b14b038c2f782fc35988b08756c262187f1dccaeccd65edef82af8566a4d2,dae8aac7e9ccbe9c046bc0be62323deddcb91e52ed3fb3202e0fbe0e5e7993e7,2022-05-12,2022-12-30,1804,1804,1,"{""column_1based"": 3, ""page_1based"": 82, ""row_1based"": 3, ""table_0based"": 1, ""value_bbox"": ""[272.501003541791, 311.68681156504624, 365.2499483012515, 323.45555984268447]""}","{""column_1based"": 3, ""page_1based"": 61, ""row_1based"": 3, ""table_0based"": 3, ""value_bbox"": ""[263.73078399921684, 664.6086613859576, 359.83899991870766, 675.4304980310511]""}",0
JL7001SEV02,NC017720,height_mm,JL7001SEV02,JL7001SEV02,rec2022_04|rec2022_04-p82-t1|NC017720,rec2022_12|rec2022_12-p61-t3|NC017720,022b14b038c2f782fc35988b08756c262187f1dccaeccd65edef82af8566a4d2,dae8aac7e9ccbe9c046bc0be62323deddcb91e52ed3fb3202e0fbe0e5e7993e7,2022-05-12,2022-12-30,1530,1530,1,"{""column_1based"": 3, ""page_1based"": 82, ""row_1based"": 4, ""table_0based"": 1, ""value_bbox"": ""[272.501003541791, 323.45555984268447, 365.2499483012515, 335.2243081203197]""}","{""column_1based"": 3, ""page_1based"": 61, ""row_1based"": 4, ""table_0based"": 3, ""value_bbox"": ""[263.73078399921684, 675.4304980310511, 359.83899991870766, 686.2523346761403]""}",0
JL7001SEV02,NC017720,total_mass_kg,JL7001SEV02,JL7001SEV02,rec2022_04|rec2022_04-p82-t1|NC017720,rec2022_12|rec2022_12-p61-t3|NC017720,022b14b038c2f782fc35988b08756c262187f1dccaeccd65edef82af8566a4d2,dae8aac7e9ccbe9c046bc0be62323deddcb91e52ed3fb3202e0fbe0e5e7993e7,2022-05-12,2022-12-30,1910,1910,1,"{""column_1based"": 3, ""page_1based"": 82, ""row_1based"": 5, ""table_0based"": 1, ""value_bbox"": ""[272.501003541791, 335.2243081203197, 365.2499483012515, 346.9930563979536]""}","{""column_1based"": 3, ""page_1based"": 61, ""row_1based"": 5, ""table_0based"": 3, ""value_bbox"": ""[263.73078399921684, 686.2523346761403, 359.83899991870766, 697.0741713212325]""}",0
JL7001SEV02,NC017720,curb_mass_kg,JL7001SEV02,JL7001SEV02,rec2022_04|rec2022_04-p82-t1|NC017720,rec2022_12|rec2022_12-p61-t3|NC017720,022b14b038c2f782fc35988b08756c262187f1dccaeccd65edef82af8566a4d2,dae8aac7e9ccbe9c046bc0be62323deddcb91e52ed3fb3202e0fbe0e5e7993e7,2022-05-12,2022-12-30,1535,1535,1,"{""column_1based"": 3, ""page_1based"": 82, ""row_1based"": 6, ""table_0based"": 1, ""value_bbox"": ""[272.501003541791, 346.9930563979536, 365.2499483012515, 358.7618046755888]""}","{""column_1based"": 3, ""page_1based"": 61, ""row_1based"": 6, ""table_0based"": 3, ""value_bbox"": ""[263.73078399921684, 697.0741713212325, 359.83899991870766, 707.8960079663217]""}",0
JL7001SEV02,NC017720,max_speed_kmh,JL7001SEV02,JL7001SEV02,rec2022_04|rec2022_04-p82-t1|NC017720,rec2022_12|rec2022_12-p61-t3|NC017720,022b14b038c2f782fc35988b08756c262187f1dccaeccd65edef82af8566a4d2,dae8aac7e9ccbe9c046bc0be62323deddcb91e52ed3fb3202e0fbe0e5e7993e7,2022-05-12,2022-12-30,130,130,1,"{""column_1based"": 3, ""page_1based"": 82, ""row_1based"": 7, ""table_0based"": 1, ""value_bbox"": ""[272.501003541791, 358.7618046755888, 365.2499483012515, 370.53055295322275]""}","{""column_1based"": 3, ""page_1based"": 61, ""row_1based"": 7, ""table_0based"": 3, ""value_bbox"": ""[263.73078399921684, 707.8960079663217, 359.83899991870766, 718.7178446114109]""}",0
JL7001SEV02,NC017720,max_speed_30min_kmh,JL7001SEV02,JL7001SEV02,rec2022_04|rec2022_04-p82-t1|NC017720,rec2022_12|rec2022_12-p61-t3|NC017720,022b14b038c2f782fc35988b08756c262187f1dccaeccd65edef82af8566a4d2,dae8aac7e9ccbe9c046bc0be62323deddcb91e52ed3fb3202e0fbe0e5e7993e7,2022-05-12,2022-12-30,130,130,1,"{""column_1based"": 3, ""page_1based"": 82, ""row_1based"": 8, ""table_0based"": 1, ""value_bbox"": ""[272.501003541791, 370.53055295322275, 365.2499483012515, 382.299301230861]""}","{""column_1based"": 3, ""page_1based"": 61, ""row_1based"": 8, ""table_0based"": 3, ""value_bbox"": ""[263.73078399921684, 718.7178446114109, 359.83899991870766, 729.5396812565001]""}",0
JL7001SEV02,NC017720,range_km,JL7001SEV02,JL7001SEV02,rec2022_04|rec2022_04-p82-t1|NC017720,rec2022_12|rec2022_12-p61-t3|NC017720,022b14b038c2f782fc35988b08756c262187f1dccaeccd65edef82af8566a4d2,dae8aac7e9ccbe9c046bc0be62323deddcb91e52ed3fb3202e0fbe0e5e7993e7,2022-05-12,2022-12-30,415,415,1,"{""column_1based"": 3, ""page_1based"": 82, ""row_1based"": 9, ""table_0based"": 1, ""value_bbox"": ""[272.501003541791, 382.299301230861, 365.2499483012515, 394.0680495084962]""}","{""column_1based"": 3, ""page_1based"": 61, ""row_1based"": 9, ""table_0based"": 3, ""value_bbox"": ""[263.73078399921684, 729.5396812565001, 359.83899991870766, 740.3615179015893]""}",0
JL7001SEV02,NC017720,density_whkg,JL7001SEV02,JL7001SEV02,rec2022_04|rec2022_04-p82-t1|NC017720,rec2022_12|rec2022_12-p61-t3|NC017720,022b14b038c2f782fc35988b08756c262187f1dccaeccd65edef82af8566a4d2,dae8aac7e9ccbe9c046bc0be62323deddcb91e52ed3fb3202e0fbe0e5e7993e7,2022-05-12,2022-12-30,150.00,150.00,1,"{""column_1based"": 3, ""page_1based"": 82, ""row_1based"": 10, ""table_0based"": 1, ""value_bbox"": ""[272.501003541791, 394.0680495084962, 365.2499483012515, 405.83679778613015]""}","{""column_1based"": 3, ""page_1based"": 61, ""row_1based"": 10, ""table_0based"": 3, ""value_bbox"": ""[263.73078399921684, 740.3615179015893, 359.83899991870766, 751.1833545466828]""}",0
JL7001SEV02,NC017720,consumption_kwh100km,JL7001SEV02,JL7001SEV02,rec2022_04|rec2022_04-p82-t1|NC017720,rec2022_12|rec2022_12-p61-t3|NC017720,022b14b038c2f782fc35988b08756c262187f1dccaeccd65edef82af8566a4d2,dae8aac7e9ccbe9c046bc0be62323deddcb91e52ed3fb3202e0fbe0e5e7993e7,2022-05-12,2022-12-30,13.20,13.20,1,"{""column_1based"": 3, ""page_1based"": 82, ""row_1based"": 11, ""table_0based"": 1, ""value_bbox"": ""[272.501003541791, 405.83679778613015, 365.2499483012515, 428.81387775675404]""}","{""column_1based"": 3, ""page_1based"": 61, ""row_1based"": 11, ""table_0based"": 3, ""value_bbox"": ""[263.73078399921684, 751.1833545466828, 359.83899991870766, 772.3117022823341]""}",0
JL7001SEV02,NC017720,battery_type,JL7001SEV02,JL7001SEV02,rec2022_04|rec2022_04-p82-t1|NC017720,rec2022_12|rec2022_12-p61-t3|NC017720,022b14b038c2f782fc35988b08756c262187f1dccaeccd65edef82af8566a4d2,dae8aac7e9ccbe9c046bc0be62323deddcb91e52ed3fb3202e0fbe0e5e7993e7,2022-05-12,2022-12-30,三元锂离子动力电池,三元锂离子动力电池,1,"{""column_1based"": 3, ""page_1based"": 82, ""row_1based"": 12, ""table_0based"": 1, ""value_bbox"": ""[272.501003541791, 428.81387775675404, 365.2499483012515, 440.58262603438925]""}","{""column_1based"": 3, ""page_1based"": 61, ""row_1based"": 12, ""table_0based"": 3, ""value_bbox"": ""[263.73078399921684, 772.3117022823341, 359.83899991870766, 783.1335389274233]""}",0
JL7001SEV02,NC017720,motor_type,JL7001SEV02,JL7001SEV02,rec2022_04|rec2022_04-p82-t1|NC017720,rec2022_12|rec2022_12-p61-t3|NC017720,022b14b038c2f782fc35988b08756c262187f1dccaeccd65edef82af8566a4d2,dae8aac7e9ccbe9c046bc0be62323deddcb91e52ed3fb3202e0fbe0e5e7993e7,2022-05-12,2022-12-30,永磁同步电机,永磁同步电机,1,"{""column_1based"": 3, ""page_1based"": 82, ""row_1based"": 13, ""table_0based"": 1, ""value_bbox"": ""[272.501003541791, 440.58262603438925, 365.2499483012515, 452.3513743120232]""}","{""column_1based"": 3, ""page_1based"": 61, ""row_1based"": 13, ""table_0based"": 3, ""value_bbox"": ""[263.73078399921684, 783.1335389274233, 359.83899991870766, 793.9553755725125]""}",0
JL7001SEV02,NC017720,motor_peak,JL7001SEV02,JL7001SEV02,rec2022_04|rec2022_04-p82-t1|NC017720,rec2022_12|rec2022_12-p61-t3|NC017720,022b14b038c2f782fc35988b08756c262187f1dccaeccd65edef82af8566a4d2,dae8aac7e9ccbe9c046bc0be62323deddcb91e52ed3fb3202e0fbe0e5e7993e7,2022-05-12,2022-12-30,100/12000/230,100/12000/230,1,"{""column_1based"": 3, ""page_1based"": 82, ""row_1based"": 14, ""table_0based"": 1, ""value_bbox"": ""[272.501003541791, 452.3513743120232, 365.2499483012515, 475.34968218358097]""}","{""column_1based"": 3, ""page_1based"": 61, ""row_1based"": 14, ""table_0based"": 3, ""value_bbox"": ""[263.73078399921684, 793.9553755725125, 359.83899991870766, 824.14486430862]""}",0
JL7001SEV02,NC017726,length_mm,JL7001SEV02,JL7001SEV02,rec2022_04|rec2022_04-p82-t1|NC017726,rec2022_12|rec2022_12-p61-t3|NC017726,022b14b038c2f782fc35988b08756c262187f1dccaeccd65edef82af8566a4d2,dae8aac7e9ccbe9c046bc0be62323deddcb91e52ed3fb3202e0fbe0e5e7993e7,2022-05-12,2022-12-30,4730,4730,1,"{""column_1based"": 4, ""page_1based"": 82, ""row_1based"": 2, ""table_0based"": 1, ""value_bbox"": ""[365.2499483012515, 299.9392911883458, 457.43847647606265, 311.68681156504624]""}","{""column_1based"": 4, ""page_1based"": 61, ""row_1based"": 2, ""table_0based"": 3, ""value_bbox"": ""[359.83899991870766, 653.806344648237, 455.4318902836704, 664.6086613859576]""}",0
JL7001SEV02,NC017726,width_mm,JL7001SEV02,JL7001SEV02,rec2022_04|rec2022_04-p82-t1|NC017726,rec2022_12|rec2022_12-p61-t3|NC017726,022b14b038c2f782fc35988b08756c262187f1dccaeccd65edef82af8566a4d2,dae8aac7e9ccbe9c046bc0be62323deddcb91e52ed3fb3202e0fbe0e5e7993e7,2022-05-12,2022-12-30,1804,1804,1,"{""column_1based"": 4, ""page_1based"": 82, ""row_1based"": 3, ""table_0based"": 1, ""value_bbox"": ""[365.2499483012515, 311.68681156504624, 457.43847647606265, 323.45555984268447]""}","{""column_1based"": 4, ""page_1based"": 61, ""row_1based"": 3, ""table_0based"": 3, ""value_bbox"": ""[359.83899991870766, 664.6086613859576, 455.4318902836704, 675.4304980310511]""}",0
JL7001SEV02,NC017726,height_mm,JL7001SEV02,JL7001SEV02,rec2022_04|rec2022_04-p82-t1|NC017726,rec2022_12|rec2022_12-p61-t3|NC017726,022b14b038c2f782fc35988b08756c262187f1dccaeccd65edef82af8566a4d2,dae8aac7e9ccbe9c046bc0be62323deddcb91e52ed3fb3202e0fbe0e5e7993e7,2022-05-12,2022-12-30,1530,1530,1,"{""column_1based"": 4, ""page_1based"": 82, ""row_1based"": 4, ""table_0based"": 1, ""value_bbox"": ""[365.2499483012515, 323.45555984268447, 457.43847647606265, 335.2243081203197]""}","{""column_1based"": 4, ""page_1based"": 61, ""row_1based"": 4, ""table_0based"": 3, ""value_bbox"": ""[359.83899991870766, 675.4304980310511, 455.4318902836704, 686.2523346761403]""}",0
JL7001SEV02,NC017726,total_mass_kg,JL7001SEV02,JL7001SEV02,rec2022_04|rec2022_04-p82-t1|NC017726,rec2022_12|rec2022_12-p61-t3|NC017726,022b14b038c2f782fc35988b08756c262187f1dccaeccd65edef82af8566a4d2,dae8aac7e9ccbe9c046bc0be62323deddcb91e52ed3fb3202e0fbe0e5e7993e7,2022-05-12,2022-12-30,1910,1910,1,"{""column_1based"": 4, ""page_1based"": 82, ""row_1based"": 5, ""table_0based"": 1, ""value_bbox"": ""[365.2499483012515, 335.2243081203197, 457.43847647606265, 346.9930563979536]""}","{""column_1based"": 4, ""page_1based"": 61, ""row_1based"": 5, ""table_0based"": 3, ""value_bbox"": ""[359.83899991870766, 686.2523346761403, 455.4318902836704, 697.0741713212325]""}",0
JL7001SEV02,NC017726,curb_mass_kg,JL7001SEV02,JL7001SEV02,rec2022_04|rec2022_04-p82-t1|NC017726,rec2022_12|rec2022_12-p61-t3|NC017726,022b14b038c2f782fc35988b08756c262187f1dccaeccd65edef82af8566a4d2,dae8aac7e9ccbe9c046bc0be62323deddcb91e52ed3fb3202e0fbe0e5e7993e7,2022-05-12,2022-12-30,1535,1535,1,"{""column_1based"": 4, ""page_1based"": 82, ""row_1based"": 6, ""table_0based"": 1, ""value_bbox"": ""[365.2499483012515, 346.9930563979536, 457.43847647606265, 358.7618046755888]""}","{""column_1based"": 4, ""page_1based"": 61, ""row_1based"": 6, ""table_0based"": 3, ""value_bbox"": ""[359.83899991870766, 697.0741713212325, 455.4318902836704, 707.8960079663217]""}",0
JL7001SEV02,NC017726,max_speed_kmh,JL7001SEV02,JL7001SEV02,rec2022_04|rec2022_04-p82-t1|NC017726,rec2022_12|rec2022_12-p61-t3|NC017726,022b14b038c2f782fc35988b08756c262187f1dccaeccd65edef82af8566a4d2,dae8aac7e9ccbe9c046bc0be62323deddcb91e52ed3fb3202e0fbe0e5e7993e7,2022-05-12,2022-12-30,130,130,1,"{""column_1based"": 4, ""page_1based"": 82, ""row_1based"": 7, ""table_0based"": 1, ""value_bbox"": ""[365.2499483012515, 358.7618046755888, 457.43847647606265, 370.53055295322275]""}","{""column_1based"": 4, ""page_1based"": 61, ""row_1based"": 7, ""table_0based"": 3, ""value_bbox"": ""[359.83899991870766, 707.8960079663217, 455.4318902836704, 718.7178446114109]""}",0
JL7001SEV02,NC017726,max_speed_30min_kmh,JL7001SEV02,JL7001SEV02,rec2022_04|rec2022_04-p82-t1|NC017726,rec2022_12|rec2022_12-p61-t3|NC017726,022b14b038c2f782fc35988b08756c262187f1dccaeccd65edef82af8566a4d2,dae8aac7e9ccbe9c046bc0be62323deddcb91e52ed3fb3202e0fbe0e5e7993e7,2022-05-12,2022-12-30,130,130,1,"{""column_1based"": 4, ""page_1based"": 82, ""row_1based"": 8, ""table_0based"": 1, ""value_bbox"": ""[365.2499483012515, 370.53055295322275, 457.43847647606265, 382.299301230861]""}","{""column_1based"": 4, ""page_1based"": 61, ""row_1based"": 8, ""table_0based"": 3, ""value_bbox"": ""[359.83899991870766, 718.7178446114109, 455.4318902836704, 729.5396812565001]""}",0
JL7001SEV02,NC017726,range_km,JL7001SEV02,JL7001SEV02,rec2022_04|rec2022_04-p82-t1|NC017726,rec2022_12|rec2022_12-p61-t3|NC017726,022b14b038c2f782fc35988b08756c262187f1dccaeccd65edef82af8566a4d2,dae8aac7e9ccbe9c046bc0be62323deddcb91e52ed3fb3202e0fbe0e5e7993e7,2022-05-12,2022-12-30,415,415,1,"{""column_1based"": 4, ""page_1based"": 82, ""row_1based"": 9, ""table_0based"": 1, ""value_bbox"": ""[365.2499483012515, 382.299301230861, 457.43847647606265, 394.0680495084962]""}","{""column_1based"": 4, ""page_1based"": 61, ""row_1based"": 9, ""table_0based"": 3, ""value_bbox"": ""[359.83899991870766, 729.5396812565001, 455.4318902836704, 740.3615179015893]""}",0
JL7001SEV02,NC017726,density_whkg,JL7001SEV02,JL7001SEV02,rec2022_04|rec2022_04-p82-t1|NC017726,rec2022_12|rec2022_12-p61-t3|NC017726,022b14b038c2f782fc35988b08756c262187f1dccaeccd65edef82af8566a4d2,dae8aac7e9ccbe9c046bc0be62323deddcb91e52ed3fb3202e0fbe0e5e7993e7,2022-05-12,2022-12-30,144.00,144.00,1,"{""column_1based"": 4, ""page_1based"": 82, ""row_1based"": 10, ""table_0based"": 1, ""value_bbox"": ""[365.2499483012515, 394.0680495084962, 457.43847647606265, 405.83679778613015]""}","{""column_1based"": 4, ""page_1based"": 61, ""row_1based"": 10, ""table_0based"": 3, ""value_bbox"": ""[359.83899991870766, 740.3615179015893, 455.4318902836704, 751.1833545466828]""}",0
JL7001SEV02,NC017726,consumption_kwh100km,JL7001SEV02,JL7001SEV02,rec2022_04|rec2022_04-p82-t1|NC017726,rec2022_12|rec2022_12-p61-t3|NC017726,022b14b038c2f782fc35988b08756c262187f1dccaeccd65edef82af8566a4d2,dae8aac7e9ccbe9c046bc0be62323deddcb91e52ed3fb3202e0fbe0e5e7993e7,2022-05-12,2022-12-30,13.20,13.20,1,"{""column_1based"": 4, ""page_1based"": 82, ""row_1based"": 11, ""table_0based"": 1, ""value_bbox"": ""[365.2499483012515, 405.83679778613015, 457.43847647606265, 428.81387775675404]""}","{""column_1based"": 4, ""page_1based"": 61, ""row_1based"": 11, ""table_0based"": 3, ""value_bbox"": ""[359.83899991870766, 751.1833545466828, 455.4318902836704, 772.3117022823341]""}",0
JL7001SEV02,NC017726,battery_type,JL7001SEV02,JL7001SEV02,rec2022_04|rec2022_04-p82-t1|NC017726,rec2022_12|rec2022_12-p61-t3|NC017726,022b14b038c2f782fc35988b08756c262187f1dccaeccd65edef82af8566a4d2,dae8aac7e9ccbe9c046bc0be62323deddcb91e52ed3fb3202e0fbe0e5e7993e7,2022-05-12,2022-12-30,元锂离子动力电池,元锂离子动力电池,1,"{""column_1based"": 4, ""page_1based"": 82, ""row_1based"": 12, ""table_0based"": 1, ""value_bbox"": ""[365.2499483012515, 428.81387775675404, 457.43847647606265, 440.58262603438925]""}","{""column_1based"": 4, ""page_1based"": 61, ""row_1based"": 12, ""table_0based"": 3, ""value_bbox"": ""[359.83899991870766, 772.3117022823341, 455.4318902836704, 783.1335389274233]""}",0
JL7001SEV02,NC017726,motor_type,JL7001SEV02,JL7001SEV02,rec2022_04|rec2022_04-p82-t1|NC017726,rec2022_12|rec2022_12-p61-t3|NC017726,022b14b038c2f782fc35988b08756c262187f1dccaeccd65edef82af8566a4d2,dae8aac7e9ccbe9c046bc0be62323deddcb91e52ed3fb3202e0fbe0e5e7993e7,2022-05-12,2022-12-30,永磁同步电机,永磁同步电机,1,"{""column_1based"": 4, ""page_1based"": 82, ""row_1based"": 13, ""table_0based"": 1, ""value_bbox"": ""[365.2499483012515, 440.58262603438925, 457.43847647606265, 452.3513743120232]""}","{""column_1based"": 4, ""page_1based"": 61, ""row_1based"": 13, ""table_0based"": 3, ""value_bbox"": ""[359.83899991870766, 783.1335389274233, 455.4318902836704, 793.9553755725125]""}",0
JL7001SEV02,NC017726,motor_peak,JL7001SEV02,JL7001SEV02,rec2022_04|rec2022_04-p82-t1|NC017726,rec2022_12|rec2022_12-p61-t3|NC017726,022b14b038c2f782fc35988b08756c262187f1dccaeccd65edef82af8566a4d2,dae8aac7e9ccbe9c046bc0be62323deddcb91e52ed3fb3202e0fbe0e5e7993e7,2022-05-12,2022-12-30,100/12000/230,100/12000/230,1,"{""column_1based"": 4, ""page_1based"": 82, ""row_1based"": 14, ""table_0based"": 1, ""value_bbox"": ""[365.2499483012515, 452.3513743120232, 457.43847647606265, 475.34968218358097]""}","{""column_1based"": 4, ""page_1based"": 61, ""row_1based"": 14, ""table_0based"": 3, ""value_bbox"": ""[359.83899991870766, 793.9553755725125, 455.4318902836704, 824.14486430862]""}",0
JL7001SEV02,NC017737,length_mm,JL7001SEV02,JL7001SEV02,rec2022_04|rec2022_04-p82-t1|NC017737,rec2022_12|rec2022_12-p61-t3|NC017737,022b14b038c2f782fc35988b08756c262187f1dccaeccd65edef82af8566a4d2,dae8aac7e9ccbe9c046bc0be62323deddcb91e52ed3fb3202e0fbe0e5e7993e7,2022-05-12,2022-12-30,4730,4730,1,"{""column_1based"": 5, ""page_1based"": 82, ""row_1based"": 2, ""table_0based"": 1, ""value_bbox"": ""[457.43847647606265, 299.9392911883458, 550.4676295278479, 311.68681156504624]""}","{""column_1based"": 5, ""page_1based"": 61, ""row_1based"": 2, ""table_0based"": 3, ""value_bbox"": ""[455.4318902836704, 653.806344648237, 551.7977689804252, 664.6086613859576]""}",0
JL7001SEV02,NC017737,width_mm,JL7001SEV02,JL7001SEV02,rec2022_04|rec2022_04-p82-t1|NC017737,rec2022_12|rec2022_12-p61-t3|NC017737,022b14b038c2f782fc35988b08756c262187f1dccaeccd65edef82af8566a4d2,dae8aac7e9ccbe9c046bc0be62323deddcb91e52ed3fb3202e0fbe0e5e7993e7,2022-05-12,2022-12-30,1804,1804,1,"{""column_1based"": 5, ""page_1based"": 82, ""row_1based"": 3, ""table_0based"": 1, ""value_bbox"": ""[457.43847647606265, 311.68681156504624, 550.4676295278479, 323.45555984268447]""}","{""column_1based"": 5, ""page_1based"": 61, ""row_1based"": 3, ""table_0based"": 3, ""value_bbox"": ""[455.4318902836704, 664.6086613859576, 551.7977689804252, 675.4304980310511]""}",0
JL7001SEV02,NC017737,height_mm,JL7001SEV02,JL7001SEV02,rec2022_04|rec2022_04-p82-t1|NC017737,rec2022_12|rec2022_12-p61-t3|NC017737,022b14b038c2f782fc35988b08756c262187f1dccaeccd65edef82af8566a4d2,dae8aac7e9ccbe9c046bc0be62323deddcb91e52ed3fb3202e0fbe0e5e7993e7,2022-05-12,2022-12-30,1530,1530,1,"{""column_1based"": 5, ""page_1based"": 82, ""row_1based"": 4, ""table_0based"": 1, ""value_bbox"": ""[457.43847647606265, 323.45555984268447, 550.4676295278479, 335.2243081203197]""}","{""column_1based"": 5, ""page_1based"": 61, ""row_1based"": 4, ""table_0based"": 3, ""value_bbox"": ""[455.4318902836704, 675.4304980310511, 551.7977689804252, 686.2523346761403]""}",0
JL7001SEV02,NC017737,total_mass_kg,JL7001SEV02,JL7001SEV02,rec2022_04|rec2022_04-p82-t1|NC017737,rec2022_12|rec2022_12-p61-t3|NC017737,022b14b038c2f782fc35988b08756c262187f1dccaeccd65edef82af8566a4d2,dae8aac7e9ccbe9c046bc0be62323deddcb91e52ed3fb3202e0fbe0e5e7993e7,2022-05-12,2022-12-30,1910,1910,1,"{""column_1based"": 5, ""page_1based"": 82, ""row_1based"": 5, ""table_0based"": 1, ""value_bbox"": ""[457.43847647606265, 335.2243081203197, 550.4676295278479, 346.9930563979536]""}","{""column_1based"": 5, ""page_1based"": 61, ""row_1based"": 5, ""table_0based"": 3, ""value_bbox"": ""[455.4318902836704, 686.2523346761403, 551.7977689804252, 697.0741713212325]""}",0
JL7001SEV02,NC017737,curb_mass_kg,JL7001SEV02,JL7001SEV02,rec2022_04|rec2022_04-p82-t1|NC017737,rec2022_12|rec2022_12-p61-t3|NC017737,022b14b038c2f782fc35988b08756c262187f1dccaeccd65edef82af8566a4d2,dae8aac7e9ccbe9c046bc0be62323deddcb91e52ed3fb3202e0fbe0e5e7993e7,2022-05-12,2022-12-30,1535,1535,1,"{""column_1based"": 5, ""page_1based"": 82, ""row_1based"": 6, ""table_0based"": 1, ""value_bbox"": ""[457.43847647606265, 346.9930563979536, 550.4676295278479, 358.7618046755888]""}","{""column_1based"": 5, ""page_1based"": 61, ""row_1based"": 6, ""table_0based"": 3, ""value_bbox"": ""[455.4318902836704, 697.0741713212325, 551.7977689804252, 707.8960079663217]""}",0
JL7001SEV02,NC017737,max_speed_kmh,JL7001SEV02,JL7001SEV02,rec2022_04|rec2022_04-p82-t1|NC017737,rec2022_12|rec2022_12-p61-t3|NC017737,022b14b038c2f782fc35988b08756c262187f1dccaeccd65edef82af8566a4d2,dae8aac7e9ccbe9c046bc0be62323deddcb91e52ed3fb3202e0fbe0e5e7993e7,2022-05-12,2022-12-30,130,130,1,"{""column_1based"": 5, ""page_1based"": 82, ""row_1based"": 7, ""table_0based"": 1, ""value_bbox"": ""[457.43847647606265, 358.7618046755888, 550.4676295278479, 370.53055295322275]""}","{""column_1based"": 5, ""page_1based"": 61, ""row_1based"": 7, ""table_0based"": 3, ""value_bbox"": ""[455.4318902836704, 707.8960079663217, 551.7977689804252, 718.7178446114109]""}",0
JL7001SEV02,NC017737,max_speed_30min_kmh,JL7001SEV02,JL7001SEV02,rec2022_04|rec2022_04-p82-t1|NC017737,rec2022_12|rec2022_12-p61-t3|NC017737,022b14b038c2f782fc35988b08756c262187f1dccaeccd65edef82af8566a4d2,dae8aac7e9ccbe9c046bc0be62323deddcb91e52ed3fb3202e0fbe0e5e7993e7,2022-05-12,2022-12-30,130,130,1,"{""column_1based"": 5, ""page_1based"": 82, ""row_1based"": 8, ""table_0based"": 1, ""value_bbox"": ""[457.43847647606265, 370.53055295322275, 550.4676295278479, 382.299301230861]""}","{""column_1based"": 5, ""page_1based"": 61, ""row_1based"": 8, ""table_0based"": 3, ""value_bbox"": ""[455.4318902836704, 718.7178446114109, 551.7977689804252, 729.5396812565001]""}",0
JL7001SEV02,NC017737,range_km,JL7001SEV02,JL7001SEV02,rec2022_04|rec2022_04-p82-t1|NC017737,rec2022_12|rec2022_12-p61-t3|NC017737,022b14b038c2f782fc35988b08756c262187f1dccaeccd65edef82af8566a4d2,dae8aac7e9ccbe9c046bc0be62323deddcb91e52ed3fb3202e0fbe0e5e7993e7,2022-05-12,2022-12-30,415,415,1,"{""column_1based"": 5, ""page_1based"": 82, ""row_1based"": 9, ""table_0based"": 1, ""value_bbox"": ""[457.43847647606265, 382.299301230861, 550.4676295278479, 394.0680495084962]""}","{""column_1based"": 5, ""page_1based"": 61, ""row_1based"": 9, ""table_0based"": 3, ""value_bbox"": ""[455.4318902836704, 729.5396812565001, 551.7977689804252, 740.3615179015893]""}",0
JL7001SEV02,NC017737,density_whkg,JL7001SEV02,JL7001SEV02,rec2022_04|rec2022_04-p82-t1|NC017737,rec2022_12|rec2022_12-p61-t3|NC017737,022b14b038c2f782fc35988b08756c262187f1dccaeccd65edef82af8566a4d2,dae8aac7e9ccbe9c046bc0be62323deddcb91e52ed3fb3202e0fbe0e5e7993e7,2022-05-12,2022-12-30,150.00,155.00,0,"{""column_1based"": 5, ""page_1based"": 82, ""row_1based"": 10, ""table_0based"": 1, ""value_bbox"": ""[457.43847647606265, 394.0680495084962, 550.4676295278479, 405.83679778613015]""}","{""column_1based"": 5, ""page_1based"": 61, ""row_1based"": 10, ""table_0based"": 3, ""value_bbox"": ""[455.4318902836704, 740.3615179015893, 551.7977689804252, 751.1833545466828]""}",0
JL7001SEV02,NC017737,consumption_kwh100km,JL7001SEV02,JL7001SEV02,rec2022_04|rec2022_04-p82-t1|NC017737,rec2022_12|rec2022_12-p61-t3|NC017737,022b14b038c2f782fc35988b08756c262187f1dccaeccd65edef82af8566a4d2,dae8aac7e9ccbe9c046bc0be62323deddcb91e52ed3fb3202e0fbe0e5e7993e7,2022-05-12,2022-12-30,13.20,13.20,1,"{""column_1based"": 5, ""page_1based"": 82, ""row_1based"": 11, ""table_0based"": 1, ""value_bbox"": ""[457.43847647606265, 405.83679778613015, 550.4676295278479, 428.81387775675404]""}","{""column_1based"": 5, ""page_1based"": 61, ""row_1based"": 11, ""table_0based"": 3, ""value_bbox"": ""[455.4318902836704, 751.1833545466828, 551.7977689804252, 772.3117022823341]""}",0
JL7001SEV02,NC017737,battery_type,JL7001SEV02,JL7001SEV02,rec2022_04|rec2022_04-p82-t1|NC017737,rec2022_12|rec2022_12-p61-t3|NC017737,022b14b038c2f782fc35988b08756c262187f1dccaeccd65edef82af8566a4d2,dae8aac7e9ccbe9c046bc0be62323deddcb91e52ed3fb3202e0fbe0e5e7993e7,2022-05-12,2022-12-30,离子动力电池,离子动力电池,1,"{""column_1based"": 5, ""page_1based"": 82, ""row_1based"": 12, ""table_0based"": 1, ""value_bbox"": ""[457.43847647606265, 428.81387775675404, 550.4676295278479, 440.58262603438925]""}","{""column_1based"": 5, ""page_1based"": 61, ""row_1based"": 12, ""table_0based"": 3, ""value_bbox"": ""[455.4318902836704, 772.3117022823341, 551.7977689804252, 783.1335389274233]""}",0
JL7001SEV02,NC017737,motor_type,JL7001SEV02,JL7001SEV02,rec2022_04|rec2022_04-p82-t1|NC017737,rec2022_12|rec2022_12-p61-t3|NC017737,022b14b038c2f782fc35988b08756c262187f1dccaeccd65edef82af8566a4d2,dae8aac7e9ccbe9c046bc0be62323deddcb91e52ed3fb3202e0fbe0e5e7993e7,2022-05-12,2022-12-30,永磁同步电机,永磁同步电机,1,"{""column_1based"": 5, ""page_1based"": 82, ""row_1based"": 13, ""table_0based"": 1, ""value_bbox"": ""[457.43847647606265, 440.58262603438925, 550.4676295278479, 452.3513743120232]""}","{""column_1based"": 5, ""page_1based"": 61, ""row_1based"": 13, ""table_0based"": 3, ""value_bbox"": ""[455.4318902836704, 783.1335389274233, 551.7977689804252, 793.9553755725125]""}",0
JL7001SEV02,NC017737,motor_peak,JL7001SEV02,JL7001SEV02,rec2022_04|rec2022_04-p82-t1|NC017737,rec2022_12|rec2022_12-p61-t3|NC017737,022b14b038c2f782fc35988b08756c262187f1dccaeccd65edef82af8566a4d2,dae8aac7e9ccbe9c046bc0be62323deddcb91e52ed3fb3202e0fbe0e5e7993e7,2022-05-12,2022-12-30,100/12000/230,100/12000/230,1,"{""column_1based"": 5, ""page_1based"": 82, ""row_1based"": 14, ""table_0based"": 1, ""value_bbox"": ""[457.43847647606265, 452.3513743120232, 550.4676295278479, 475.34968218358097]""}","{""column_1based"": 5, ""page_1based"": 61, ""row_1based"": 14, ""table_0based"": 3, ""value_bbox"": ""[455.4318902836704, 793.9553755725125, 551.7977689804252, 824.14486430862]""}",0
NEQ7000BEVJ72U,NC009555,length_mm,NEQ7000BEVJ72U,NEQ7000BEVJ72U,rec2022_04|rec2022_04-p101-t3|NC009555,rec2022_12|rec2022_12-p73-t3|NC009555,022b14b038c2f782fc35988b08756c262187f1dccaeccd65edef82af8566a4d2,dae8aac7e9ccbe9c046bc0be62323deddcb91e52ed3fb3202e0fbe0e5e7993e7,2022-05-12,2022-12-30,3200,3200,1,"{""column_1based"": 2, ""page_1based"": 102, ""row_1based"": 1, ""table_0based"": 0, ""value_bbox"": ""[181.15310024395384, 30.90818637935424, 550.4676295278477, 42.639573551339744]""}","{""column_1based"": 2, ""page_1based"": 73, ""row_1based"": 2, ""table_0based"": 3, ""value_bbox"": ""[168.82942728162087, 589.8808941960202, 551.7977689804252, 600.6683758041412]""}",0
NEQ7000BEVJ72U,NC009555,width_mm,NEQ7000BEVJ72U,NEQ7000BEVJ72U,rec2022_04|rec2022_04-p101-t3|NC009555,rec2022_12|rec2022_12-p73-t3|NC009555,022b14b038c2f782fc35988b08756c262187f1dccaeccd65edef82af8566a4d2,dae8aac7e9ccbe9c046bc0be62323deddcb91e52ed3fb3202e0fbe0e5e7993e7,2022-05-12,2022-12-30,1670,1670,1,"{""column_1based"": 2, ""page_1based"": 102, ""row_1based"": 2, ""table_0based"": 0, ""value_bbox"": ""[181.15310024395384, 42.639573551339744, 550.4676295278477, 54.40832182897312]""}","{""column_1based"": 2, ""page_1based"": 73, ""row_1based"": 3, ""table_0based"": 3, ""value_bbox"": ""[168.82942728162087, 600.6683758041412, 551.7977689804252, 611.4902124492328]""}",0
NEQ7000BEVJ72U,NC009555,height_mm,NEQ7000BEVJ72U,NEQ7000BEVJ72U,rec2022_04|rec2022_04-p101-t3|NC009555,rec2022_12|rec2022_12-p73-t3|NC009555,022b14b038c2f782fc35988b08756c262187f1dccaeccd65edef82af8566a4d2,dae8aac7e9ccbe9c046bc0be62323deddcb91e52ed3fb3202e0fbe0e5e7993e7,2022-05-12,2022-12-30,1550/1590,1550/1590,1,"{""column_1based"": 2, ""page_1based"": 102, ""row_1based"": 3, ""table_0based"": 0, ""value_bbox"": ""[181.15310024395384, 54.40832182897312, 550.4676295278477, 66.17707010661134]""}","{""column_1based"": 2, ""page_1based"": 73, ""row_1based"": 4, ""table_0based"": 3, ""value_bbox"": ""[168.82942728162087, 611.4902124492328, 551.7977689804252, 622.312049094322]""}",0
NEQ7000BEVJ72U,NC009555,total_mass_kg,NEQ7000BEVJ72U,NEQ7000BEVJ72U,rec2022_04|rec2022_04-p101-t3|NC009555,rec2022_12|rec2022_12-p73-t3|NC009555,022b14b038c2f782fc35988b08756c262187f1dccaeccd65edef82af8566a4d2,dae8aac7e9ccbe9c046bc0be62323deddcb91e52ed3fb3202e0fbe0e5e7993e7,2022-05-12,2022-12-30,1125/1295,1295,0,"{""column_1based"": 2, ""page_1based"": 102, ""row_1based"": 4, ""table_0based"": 0, ""value_bbox"": ""[181.15310024395384, 66.17707010661134, 550.4676295278477, 77.94581838424956]""}","{""column_1based"": 2, ""page_1based"": 73, ""row_1based"": 5, ""table_0based"": 3, ""value_bbox"": ""[168.82942728162087, 622.312049094322, 551.7977689804252, 633.1338857394112]""}",0
NEQ7000BEVJ72U,NC009555,curb_mass_kg,NEQ7000BEVJ72U,NEQ7000BEVJ72U,rec2022_04|rec2022_04-p101-t3|NC009555,rec2022_12|rec2022_12-p73-t3|NC009555,022b14b038c2f782fc35988b08756c262187f1dccaeccd65edef82af8566a4d2,dae8aac7e9ccbe9c046bc0be62323deddcb91e52ed3fb3202e0fbe0e5e7993e7,2022-05-12,2022-12-30,975/995,945,0,"{""column_1based"": 2, ""page_1based"": 102, ""row_1based"": 5, ""table_0based"": 0, ""value_bbox"": ""[181.15310024395384, 77.94581838424956, 550.4676295278477, 89.71456666188779]""}","{""column_1based"": 2, ""page_1based"": 73, ""row_1based"": 6, ""table_0based"": 3, ""value_bbox"": ""[168.82942728162087, 633.1338857394112, 551.7977689804252, 643.9557223845004]""}",0
NEQ7000BEVJ72U,NC009555,max_speed_kmh,NEQ7000BEVJ72U,NEQ7000BEVJ72U,rec2022_04|rec2022_04-p101-t3|NC009555,rec2022_12|rec2022_12-p73-t3|NC009555,022b14b038c2f782fc35988b08756c262187f1dccaeccd65edef82af8566a4d2,dae8aac7e9ccbe9c046bc0be62323deddcb91e52ed3fb3202e0fbe0e5e7993e7,2022-05-12,2022-12-30,100,100,1,"{""column_1based"": 2, ""page_1based"": 102, ""row_1based"": 6, ""table_0based"": 0, ""value_bbox"": ""[181.15310024395384, 89.71456666188779, 550.4676295278477, 101.48331493951632]""}","{""column_1based"": 2, ""page_1based"": 73, ""row_1based"": 7, ""table_0based"": 3, ""value_bbox"": ""[168.82942728162087, 643.9557223845004, 551.7977689804252, 654.7775590295896]""}",0
NEQ7000BEVJ72U,NC009555,max_speed_30min_kmh,NEQ7000BEVJ72U,NEQ7000BEVJ72U,rec2022_04|rec2022_04-p101-t3|NC009555,rec2022_12|rec2022_12-p73-t3|NC009555,022b14b038c2f782fc35988b08756c262187f1dccaeccd65edef82af8566a4d2,dae8aac7e9ccbe9c046bc0be62323deddcb91e52ed3fb3202e0fbe0e5e7993e7,2022-05-12,2022-12-30,100,100,1,"{""column_1based"": 2, ""page_1based"": 102, ""row_1based"": 7, ""table_0based"": 0, ""value_bbox"": ""[181.15310024395384, 101.48331493951632, 550.4676295278477, 113.25206321714968]""}","{""column_1based"": 2, ""page_1based"": 73, ""row_1based"": 8, ""table_0based"": 3, ""value_bbox"": ""[168.82942728162087, 654.7775590295896, 551.7977689804252, 665.5993956746788]""}",0
NEQ7000BEVJ72U,NC009555,range_km,NEQ7000BEVJ72U,NEQ7000BEVJ72U,rec2022_04|rec2022_04-p101-t3|NC009555,rec2022_12|rec2022_12-p73-t3|NC009555,022b14b038c2f782fc35988b08756c262187f1dccaeccd65edef82af8566a4d2,dae8aac7e9ccbe9c046bc0be62323deddcb91e52ed3fb3202e0fbe0e5e7993e7,2022-05-12,2022-12-30,301,301,1,"{""column_1based"": 2, ""page_1based"": 102, ""row_1based"": 8, ""table_0based"": 0, ""value_bbox"": ""[181.15310024395384, 113.25206321714968, 550.4676295278477, 125.0208114947879]""}","{""column_1based"": 2, ""page_1based"": 73, ""row_1based"": 9, ""table_0based"": 3, ""value_bbox"": ""[168.82942728162087, 665.5993956746788, 551.7977689804252, 676.4212323197729]""}",0
NEQ7000BEVJ72U,NC009555,density_whkg,NEQ7000BEVJ72U,NEQ7000BEVJ72U,rec2022_04|rec2022_04-p101-t3|NC009555,rec2022_12|rec2022_12-p73-t3|NC009555,022b14b038c2f782fc35988b08756c262187f1dccaeccd65edef82af8566a4d2,dae8aac7e9ccbe9c046bc0be62323deddcb91e52ed3fb3202e0fbe0e5e7993e7,2022-05-12,2022-12-30,140.00,140.00,1,"{""column_1based"": 2, ""page_1based"": 102, ""row_1based"": 9, ""table_0based"": 0, ""value_bbox"": ""[181.15310024395384, 125.0208114947879, 550.4676295278477, 136.78955977242614]""}","{""column_1based"": 2, ""page_1based"": 73, ""row_1based"": 10, ""table_0based"": 3, ""value_bbox"": ""[168.82942728162087, 676.4212323197729, 551.7977689804252, 687.2430689648621]""}",0
NEQ7000BEVJ72U,NC009555,consumption_kwh100km,NEQ7000BEVJ72U,NEQ7000BEVJ72U,rec2022_04|rec2022_04-p101-t3|NC009555,rec2022_12|rec2022_12-p73-t3|NC009555,022b14b038c2f782fc35988b08756c262187f1dccaeccd65edef82af8566a4d2,dae8aac7e9ccbe9c046bc0be62323deddcb91e52ed3fb3202e0fbe0e5e7993e7,2022-05-12,2022-12-30,9.40,9.40,1,"{""column_1based"": 2, ""page_1based"": 102, ""row_1based"": 10, ""table_0based"": 0, ""value_bbox"": ""[181.15310024395384, 136.78955977242614, 550.4676295278477, 159.76663974304276]""}","{""column_1based"": 2, ""page_1based"": 73, ""row_1based"": 11, ""table_0based"": 3, ""value_bbox"": ""[168.82942728162087, 687.2430689648621, 551.7977689804252, 708.3714167005128]""}",0
NEQ7000BEVJ72U,NC009555,battery_type,NEQ7000BEVJ72U,NEQ7000BEVJ72U,rec2022_04|rec2022_04-p101-t3|NC009555,rec2022_12|rec2022_12-p73-t3|NC009555,022b14b038c2f782fc35988b08756c262187f1dccaeccd65edef82af8566a4d2,dae8aac7e9ccbe9c046bc0be62323deddcb91e52ed3fb3202e0fbe0e5e7993e7,2022-05-12,2022-12-30,磷酸铁锂蓄电池,磷酸铁锂蓄电池,1,"{""column_1based"": 2, ""page_1based"": 102, ""row_1based"": 11, ""table_0based"": 0, ""value_bbox"": ""[181.15310024395384, 159.76663974304276, 550.4676295278477, 171.53538802068098]""}","{""column_1based"": 2, ""page_1based"": 73, ""row_1based"": 12, ""table_0based"": 3, ""value_bbox"": ""[168.82942728162087, 708.3714167005128, 551.7977689804252, 719.193253345602]""}",0
NEQ7000BEVJ72U,NC009555,motor_type,NEQ7000BEVJ72U,NEQ7000BEVJ72U,rec2022_04|rec2022_04-p101-t3|NC009555,rec2022_12|rec2022_12-p73-t3|NC009555,022b14b038c2f782fc35988b08756c262187f1dccaeccd65edef82af8566a4d2,dae8aac7e9ccbe9c046bc0be62323deddcb91e52ed3fb3202e0fbe0e5e7993e7,2022-05-12,2022-12-30,永磁同步电机,永磁同步电机,1,"{""column_1based"": 2, ""page_1based"": 102, ""row_1based"": 12, ""table_0based"": 0, ""value_bbox"": ""[181.15310024395384, 171.53538802068098, 550.4676295278477, 183.3041362983192]""}","{""column_1based"": 2, ""page_1based"": 73, ""row_1based"": 13, ""table_0based"": 3, ""value_bbox"": ""[168.82942728162087, 719.193253345602, 551.7977689804252, 730.0150899906912]""}",0
NEQ7000BEVJ72U,NC009555,motor_peak,NEQ7000BEVJ72U,NEQ7000BEVJ72U,rec2022_04|rec2022_04-p101-t3|NC009555,rec2022_12|rec2022_12-p73-t3|NC009555,022b14b038c2f782fc35988b08756c262187f1dccaeccd65edef82af8566a4d2,dae8aac7e9ccbe9c046bc0be62323deddcb91e52ed3fb3202e0fbe0e5e7993e7,2022-05-12,2022-12-30,30/2387/120,30/2387/120,1,"{""column_1based"": 2, ""page_1based"": 102, ""row_1based"": 13, ""table_0based"": 0, ""value_bbox"": ""[181.15310024395384, 183.3041362983192, 550.4676295278477, 206.31857737457887]""}","{""column_1based"": 2, ""page_1based"": 73, ""row_1based"": 14, ""table_0based"": 3, ""value_bbox"": ""[168.82942728162087, 730.0150899906912, 551.7977689804252, 751.1777927633154]""}",0
BJ7003NBEV1,NC017385,length_mm,BJ7003NBEV1,BJ7003NBEV1,rec2022_04|rec2022_04-p60-t3|NC017385,rec2022_12|rec2022_12-p78-t4|NC017385,022b14b038c2f782fc35988b08756c262187f1dccaeccd65edef82af8566a4d2,dae8aac7e9ccbe9c046bc0be62323deddcb91e52ed3fb3202e0fbe0e5e7993e7,2022-05-12,2022-12-30,4969,4969,1,"{""column_1based"": 2, ""page_1based"": 60, ""row_1based"": 2, ""table_0based"": 3, ""value_bbox"": ""[181.0648154395228, 722.4601014366924, 550.4676295278479, 734.1914886086828]""}","{""column_1based"": 3, ""page_1based"": 79, ""row_1based"": 1, ""table_0based"": 0, ""value_bbox"": ""[360.0966626959717, 27.967823026659403, 551.7977689804252, 39.49823230922755]""}",0
BJ7003NBEV1,NC017385,width_mm,BJ7003NBEV1,BJ7003NBEV1,rec2022_04|rec2022_04-p60-t3|NC017385,rec2022_12|rec2022_12-p78-t4|NC017385,022b14b038c2f782fc35988b08756c262187f1dccaeccd65edef82af8566a4d2,dae8aac7e9ccbe9c046bc0be62323deddcb91e52ed3fb3202e0fbe0e5e7993e7,2022-05-12,2022-12-30,1906,1906,1,"{""column_1based"": 2, ""page_1based"": 60, ""row_1based"": 3, ""table_0based"": 3, ""value_bbox"": ""[181.0648154395228, 734.1914886086828, 550.4676295278479, 745.9602368863185]""}","{""column_1based"": 3, ""page_1based"": 79, ""row_1based"": 2, ""table_0based"": 0, ""value_bbox"": ""[360.0966626959717, 39.49823230922755, 551.7977689804252, 50.32006895431675]""}",0
BJ7003NBEV1,NC017385,height_mm,BJ7003NBEV1,BJ7003NBEV1,rec2022_04|rec2022_04-p60-t3|NC017385,rec2022_12|rec2022_12-p78-t4|NC017385,022b14b038c2f782fc35988b08756c262187f1dccaeccd65edef82af8566a4d2,dae8aac7e9ccbe9c046bc0be62323deddcb91e52ed3fb3202e0fbe0e5e7993e7,2022-05-12,2022-12-30,1509/1514,1509/1514,1,"{""column_1based"": 2, ""page_1based"": 60, ""row_1based"": 4, ""table_0based"": 3, ""value_bbox"": ""[181.0648154395228, 745.9602368863185, 550.4676295278479, 757.728985163952]""}","{""column_1based"": 3, ""page_1based"": 79, ""row_1based"": 3, ""table_0based"": 0, ""value_bbox"": ""[360.0966626959717, 50.32006895431675, 551.7977689804252, 61.14190559940596]""}",0
BJ7003NBEV1,NC017385,total_mass_kg,BJ7003NBEV1,BJ7003NBEV1,rec2022_04|rec2022_04-p60-t3|NC017385,rec2022_12|rec2022_12-p78-t4|NC017385,022b14b038c2f782fc35988b08756c262187f1dccaeccd65edef82af8566a4d2,dae8aac7e9ccbe9c046bc0be62323deddcb91e52ed3fb3202e0fbe0e5e7993e7,2022-05-12,2022-12-30,2880,2880,1,"{""column_1based"": 2, ""page_1based"": 60, ""row_1based"": 5, ""table_0based"": 3, ""value_bbox"": ""[181.0648154395228, 757.728985163952, 550.4676295278479, 769.4977334415902]""}","{""column_1based"": 3, ""page_1based"": 79, ""row_1based"": 4, ""table_0based"": 0, ""value_bbox"": ""[360.0966626959717, 61.14190559940596, 551.7977689804252, 71.96374224449517]""}",0
BJ7003NBEV1,NC017385,curb_mass_kg,BJ7003NBEV1,BJ7003NBEV1,rec2022_04|rec2022_04-p60-t3|NC017385,rec2022_12|rec2022_12-p78-t4|NC017385,022b14b038c2f782fc35988b08756c262187f1dccaeccd65edef82af8566a4d2,dae8aac7e9ccbe9c046bc0be62323deddcb91e52ed3fb3202e0fbe0e5e7993e7,2022-05-12,2022-12-30,2375,2375,1,"{""column_1based"": 2, ""page_1based"": 60, ""row_1based"": 6, ""table_0based"": 3, ""value_bbox"": ""[181.0648154395228, 769.4977334415902, 550.4676295278479, 781.2664817192259]""}","{""column_1based"": 3, ""page_1based"": 79, ""row_1based"": 5, ""table_0based"": 0, ""value_bbox"": ""[360.0966626959717, 71.96374224449517, 551.7977689804252, 82.78557888958892]""}",0
BJ7003NBEV1,NC017385,max_speed_kmh,BJ7003NBEV1,BJ7003NBEV1,rec2022_04|rec2022_04-p60-t3|NC017385,rec2022_12|rec2022_12-p78-t4|NC017385,022b14b038c2f782fc35988b08756c262187f1dccaeccd65edef82af8566a4d2,dae8aac7e9ccbe9c046bc0be62323deddcb91e52ed3fb3202e0fbe0e5e7993e7,2022-05-12,2022-12-30,180,180,1,"{""column_1based"": 2, ""page_1based"": 60, ""row_1based"": 7, ""table_0based"": 3, ""value_bbox"": ""[181.0648154395228, 781.2664817192259, 550.4676295278479, 793.0352299968594]""}","{""column_1based"": 3, ""page_1based"": 79, ""row_1based"": 6, ""table_0based"": 0, ""value_bbox"": ""[360.0966626959717, 82.78557888958892, 551.7977689804252, 93.60741553467813]""}",0
BJ7003NBEV1,NC017385,max_speed_30min_kmh,BJ7003NBEV1,BJ7003NBEV1,rec2022_04|rec2022_04-p60-t3|NC017385,rec2022_12|rec2022_12-p78-t4|NC017385,022b14b038c2f782fc35988b08756c262187f1dccaeccd65edef82af8566a4d2,dae8aac7e9ccbe9c046bc0be62323deddcb91e52ed3fb3202e0fbe0e5e7993e7,2022-05-12,2022-12-30,180,180,1,"{""column_1based"": 2, ""page_1based"": 60, ""row_1based"": 8, ""table_0based"": 3, ""value_bbox"": ""[181.0648154395228, 793.0352299968594, 550.4676295278479, 804.8039782744976]""}","{""column_1based"": 3, ""page_1based"": 79, ""row_1based"": 7, ""table_0based"": 0, ""value_bbox"": ""[360.0966626959717, 93.60741553467813, 551.7977689804252, 104.42925217977006]""}",0
BJ7003NBEV1,NC017385,range_km,BJ7003NBEV1,BJ7003NBEV1,rec2022_04|rec2022_04-p60-t3|NC017385,rec2022_12|rec2022_12-p78-t4|NC017385,022b14b038c2f782fc35988b08756c262187f1dccaeccd65edef82af8566a4d2,dae8aac7e9ccbe9c046bc0be62323deddcb91e52ed3fb3202e0fbe0e5e7993e7,2022-05-12,2022-12-30,752(CLTC),752(CLTC),1,"{""column_1based"": 2, ""page_1based"": 61, ""row_1based"": 1, ""table_0based"": 0, ""value_bbox"": ""[181.0648154395228, 20.035605437181744, 550.4676295278479, 40.397408012772495]""}","{""column_1based"": 3, ""page_1based"": 79, ""row_1based"": 8, ""table_0based"": 0, ""value_bbox"": ""[360.0966626959717, 104.42925217977006, 551.7977689804252, 115.25108882485927]""}",0
BJ7003NBEV1,NC017385,density_whkg,BJ7003NBEV1,BJ7003NBEV1,rec2022_04|rec2022_04-p60-t3|NC017385,rec2022_12|rec2022_12-p78-t4|NC017385,022b14b038c2f782fc35988b08756c262187f1dccaeccd65edef82af8566a4d2,dae8aac7e9ccbe9c046bc0be62323deddcb91e52ed3fb3202e0fbe0e5e7993e7,2022-05-12,2022-12-30,172.00,172.53,0,"{""column_1based"": 2, ""page_1based"": 61, ""row_1based"": 2, ""table_0based"": 0, ""value_bbox"": ""[181.0648154395228, 40.397408012772495, 550.4676295278479, 52.166156290405866]""}","{""column_1based"": 3, ""page_1based"": 79, ""row_1based"": 9, ""table_0based"": 0, ""value_bbox"": ""[360.0966626959717, 115.25108882485927, 551.7977689804252, 126.07292546994847]""}",0
BJ7003NBEV1,NC017385,consumption_kwh100km,BJ7003NBEV1,BJ7003NBEV1,rec2022_04|rec2022_04-p60-t3|NC017385,rec2022_12|rec2022_12-p78-t4|NC017385,022b14b038c2f782fc35988b08756c262187f1dccaeccd65edef82af8566a4d2,dae8aac7e9ccbe9c046bc0be62323deddcb91e52ed3fb3202e0fbe0e5e7993e7,2022-05-12,2022-12-30,13.7(CLTC),13.7(CLTC),1,"{""column_1based"": 2, ""page_1based"": 61, ""row_1based"": 3, ""table_0based"": 0, ""value_bbox"": ""[181.0648154395228, 52.166156290405866, 550.4676295278479, 75.14323626102976]""}","{""column_1based"": 3, ""page_1based"": 79, ""row_1based"": 10, ""table_0based"": 0, ""value_bbox"": ""[360.0966626959717, 126.07292546994847, 551.7977689804252, 147.2012732056013]""}",0
BJ7003NBEV1,NC017385,battery_type,BJ7003NBEV1,BJ7003NBEV1,rec2022_04|rec2022_04-p60-t3|NC017385,rec2022_12|rec2022_12-p78-t4|NC017385,022b14b038c2f782fc35988b08756c262187f1dccaeccd65edef82af8566a4d2,dae8aac7e9ccbe9c046bc0be62323deddcb91e52ed3fb3202e0fbe0e5e7993e7,2022-05-12,2022-12-30,三元锂蓄电池,三元锂蓄电池,1,"{""column_1based"": 2, ""page_1based"": 61, ""row_1based"": 4, ""table_0based"": 0, ""value_bbox"": ""[181.0648154395228, 75.14323626102976, 550.4676295278479, 86.91198453866555]""}","{""column_1based"": 3, ""page_1based"": 79, ""row_1based"": 11, ""table_0based"": 0, ""value_bbox"": ""[360.0966626959717, 147.2012732056013, 551.7977689804252, 158.0231098506905]""}",0
BJ7003NBEV1,NC017385,motor_type,BJ7003NBEV1,BJ7003NBEV1,rec2022_04|rec2022_04-p60-t3|NC017385,rec2022_12|rec2022_12-p78-t4|NC017385,022b14b038c2f782fc35988b08756c262187f1dccaeccd65edef82af8566a4d2,dae8aac7e9ccbe9c046bc0be62323deddcb91e52ed3fb3202e0fbe0e5e7993e7,2022-05-12,2022-12-30,永磁同步电机,永磁同步电机,1,"{""column_1based"": 2, ""page_1based"": 61, ""row_1based"": 5, ""table_0based"": 0, ""value_bbox"": ""[181.0648154395228, 86.91198453866555, 550.4676295278479, 98.68073281629893]""}","{""column_1based"": 3, ""page_1based"": 79, ""row_1based"": 12, ""table_0based"": 0, ""value_bbox"": ""[360.0966626959717, 158.0231098506905, 551.7977689804252, 168.84494649578244]""}",0
BJ7003NBEV1,NC017385,motor_peak,BJ7003NBEV1,BJ7003NBEV1,rec2022_04|rec2022_04-p60-t3|NC017385,rec2022_12|rec2022_12-p78-t4|NC017385,022b14b038c2f782fc35988b08756c262187f1dccaeccd65edef82af8566a4d2,dae8aac7e9ccbe9c046bc0be62323deddcb91e52ed3fb3202e0fbe0e5e7993e7,2022-05-12,2022-12-30,215/16000/556,215/16000/556,1,"{""column_1based"": 2, ""page_1based"": 61, ""row_1based"": 6, ""table_0based"": 0, ""value_bbox"": ""[181.0648154395228, 98.68073281629893, 550.4676295278479, 121.69517389256632]""}","{""column_1based"": 3, ""page_1based"": 79, ""row_1based"": 13, ""table_0based"": 0, ""value_bbox"": ""[360.0966626959717, 168.84494649578244, 551.7977689804252, 190.00090095756624]""}",0
BJ7003NBEV2,NC017683,length_mm,BJ7003NBEV2,BJ7003NBEV2,rec2022_04|rec2022_04-p61-t1|NC017683,rec2022_12|rec2022_12-p79-t1|NC017683,022b14b038c2f782fc35988b08756c262187f1dccaeccd65edef82af8566a4d2,dae8aac7e9ccbe9c046bc0be62323deddcb91e52ed3fb3202e0fbe0e5e7993e7,2022-05-12,2022-12-30,4969,4969,1,"{""column_1based"": 2, ""page_1based"": 61, ""row_1based"": 2, ""table_0based"": 1, ""value_bbox"": ""[181.06343359040997, 169.33058358775722, 550.4676295278479, 181.06197075974953]""}","{""column_1based"": 2, ""page_1based"": 79, ""row_1based"": 2, ""table_0based"": 1, ""value_bbox"": ""[168.8282977425642, 247.20203751018582, 360.0966626959717, 257.9962674291395]""}",0
BJ7003NBEV2,NC017683,width_mm,BJ7003NBEV2,BJ7003NBEV2,rec2022_04|rec2022_04-p61-t1|NC017683,rec2022_12|rec2022_12-p79-t1|NC017683,022b14b038c2f782fc35988b08756c262187f1dccaeccd65edef82af8566a4d2,dae8aac7e9ccbe9c046bc0be62323deddcb91e52ed3fb3202e0fbe0e5e7993e7,2022-05-12,2022-12-30,1906,1906,1,"{""column_1based"": 2, ""page_1based"": 61, ""row_1based"": 3, ""table_0based"": 1, ""value_bbox"": ""[181.06343359040997, 181.06197075974953, 550.4676295278479, 192.8307190373829]""}","{""column_1based"": 2, ""page_1based"": 79, ""row_1based"": 3, ""table_0based"": 1, ""value_bbox"": ""[168.8282977425642, 257.9962674291395, 360.0966626959717, 268.81810407423325]""}",0
BJ7003NBEV2,NC017683,height_mm,BJ7003NBEV2,BJ7003NBEV2,rec2022_04|rec2022_04-p61-t1|NC017683,rec2022_12|rec2022_12-p79-t1|NC017683,022b14b038c2f782fc35988b08756c262187f1dccaeccd65edef82af8566a4d2,dae8aac7e9ccbe9c046bc0be62323deddcb91e52ed3fb3202e0fbe0e5e7993e7,2022-05-12,2022-12-30,1509/1514,1509/1514,1,"{""column_1based"": 2, ""page_1based"": 61, ""row_1based"": 4, ""table_0based"": 1, ""value_bbox"": ""[181.06343359040997, 192.8307190373829, 550.4676295278479, 204.59946731502112]""}","{""column_1based"": 2, ""page_1based"": 79, ""row_1based"": 4, ""table_0based"": 1, ""value_bbox"": ""[168.8282977425642, 268.81810407423325, 360.0966626959717, 279.63994071932245]""}",0
BJ7003NBEV2,NC017683,total_mass_kg,BJ7003NBEV2,BJ7003NBEV2,rec2022_04|rec2022_04-p61-t1|NC017683,rec2022_12|rec2022_12-p79-t1|NC017683,022b14b038c2f782fc35988b08756c262187f1dccaeccd65edef82af8566a4d2,dae8aac7e9ccbe9c046bc0be62323deddcb91e52ed3fb3202e0fbe0e5e7993e7,2022-05-12,2022-12-30,2880,2880,1,"{""column_1based"": 2, ""page_1based"": 61, ""row_1based"": 5, ""table_0based"": 1, ""value_bbox"": ""[181.06343359040997, 204.59946731502112, 550.4676295278479, 216.36821559265692]""}","{""column_1based"": 2, ""page_1based"": 79, ""row_1based"": 5, ""table_0based"": 1, ""value_bbox"": ""[168.8282977425642, 279.63994071932245, 360.0966626959717, 290.4617773644144]""}",0
BJ7003NBEV2,NC017683,curb_mass_kg,BJ7003NBEV2,BJ7003NBEV2,rec2022_04|rec2022_04-p61-t1|NC017683,rec2022_12|rec2022_12-p79-t1|NC017683,022b14b038c2f782fc35988b08756c262187f1dccaeccd65edef82af8566a4d2,dae8aac7e9ccbe9c046bc0be62323deddcb91e52ed3fb3202e0fbe0e5e7993e7,2022-05-12,2022-12-30,2410,2410,1,"{""column_1based"": 2, ""page_1based"": 61, ""row_1based"": 6, ""table_0based"": 1, ""value_bbox"": ""[181.06343359040997, 216.36821559265692, 550.4676295278479, 228.1369638702903]""}","{""column_1based"": 2, ""page_1based"": 79, ""row_1based"": 6, ""table_0based"": 1, ""value_bbox"": ""[168.8282977425642, 290.4617773644144, 360.0966626959717, 301.2836140095036]""}",0
BJ7003NBEV2,NC017683,max_speed_kmh,BJ7003NBEV2,BJ7003NBEV2,rec2022_04|rec2022_04-p61-t1|NC017683,rec2022_12|rec2022_12-p79-t1|NC017683,022b14b038c2f782fc35988b08756c262187f1dccaeccd65edef82af8566a4d2,dae8aac7e9ccbe9c046bc0be62323deddcb91e52ed3fb3202e0fbe0e5e7993e7,2022-05-12,2022-12-30,180,180,1,"{""column_1based"": 2, ""page_1based"": 61, ""row_1based"": 7, ""table_0based"": 1, ""value_bbox"": ""[181.06343359040997, 228.1369638702903, 550.4676295278479, 239.9057121479261]""}","{""column_1based"": 2, ""page_1based"": 79, ""row_1based"": 7, ""table_0based"": 1, ""value_bbox"": ""[168.8282977425642, 301.2836140095036, 360.0966626959717, 312.1054506545928]""}",0
BJ7003NBEV2,NC017683,max_speed_30min_kmh,BJ7003NBEV2,BJ7003NBEV2,rec2022_04|rec2022_04-p61-t1|NC017683,rec2022_12|rec2022_12-p79-t1|NC017683,022b14b038c2f782fc35988b08756c262187f1dccaeccd65edef82af8566a4d2,dae8aac7e9ccbe9c046bc0be62323deddcb91e52ed3fb3202e0fbe0e5e7993e7,2022-05-12,2022-12-30,180,180,1,"{""column_1based"": 2, ""page_1based"": 61, ""row_1based"": 8, ""table_0based"": 1, ""value_bbox"": ""[181.06343359040997, 239.9057121479261, 550.4676295278479, 251.67446042555946]""}","{""column_1based"": 2, ""page_1based"": 79, ""row_1based"": 8, ""table_0based"": 1, ""value_bbox"": ""[168.8282977425642, 312.1054506545928, 360.0966626959717, 322.927287299682]""}",0
BJ7003NBEV2,NC017683,range_km,BJ7003NBEV2,BJ7003NBEV2,rec2022_04|rec2022_04-p61-t1|NC017683,rec2022_12|rec2022_12-p79-t1|NC017683,022b14b038c2f782fc35988b08756c262187f1dccaeccd65edef82af8566a4d2,dae8aac7e9ccbe9c046bc0be62323deddcb91e52ed3fb3202e0fbe0e5e7993e7,2022-05-12,2022-12-30,717(CLTC),717(CLTC),1,"{""column_1based"": 2, ""page_1based"": 61, ""row_1based"": 9, ""table_0based"": 1, ""value_bbox"": ""[181.06343359040997, 251.67446042555946, 550.4676295278479, 263.4432087031977]""}","{""column_1based"": 2, ""page_1based"": 79, ""row_1based"": 9, ""table_0based"": 1, ""value_bbox"": ""[168.8282977425642, 322.927287299682, 360.0966626959717, 333.7491239447712]""}",0
BJ7003NBEV2,NC017683,density_whkg,BJ7003NBEV2,BJ7003NBEV2,rec2022_04|rec2022_04-p61-t1|NC017683,rec2022_12|rec2022_12-p79-t1|NC017683,022b14b038c2f782fc35988b08756c262187f1dccaeccd65edef82af8566a4d2,dae8aac7e9ccbe9c046bc0be62323deddcb91e52ed3fb3202e0fbe0e5e7993e7,2022-05-12,2022-12-30,172.00,172.53,0,"{""column_1based"": 2, ""page_1based"": 61, ""row_1based"": 10, ""table_0based"": 1, ""value_bbox"": ""[181.06343359040997, 263.4432087031977, 550.4676295278479, 275.21195698083346]""}","{""column_1based"": 2, ""page_1based"": 79, ""row_1based"": 10, ""table_0based"": 1, ""value_bbox"": ""[168.8282977425642, 333.7491239447712, 360.0966626959717, 344.5709605898604]""}",0
BJ7003NBEV2,NC017683,consumption_kwh100km,BJ7003NBEV2,BJ7003NBEV2,rec2022_04|rec2022_04-p61-t1|NC017683,rec2022_12|rec2022_12-p79-t1|NC017683,022b14b038c2f782fc35988b08756c262187f1dccaeccd65edef82af8566a4d2,dae8aac7e9ccbe9c046bc0be62323deddcb91e52ed3fb3202e0fbe0e5e7993e7,2022-05-12,2022-12-30,14.4(CLTC),14.4(CLTC),1,"{""column_1based"": 2, ""page_1based"": 61, ""row_1based"": 11, ""table_0based"": 1, ""value_bbox"": ""[181.06343359040997, 275.21195698083346, 550.4676295278479, 298.1890369514525]""}","{""column_1based"": 2, ""page_1based"": 79, ""row_1based"": 11, ""table_0based"": 1, ""value_bbox"": ""[168.8282977425642, 344.5709605898604, 360.0966626959717, 365.699308325516]""}",0
BJ7003NBEV2,NC017683,battery_type,BJ7003NBEV2,BJ7003NBEV2,rec2022_04|rec2022_04-p61-t1|NC017683,rec2022_12|rec2022_12-p79-t1|NC017683,022b14b038c2f782fc35988b08756c262187f1dccaeccd65edef82af8566a4d2,dae8aac7e9ccbe9c046bc0be62323deddcb91e52ed3fb3202e0fbe0e5e7993e7,2022-05-12,2022-12-30,三元锂蓄电池,三元锂蓄电池,1,"{""column_1based"": 2, ""page_1based"": 61, ""row_1based"": 12, ""table_0based"": 1, ""value_bbox"": ""[181.06343359040997, 298.1890369514525, 550.4676295278479, 309.95778522909075]""}","{""column_1based"": 2, ""page_1based"": 79, ""row_1based"": 12, ""table_0based"": 1, ""value_bbox"": ""[168.8282977425642, 365.699308325516, 360.0966626959717, 376.5211449706052]""}",0
BJ7003NBEV2,NC017683,motor_type,BJ7003NBEV2,BJ7003NBEV2,rec2022_04|rec2022_04-p61-t1|NC017683,rec2022_12|rec2022_12-p79-t1|NC017683,022b14b038c2f782fc35988b08756c262187f1dccaeccd65edef82af8566a4d2,dae8aac7e9ccbe9c046bc0be62323deddcb91e52ed3fb3202e0fbe0e5e7993e7,2022-05-12,2022-12-30,永磁同步电机,永磁同步电机,1,"{""column_1based"": 2, ""page_1based"": 61, ""row_1based"": 13, ""table_0based"": 1, ""value_bbox"": ""[181.06343359040997, 309.95778522909075, 550.4676295278479, 321.7265335067265]""}","{""column_1based"": 2, ""page_1based"": 79, ""row_1based"": 13, ""table_0based"": 1, ""value_bbox"": ""[168.8282977425642, 376.5211449706052, 360.0966626959717, 387.3429816156944]""}",0
BJ7003NBEV2,NC017683,motor_peak,BJ7003NBEV2,BJ7003NBEV2,rec2022_04|rec2022_04-p61-t1|NC017683,rec2022_12|rec2022_12-p79-t1|NC017683,022b14b038c2f782fc35988b08756c262187f1dccaeccd65edef82af8566a4d2,dae8aac7e9ccbe9c046bc0be62323deddcb91e52ed3fb3202e0fbe0e5e7993e7,2022-05-12,2022-12-30,215/16000/556,215/16000/556,1,"{""column_1based"": 2, ""page_1based"": 61, ""row_1based"": 14, ""table_0based"": 1, ""value_bbox"": ""[181.06343359040997, 321.7265335067265, 550.4676295278479, 344.7409745829891]""}","{""column_1based"": 2, ""page_1based"": 79, ""row_1based"": 14, ""table_0based"": 1, ""value_bbox"": ""[168.8282977425642, 387.3429816156944, 360.0966626959717, 408.49893607748237]""}",0
