system,batch,signed_date_registered,signed_date_is_verified,signed_date_conflict,publish_date_exact,publish_date_exact_is_verified,public_date_lower_bound,public_date_upper_bound,date_basis,bound_chronology_assumption,source_url,source_ref,current_upper_bound_page_opened,previous_proxy_date_quarantined,full_historical_first_online_time_verified,this_continuation_primary_page_retrieved,本轮是否重取原页,原页取证阶段,round2_primary_page_retrieved,round2_registered_date_update_applied,round2_primary_html_sha256,round2_publication_metadata_conflict,round2_page_meta_pubdate,round2_page_meta_maketime,round3_registered_date_update_applied,round3_evidence_file,round3_evidence_sha256,round3_page_meta_pubdate,round3_page_meta_maketime,round3_publication_metadata_conflict,round3_other_official_registered_date,round3_date_conflict_explanation
免征目录,1,2014-08-27,1,0,,0,2014-08-27,2014-08-27,官方/政府关联页面登记转载日期上界；不等于首发日,公告公开不早于已核官方落款；未核落款时无下界,https://neimenggu.chinatax.gov.cn/zcwj/zxwj/201809/t20180929_419165.html,turn16view0,1,2014-08-27,0,0,0,沿用上一阶段日期证据；本次目录覆盖续补未重取原页,0,0,,,,,,,,,,,,
免征目录,2,2014-10-29,0,1,2014-10-29,1,2014-10-29,2014-10-29,当前装备中心官方页pubdate与可见发布日期同为2014-10-29；不认证首次上线时刻，落款冲突仍保留,,https://www.miit-eidc.org.cn/art/2014/10/29/art_1536_5799.html,turn34search0,1,2014-10-29,0,1,1,目录覆盖续补v1；v1.1沿用已保存原页，不再次联网,0,0,,,,,,,,,,,,
免征目录,3,2014-12-19,1,0,2014-12-19,1,2014-12-19,2014-12-19,原日期入口已核主管部门公开观察日,,https://www.miit.gov.cn/jgsj/zbys/wjfb/art/2020/art_f1be72e01dc54908997bc44a16fccebf.html,turn53view0,0,2014-12-19,0,0,0,沿用上一阶段日期证据；本次目录覆盖续补未重取原页,0,0,,,,,,,,,,,,
免征目录,4,2015-05-08,1,0,2015-05-08,1,2015-05-08,2015-05-08,原日期入口已核主管部门公开观察日,,https://www.miit.gov.cn/jgsj/zbys/wjfb/art/2020/art_8d26cd21c4894c03af0c4f4029c4aaa5.html,turn90view1,0,2015-05-08,0,0,0,沿用上一阶段日期证据；本次目录覆盖续补未重取原页,0,0,,,,,,,,,,,,
免征目录,5,2015-09-09,1,0,2015-09-11,1,2015-09-11,2015-09-11,原日期入口已核主管部门公开观察日,,https://www.miit.gov.cn/jgsj/zbys/wjfb/art/2020/art_8d50db4fdb504681ab26a87e0c5c335f.html,turn90view2,0,2015-09-09,0,0,0,沿用上一阶段日期证据；本次目录覆盖续补未重取原页,0,0,,,,,,,,,,,,
免征目录,6,2015-11-25,1,0,2015-11-25,1,2015-11-25,2015-11-25,原日期入口已核主管部门公开观察日,,https://www.miit.gov.cn/jgsj/zbys/wjfb/art/2020/art_80fc49f98a2743fca5dcb5fa264bfa39.html,turn53view3,0,2015-11-25,0,0,0,沿用上一阶段日期证据；本次目录覆盖续补未重取原页,0,0,,,,,,,,,,,,
免征目录,7,2016-04-15,1,0,2016-04-15,1,2016-04-15,2016-04-15,原日期入口已核主管部门公开观察日,,https://www.miit.gov.cn/jgsj/zbys/wjfb/art/2020/art_79e98a132d724031b8b58623ca84ee1f.html,turn60view0,0,2016-04-15,0,0,0,沿用上一阶段日期证据；本次目录覆盖续补未重取原页,0,0,,,,,,,,,,,,
免征目录,8,2016-06-16,1,0,2016-06-16,1,2016-06-16,2016-06-16,主管部门现存官方页明确登记公开观察日；不认证历史首次上线时间,,https://www.miit.gov.cn/zwgk/zcwj/wjfb/gg/art/2020/art_4894ed6fe7344ea089f37975b8cc6372.html,/workspace/purchase_tax_audit/round3/dates/batches_1_13/batch_8_miit_gg.html,1,2016-06-16,0,1,1,第3轮官方主管部门缺批登记日期补采,0,0,,,,,1,/workspace/purchase_tax_audit/round3/dates/batches_1_13/batch_8_miit_gg.html,964280edec9782f177f92beb75d4c6e81c2379a0863d9e2ad2c9e6276fa66c6b,2023-05-12 23:27,2026-09-08 20:53:04,1,,
免征目录,9,2016-11-24,1,0,2016-12-06,1,2016-12-06,2016-12-06,主管部门现存官方页明确登记公开观察日；不认证历史首次上线时间,,https://www.miit.gov.cn/zwgk/zcwj/wjfb/gg/art/2020/art_0d2491acc4a149c39d94f0995e065ce5.html,/workspace/purchase_tax_audit/round3/dates/completed_primary/batch9_announcement.html,1,2016-11-24,0,1,1,第3轮官方主管部门缺批登记日期补采,0,0,,,,,1,/workspace/purchase_tax_audit/round3/dates/completed_primary/batch9_announcement.html,72736e4226e30b0b44c4087bbde6ba4ff36bee5170fdd0074a89da65cb3cc806,2023-05-12 23:27,2026-09-08 20:41:40,1,,
免征目录,10,2017-04-27,1,0,2017-04-27,1,2017-04-27,2017-04-27,原日期入口已核主管部门公开观察日,,https://www.miit.gov.cn/jgsj/zbys/wjfb/art/2020/art_1ea08179c25c4f6dad31186f2da3c7e4.html,turn60view1,0,2017-04-27,0,0,0,沿用上一阶段日期证据；本次目录覆盖续补未重取原页,0,0,,,,,,,,,,,,
免征目录,11,2017-07-06,1,0,2017-07-06,1,2017-07-06,2017-07-06,原日期入口已核主管部门公开观察日,,https://www.miit.gov.cn/jgsj/zbys/gzdt/art/2020/art_3a0c3c539ab9440fa434cd78c5643f7b.html,turn90view3,0,2017-07-06,0,0,0,沿用上一阶段日期证据；本次目录覆盖续补未重取原页,0,0,,,,,,,,,,,,
免征目录,12,2017-08-29,1,0,2017-09-05,1,2017-09-05,2017-09-05,主管部门现存官方页明确登记公开观察日；不认证历史首次上线时间,,https://www.miit.gov.cn/zwgk/zcwj/wjfb/gg/art/2020/art_e06ed449b13b49be97209da2d73ba858.html,/workspace/purchase_tax_audit/round3/dates/batches_1_13/batch_12_miit_gg.html,1,2017-08-29,0,1,1,第3轮官方主管部门缺批登记日期补采,0,0,,,,,1,/workspace/purchase_tax_audit/round3/dates/batches_1_13/batch_12_miit_gg.html,df68b4f033a269ac48698ae13ca7340026a4e88ad8e07210da8180a16e208388,2023-05-12 23:27,2025-03-05 14:24:54,1,,
免征目录,13,2017-10-27,1,0,2017-10-30,1,2017-10-30,2017-10-30,主管部门现存官方页明确登记公开观察日；不认证历史首次上线时间,,https://www.miit.gov.cn/zwgk/zcwj/wjfb/gg/art/2020/art_7f81081be82f45628fb8e48e5eda2c6c.html,/workspace/purchase_tax_audit/round3/dates/batches_1_13/batch_13_miit_gg.html,1,2017-10-27,0,1,1,第3轮官方主管部门缺批登记日期补采,0,0,,,,,1,/workspace/purchase_tax_audit/round3/dates/batches_1_13/batch_13_miit_gg.html,4f9b7f531997b282aaec2cf74806b1d7f31ca25fca483cfe06dcd6ea7a2f5d63,2023-05-12 23:27,2024-09-26 13:39:41,1,,
免征目录,14,2017-12-04,1,0,2017-12-05,1,2017-12-05,2017-12-05,原日期入口已核主管部门公开观察日,,https://www.miit.gov.cn/jgsj/zbys/gzdt/art/2020/art_eceb87c1f6b047cb96c98e0c6270d0f1.html,turn60view3,0,2017-12-04,0,0,0,沿用上一阶段日期证据；本次目录覆盖续补未重取原页,0,0,,,,,,,,,,,,
免征目录,15,2017-12-19,1,0,2017-12-19,1,2017-12-19,2017-12-19,主管部门现存官方页明确登记公开观察日；不认证历史首次上线时间,,https://www.miit.gov.cn/zwgk/zcwj/wjfb/gg/art/2020/art_f2dc8105eaa2477c8889cf41df461d54.html,/workspace/purchase_tax_audit/round3/dates/completed_primary/batch15_announcement.html,1,2017-12-19,0,1,1,第3轮官方主管部门缺批登记日期补采,0,0,,,,,1,/workspace/purchase_tax_audit/round3/dates/completed_primary/batch15_announcement.html,58bdb1e7b427060114579ffad961e61395e096b87cf1c071b3f2ea238e4bef3f,2023-05-12 23:27,2026-09-11 09:07:54,1,,
免征目录,16,2018-02-13,1,0,2018-02-13,1,2018-02-13,2018-02-13,原日期入口已核主管部门公开观察日,,https://www.miit.gov.cn/jgsj/zbys/wjfb/art/2020/art_58a1883622454dcca8feefac98013bf5.html,turn61view0,0,2018-02-13,0,0,0,沿用上一阶段日期证据；本次目录覆盖续补未重取原页,0,0,,,,,,,,,,,,
免征目录,17,2018-04-13,1,0,2018-04-16,1,2018-04-16,2018-04-16,原日期入口已核主管部门公开观察日,,https://wap.miit.gov.cn/zwgk/zcwj/wjfb/gg/art/2020/art_ae7936d9404a4c439d0c9cc7de374823.html,turn61view1,0,2018-04-18,0,0,0,沿用上一阶段日期证据；本次目录覆盖续补未重取原页,0,0,,,,,,,,,,,,
免征目录,18,2018-06-19,1,0,2018-06-19,1,2018-06-19,2018-06-19,原日期入口已核主管部门公开观察日,,https://www.miit.gov.cn/jgsj/zbys/wjfb/art/2020/art_5b4fb36bc0ed4f769bfe76a7428d86cc.html,turn61view2,0,2018-06-19,0,0,0,沿用上一阶段日期证据；本次目录覆盖续补未重取原页,0,0,,,,,,,,,,,,
免征目录,19,2018-07-30,1,0,2018-07-31,1,2018-07-31,2018-07-31,主管部门现存官方页明确登记公开观察日；不认证历史首次上线时间,,https://www.miit.gov.cn/zwgk/zcwj/wjfb/gg/art/2020/art_ea889ad4dc414d8394edc59f54dcc197.html,/workspace/purchase_tax_audit/round3/dates/batches_15_23/batch19_gg.html,1,2018-07-30,0,1,1,第3轮官方主管部门缺批登记日期补采,0,0,,,,,1,/workspace/purchase_tax_audit/round3/dates/batches_15_23/batch19_gg.html,688b4b09b02f6c9113790afa5d2e1f54e41adb45bddfba9b6ee72db7413431a7,2023-05-12 23:27,2025-03-28 13:01:01,1,,
免征目录,20,2018-09-17,1,0,2018-09-19,1,2018-09-19,2018-09-19,主管部门现存官方页明确登记公开观察日；不认证历史首次上线时间,,https://www.miit.gov.cn/zwgk/zcwj/wjfb/gg/art/2020/art_62c81fa8bf2743fe977f78d9ef5498db.html,/workspace/purchase_tax_audit/round3/dates/completed_primary/batch20_announcement.html,1,2018-09-17,0,1,1,第3轮官方主管部门缺批登记日期补采,0,0,,,,,1,/workspace/purchase_tax_audit/round3/dates/completed_primary/batch20_announcement.html,667be185739a4627d760ca92c407b08d4060124cde23c976d8dda2d2a10cc2a1,2023-05-12 23:27,2025-03-28 12:59:51,1,,
免征目录,21,2018-11-05,1,0,2018-11-06,1,2018-11-06,2018-11-06,主管部门现存官方页明确登记公开观察日；不认证历史首次上线时间,,https://www.miit.gov.cn/zwgk/zcwj/wjfb/gg/art/2020/art_3a0e67adcbc54e819d5568aea044bd2a.html,/workspace/purchase_tax_audit/round3/dates/batches_15_23/batch21_gg.html,1,2018-11-05,0,1,1,第3轮官方主管部门缺批登记日期补采,0,0,,,,,1,/workspace/purchase_tax_audit/round3/dates/batches_15_23/batch21_gg.html,f50e5531761630d670d0a14fa1ac7acc7cd11e81f34620f2d58b640d3c4d3343,2023-05-12 23:27,2026-09-10 07:26:53,1,,
免征目录,22,2018-12-14,1,0,2018-12-18,1,2018-12-18,2018-12-18,原日期入口已核主管部门公开观察日,,https://wap.miit.gov.cn/zwgk/zcwj/wjfb/gg/art/2020/art_09710103282841b98a5d95f6682caa61.html,turn71view0,0,2018-12-14,0,0,0,沿用上一阶段日期证据；本次目录覆盖续补未重取原页,0,0,,,,,,,,,,,,
免征目录,23,2019-03-11,1,0,2019-03-13,1,2019-03-13,2019-03-13,主管部门现存官方页明确登记公开观察日；不认证历史首次上线时间,,https://www.miit.gov.cn/zwgk/zcwj/wjfb/gg/art/2020/art_f3634936dfbd4b199332a3790b8ade25.html,/workspace/purchase_tax_audit/round3/dates/batches_15_23/batch23_gg.html,1,2019-03-11,0,1,1,第3轮官方主管部门缺批登记日期补采,0,0,,,,,1,/workspace/purchase_tax_audit/round3/dates/batches_15_23/batch23_gg.html,9d288ced4677647042ca37a40ce89388b4be07d9e36e4682d37ef635c5800716,2023-05-12 23:27,2026-09-08 19:52:00,1,,
免征目录,24,2019-04-29,1,0,2019-04-30,1,2019-04-30,2019-04-30,原日期入口已核主管部门公开观察日,,https://wap.miit.gov.cn/zwgk/zcwj/wjfb/gg/art/2020/art_7daf3d83d44b4b1981500b0702564cd6.html,turn71view2,0,2019-04-29,0,0,0,沿用上一阶段日期证据；本次目录覆盖续补未重取原页,0,0,,,,,,,,,,,,
免征目录,25,2019-06-12,1,0,2019-06-12,1,2019-06-12,2019-06-12,主管部门现存官方页明确登记公开观察日；不认证历史首次上线时间,,https://www.miit.gov.cn/zwgk/zcwj/wjfb/gg/art/2020/art_91235426781c4b31a7fa457ff0126e10.html,/workspace/purchase_tax_audit/round3/dates/main_25_31/batch25_primary.html,1,2019-06-12,0,1,1,第3轮官方主管部门缺批登记日期补采,0,0,,,,,1,/workspace/purchase_tax_audit/round3/dates/main_25_31/batch25_primary.html,3e747d8709fcc5b551ca7d589c740217c17cf8a8b7e7e000e72376643079eb47,2023-05-12 23:27,2025-03-28 12:45:37,1,,
免征目录,26,2019-08-30,1,0,2019-08-30,1,2019-08-30,2019-08-30,原日期入口已核主管部门公开观察日,,https://www.miit.gov.cn/jgsj/zbes/gzdt/art/2020/art_2c855955389e44f7af293eac8c46e18f.html,turn71view1,0,2019-08-30,0,0,0,沿用上一阶段日期证据；本次目录覆盖续补未重取原页,0,0,,,,,,,,,,,,
免征目录,27,2019-10-25,1,0,2019-10-25,1,2019-10-25,2019-10-25,主管部门现存官方页明确登记公开观察日；不认证历史首次上线时间,,https://www.miit.gov.cn/jgsj/zbys/gzdt/art/2020/art_9f09e324e0064eb6ac473ff2949f699c.html,/workspace/purchase_tax_audit/round3/dates/main_25_31/batch27_department_primary.html,1,2019-10-25,0,1,1,第3轮官方主管部门缺批登记日期补采,0,0,,,,,1,/workspace/purchase_tax_audit/round3/dates/main_25_31/batch27_department_primary.html,487ee8d98412d454d7ca4ee843f3b099faba21660977b767460709d3e696d2b3,2023-05-12 23:29,2025-01-18 23:17:29,1,2019-10-30,装备工业司工作动态页明确2019-10-25；公告页明确2019-10-30。采用较早主管部门公开观察登记日，保留两页差异。两页目录原件SHA相同且与历史目标一致；撤销附件只有10-25部门页匹历史目标SHA。
免征目录,28,2019-12-06,1,0,2019-12-10,1,2019-12-10,2019-12-10,原日期入口已核主管部门公开观察日,,https://www.miit.gov.cn/zwgk/zcwj/wjfb/gg/art/2020/art_891208b8af8448f9b37ccf41476d0c13.html,turn71view3,0,2019-12-10,0,0,0,沿用上一阶段日期证据；本次目录覆盖续补未重取原页,0,0,,,,,,,,,,,,
免征目录,29,2019-12-25,1,0,2019-12-27,1,2019-12-27,2019-12-27,本轮主管部门原页结构化发布日期及con_time均登记2019-12-27；PubDate元数据登记2023-05-12，冲突保留；不认证最早上线时刻,,https://www.miit.gov.cn/zwgk/zcwj/wjfb/gg/art/2020/art_4081b22322a54680896d5325ef0fe936.html,round2/batch29_primary_live.html:81;con_time:103,1,,0,0,0,沿用上一阶段日期证据；本次目录覆盖续补未重取原页,1,1,be921801ff3bdfe0412bb6db2ba517986cd36d6319ecb71308255b90d4ebb443,1,2023-05-12 23:27,2026-09-08 19:40:59,,,,,,,,
免征目录,30,2020-03-12,1,0,2020-03-13,1,2020-03-13,2020-03-13,主管部门现存官方页明确登记公开观察日；不认证历史首次上线时间,,https://www.miit.gov.cn/zwgk/zcwj/wjfb/gg/art/2020/art_c381d802c32e41c8a392227d224dcbe1.html,/workspace/purchase_tax_audit/round3/dates/main_25_31/batch30_primary.html,1,2020-03-12,0,1,1,第3轮官方主管部门缺批登记日期补采,0,0,,,,,1,/workspace/purchase_tax_audit/round3/dates/main_25_31/batch30_primary.html,922b5f577af93f440c53778948037a916f417bc313a140fac0b46c302f1c9adc,2023-05-12 23:27,2026-09-11 12:36:20,1,,
免征目录,31,2020-04-20,1,0,2020-04-24,1,2020-04-24,2020-04-24,主管部门现存官方页明确登记公开观察日；不认证历史首次上线时间,,https://www.miit.gov.cn/zwgk/zcwj/wjfb/gg/art/2020/art_865ff0307b114be9a87325b20e15f25b.html,/workspace/purchase_tax_audit/round3/dates/main_25_31/batch31_primary.html,1,2020-04-20,0,1,1,第3轮官方主管部门缺批登记日期补采,0,0,,,,,1,/workspace/purchase_tax_audit/round3/dates/main_25_31/batch31_primary.html,7bb45601cb4cba9f3cfd5c44164e6ae5af717f5ece4771e333c5087f3e04b9c7,2023-05-12 23:27,2025-03-28 12:31:20,1,,
免征目录,32,2020-05-26,1,0,2020-06-02,1,2020-06-02,2020-06-02,原日期入口已核主管部门公开观察日,,https://www.miit.gov.cn/zwgk/zcwj/wjfb/gg/art/2020/art_2afa7ec0296544de9d9c3d5b863e8b0a.html,turn69view1,0,2020-06-02,0,0,0,沿用上一阶段日期证据；本次目录覆盖续补未重取原页,0,0,,,,,,,,,,,,
免征目录,33,2020-07-20,1,0,2020-07-21,1,2020-07-21,2020-07-21,原日期入口已核主管部门公开观察日,,https://www.miit.gov.cn/jgsj/zbys/qcgy/art/2020/art_3f583fb6c4434e86ae4060a5abfc4ef2.html,turn69view2,0,2020-07-20,0,0,0,沿用上一阶段日期证据；本次目录覆盖续补未重取原页,0,0,,,,,,,,,,,,
免征目录,34,2020-08-21,1,0,2020-08-24,1,2020-08-24,2020-08-24,原日期入口已核主管部门公开观察日,,https://www.miit.gov.cn/jgsj/zbys/wjfb/art/2020/art_c0045d5656564c3492ca46111ec4d256.html,turn69view0,0,2020-08-21,0,0,0,沿用上一阶段日期证据；本次目录覆盖续补未重取原页,0,0,,,,,,,,,,,,
免征目录,35,2020-09-21,1,0,2020-09-21,1,2020-09-21,2020-09-21,原日期入口已核主管部门公开观察日,,https://www.miit.gov.cn/jgsj/zbys/wjfb/art/2020/art_277539d373c3485ca85bb1de4ddc4a7a.html,turn47view0,0,2020-09-21,0,0,0,沿用上一阶段日期证据；本次目录覆盖续补未重取原页,0,0,,,,,,,,,,,,
免征目录,36,2020-10-30,1,0,2020-10-30,1,2020-10-30,2020-10-30,原日期入口已核主管部门公开观察日,,https://wap.miit.gov.cn/jgsj/zbys/wjfb/art/2020/art_dc4dfa7a4ebd437296da4992eac680f4.html,turn45view3,0,2020-10-30,0,0,0,沿用上一阶段日期证据；本次目录覆盖续补未重取原页,0,0,,,,,,,,,,,,
免征目录,37,2020-11-27,1,0,2020-11-30,1,2020-11-30,2020-11-30,原日期入口已核主管部门公开观察日,,https://www.miit.gov.cn/jgsj/zbys/wjfb/art/2020/art_9ebbb2fe020a4300ab2f212041fcd286.html,turn47view5,0,2020-11-27,0,0,0,沿用上一阶段日期证据；本次目录覆盖续补未重取原页,0,0,,,,,,,,,,,,
免征目录,38,2020-12-30,1,0,2020-12-30,1,2020-12-30,2020-12-30,原日期入口已核主管部门公开观察日,,https://www.miit.gov.cn/jgsj/zbys/wjfb/art/2020/art_0723490874be4704baf061fc66aef6f3.html,turn69view3,0,2020-12-30,0,0,0,沿用上一阶段日期证据；本次目录覆盖续补未重取原页,0,0,,,,,,,,,,,,
免征目录,39,2021-01-29,1,0,2021-01-29,1,2021-01-29,2021-01-29,原日期入口已核主管部门公开观察日,,https://www.miit.gov.cn/jgsj/zbys/wjfb/art/2021/art_4be82679d81046628777685c84782c6c.html,turn45view1,0,2021-01-29,0,0,0,沿用上一阶段日期证据；本次目录覆盖续补未重取原页,0,0,,,,,,,,,,,,
免征目录,40,2021-03-08,1,0,2021-03-08,1,2021-03-08,2021-03-08,原日期入口已核主管部门公开观察日,,https://www.miit.gov.cn/jgsj/zbys/wjfb/art/2021/art_1358737c11dd4dcaa072667db2fd753f.html,turn73view0,0,2021-03-08,0,0,0,沿用上一阶段日期证据；本次目录覆盖续补未重取原页,0,0,,,,,,,,,,,,
免征目录,41,2021-03-31,1,0,2021-03-31,1,2021-03-31,2021-03-31,原日期入口已核主管部门公开观察日,,https://www.miit.gov.cn/jgsj/zbys/wjfb/art/2021/art_04f480d25c724da596f79f8af9f4e7e7.html,turn45view2,0,2021-03-31,0,0,0,沿用上一阶段日期证据；本次目录覆盖续补未重取原页,0,0,,,,,,,,,,,,
免征目录,42,2021-04-30,1,0,2021-04-30,1,2021-04-30,2021-04-30,原日期入口已核主管部门公开观察日,,https://www.miit.gov.cn/jgsj/zbys/wjfb/art/2021/art_4eed56fe116b4042905de407fba7570d.html,turn47view6,0,2021-04-30,0,0,0,沿用上一阶段日期证据；本次目录覆盖续补未重取原页,0,0,,,,,,,,,,,,
免征目录,43,2021-06-11,1,0,2021-06-11,1,2021-06-11,2021-06-11,原日期入口已核主管部门公开观察日,,https://wap.miit.gov.cn/zwgk/zcwj/wjfb/gg/art/2021/art_9200db5898584b88a388e3bdb69cd288.html,turn73view2,0,2021-06-11,0,0,0,沿用上一阶段日期证据；本次目录覆盖续补未重取原页,0,0,,,,,,,,,,,,
免征目录,44,2021-07-12,1,0,2021-07-12,1,2021-07-12,2021-07-12,原日期入口已核主管部门公开观察日,,https://www.miit.gov.cn/jgsj/zbys/wjfb/art/2021/art_eee6a7dd29974a339ee93e0028fef2ab.html,turn45view0,0,2021-07-12,0,0,0,沿用上一阶段日期证据；本次目录覆盖续补未重取原页,0,0,,,,,,,,,,,,
免征目录,45,2021-08-10,1,0,2021-08-10,1,2021-08-10,2021-08-10,原日期入口已核主管部门公开观察日,,https://wap.miit.gov.cn/jgsj/zbys/wjfb/art/2021/art_d8b630b3f85244558f6dce404ef61b88.html,turn73view1,0,2021-08-10,0,0,0,沿用上一阶段日期证据；本次目录覆盖续补未重取原页,0,0,,,,,,,,,,,,
免征目录,46,2021-09-09,1,0,2021-09-10,1,2021-09-10,2021-09-10,原日期入口已核主管部门公开观察日,,https://www.miit.gov.cn/jgsj/zbys/wjfb/art/2021/art_c029455a59b9448b8cad2b3c7750e1dd.html,turn45view4,0,2021-09-09,0,0,0,沿用上一阶段日期证据；本次目录覆盖续补未重取原页,0,0,,,,,,,,,,,,
免征目录,47,2021-09-30,1,0,2021-09-30,1,2021-09-30,2021-09-30,原日期入口已核主管部门公开观察日,,https://wap.miit.gov.cn/jgsj/zbys/wjfb/art/2021/art_6251156c415246c6aea3beb746514341.html,turn47view3,0,2021-09-30,0,0,0,沿用上一阶段日期证据；本次目录覆盖续补未重取原页,0,0,,,,,,,,,,,,
免征目录,48,2021-11-05,1,0,2021-11-05,1,2021-11-05,2021-11-05,原日期入口已核主管部门公开观察日,,https://www.miit.gov.cn/jgsj/zbys/wjfb/art/2021/art_19547aac82ba4c2eb48b230354f6fd1b.html,turn45view5,0,2021-11-05,0,0,0,沿用上一阶段日期证据；本次目录覆盖续补未重取原页,0,0,,,,,,,,,,,,
免征目录,49,2021-12-07,1,0,2021-12-08,1,2021-12-08,2021-12-08,原日期入口已核主管部门公开观察日,,https://www.miit.gov.cn/jgsj/zbys/wjfb/art/2021/art_9f9083a59a934859884f2739926ccce2.html,turn83view3,0,2021-12-07,0,0,0,沿用上一阶段日期证据；本次目录覆盖续补未重取原页,0,0,,,,,,,,,,,,
免征目录,50,2021-12-29,1,0,2021-12-29,1,2021-12-29,2021-12-29,原日期入口已核主管部门公开观察日,,https://wap.miit.gov.cn/jgsj/zbys/wjfb/art/2021/art_5f77c97eab8448c684aa0c879dcbb030.html,turn73view3,0,2021-12-29,0,0,0,沿用上一阶段日期证据；本次目录覆盖续补未重取原页,0,0,,,,,,,,,,,,
免征目录,51,2022-01-29,1,0,2022-01-29,1,2022-01-29,2022-01-29,原日期入口已核主管部门公开观察日,,https://wap.miit.gov.cn/jgsj/zbys/wjfb/art/2022/art_1623f53a7ea44f728d61e566704e3d14.html,turn75view1,0,2022-01-29,0,0,0,沿用上一阶段日期证据；本次目录覆盖续补未重取原页,0,0,,,,,,,,,,,,
免征目录,52,2022-03-08,1,0,2022-03-08,1,2022-03-08,2022-03-08,原日期入口已核主管部门公开观察日,,https://www.miit.gov.cn/jgsj/zbys/wjfb/art/2022/art_4b26c4d1b6864f2886e1369fb8ae221d.html,turn75view0,0,2022-03-08,0,0,0,沿用上一阶段日期证据；本次目录覆盖续补未重取原页,0,0,,,,,,,,,,,,
免征目录,53,2022-04-07,1,0,2022-04-08,1,2022-04-08,2022-04-08,原日期入口已核主管部门公开观察日,,https://www.miit.gov.cn/jgsj/zbys/wjfb/art/2022/art_96ae9db9f80e4260bf602a78b3d16cba.html,turn47view1,0,2022-04-07,0,0,0,沿用上一阶段日期证据；本次目录覆盖续补未重取原页,0,0,,,,,,,,,,,,
免征目录,54,2022-05-11,1,0,2022-05-12,1,2022-05-12,2022-05-12,原日期入口已核主管部门公开观察日,,https://wap.miit.gov.cn/zwgk/zcwj/wjfb/gg/art/2022/art_f0400da20457477ca7b893eeba6ec5a2.html,turn47view4,0,2022-05-11,0,0,0,沿用上一阶段日期证据；本次目录覆盖续补未重取原页,0,0,,,,,,,,,,,,
免征目录,55,2022-06-01,1,0,2022-06-01,1,2022-06-01,2022-06-01,原日期入口已核主管部门公开观察日,,https://www.miit.gov.cn/jgsj/zbys/wjfb/art/2022/art_9f9d4fba20944b6e9db5bd85fd00ae0f.html,turn41view0,0,2022-06-01,0,0,0,沿用上一阶段日期证据；本次目录覆盖续补未重取原页,0,0,,,,,,,,,,,,
免征目录,56,2022-07-08,1,0,2022-07-08,1,2022-07-08,2022-07-08,原日期入口已核主管部门公开观察日,,https://www.miit.gov.cn/jgsj/zbys/wjfb/art/2022/art_9b5637b271c14c0aad67e3df4a067124.html,turn41view1,0,2022-07-08,0,0,0,沿用上一阶段日期证据；本次目录覆盖续补未重取原页,0,0,,,,,,,,,,,,
免征目录,57,2022-08-10,1,0,2022-08-10,1,2022-08-10,2022-08-10,原日期入口已核主管部门公开观察日,,https://www.miit.gov.cn/jgsj/zbys/wjfb/art/2022/art_7dd0698b1895437ba3bedcbc53053fae.html,turn52view0,0,2022-08-10,0,0,0,沿用上一阶段日期证据；本次目录覆盖续补未重取原页,0,0,,,,,,,,,,,,
免征目录,58,2022-09-15,1,0,2022-09-16,1,2022-09-16,2022-09-16,原日期入口已核主管部门公开观察日,,https://www.miit.gov.cn/jgsj/zbys/wjfb/art/2022/art_6dcb03fb79884863aec45b86def9a7cc.html,turn41view2,0,2022-09-16,0,0,0,沿用上一阶段日期证据；本次目录覆盖续补未重取原页,0,0,,,,,,,,,,,,
免征目录,59,2022-10-10,1,0,2022-10-10,1,2022-10-10,2022-10-10,原日期入口已核主管部门公开观察日,,https://www.miit.gov.cn/jgsj/zbys/wjfb/art/2022/art_d9ed7e8307cc44aea71379a6e6034090.html,turn41view3,0,2022-10-10,0,0,0,沿用上一阶段日期证据；本次目录覆盖续补未重取原页,0,0,,,,,,,,,,,,
免征目录,60,2022-11-09,1,0,2022-11-09,1,2022-11-09,2022-11-09,原日期入口已核主管部门公开观察日,,https://www.miit.gov.cn/jgsj/zbys/wjfb/art/2022/art_ceb40d12c7364c73922fe7b253b690d2.html,turn41view4,0,2022-11-09,0,0,0,沿用上一阶段日期证据；本次目录覆盖续补未重取原页,0,0,,,,,,,,,,,,
免征目录,61,2022-12-19,1,0,2022-12-19,1,2022-12-19,2022-12-19,原日期入口已核主管部门公开观察日,,https://www.miit.gov.cn/jgsj/zbys/wjfb/art/2022/art_0077a58668b344f3b3600697985a900d.html,turn41view5,0,2022-12-19,0,0,0,沿用上一阶段日期证据；本次目录覆盖续补未重取原页,0,0,,,,,,,,,,,,
免征目录,62,2023-02-20,1,0,2023-02-20,1,2023-02-20,2023-02-20,原日期入口已核主管部门公开观察日,,https://www.miit.gov.cn/jgsj/zbys/wjfb/art/2023/art_c271ebebca1c45ec84be6bfdc3398875.html,turn52view1,0,2023-02-20,0,0,0,沿用上一阶段日期证据；本次目录覆盖续补未重取原页,0,0,,,,,,,,,,,,
免征目录,63,2023-03-10,1,0,2023-03-10,1,2023-03-10,2023-03-10,原日期入口已核主管部门公开观察日,,https://www.miit.gov.cn/jgsj/zbys/wjfb/art/2023/art_fc94d84beeac4aedaee235d0d141e1a1.html,turn39view0,0,2023-03-10,0,0,0,沿用上一阶段日期证据；本次目录覆盖续补未重取原页,0,0,,,,,,,,,,,,
免征目录,64,2023-04-17,1,0,2023-04-17,1,2023-04-17,2023-04-17,原日期入口已核主管部门公开观察日,,https://wap.miit.gov.cn/jgsj/zbys/wjfb/art/2023/art_f851602893454ab5a365aeb091f9b6de.html,turn47view2,0,2023-04-17,0,0,0,沿用上一阶段日期证据；本次目录覆盖续补未重取原页,0,0,,,,,,,,,,,,
免征目录,65,2023-05-09,1,0,2023-05-09,1,2023-05-09,2023-05-09,原日期入口已核主管部门公开观察日,,https://www.miit.gov.cn/jgsj/zbys/wjfb/art/2023/art_f94518adf9a94ec3ac6d894d987d7c94.html,turn41view7,0,2023-05-09,0,0,0,沿用上一阶段日期证据；本次目录覆盖续补未重取原页,0,0,,,,,,,,,,,,
免征目录,66,2023-06-07,1,0,2023-06-08,1,2023-06-08,2023-06-08,原日期入口已核主管部门公开观察日,,https://www.miit.gov.cn/jgsj/zbys/wjfb/art/2023/art_f452033fcb41433aa300cce2543ef6fb.html,turn52view2,0,2023-06-08,0,0,0,沿用上一阶段日期证据；本次目录覆盖续补未重取原页,0,0,,,,,,,,,,,,
免征目录,67,2023-07-17,1,0,2023-07-17,1,2023-07-17,2023-07-17,原日期入口已核主管部门公开观察日,,https://www.miit.gov.cn/jgsj/zbys/wjfb/art/2023/art_ca2bc775ecad4e949f2c5cbab1ec881b.html,turn39view1,0,2023-07-17,0,0,0,沿用上一阶段日期证据；本次目录覆盖续补未重取原页,0,0,,,,,,,,,,,,
免征目录,68,2023-08-15,1,0,2023-08-16,1,2023-08-16,2023-08-16,原日期入口已核主管部门公开观察日,,https://www.miit.gov.cn/jgsj/zbys/wjfb/art/2023/art_648af0b2c23a410695a731d1ab4314fe.html,turn39view2,0,2023-08-16,0,0,0,沿用上一阶段日期证据；本次目录覆盖续补未重取原页,0,0,,,,,,,,,,,,
免征目录,69,2023-09-13,1,0,2023-09-14,1,2023-09-14,2023-09-14,原日期入口已核主管部门公开观察日,,https://www.miit.gov.cn/jgsj/zbys/wjfb/art/2023/art_0a3c79f3df83440b846ccc46a37e8b3f.html,turn39view3,0,2023-09-14,0,0,0,沿用上一阶段日期证据；本次目录覆盖续补未重取原页,0,0,,,,,,,,,,,,
免征目录,70,2023-10-18,1,0,2023-10-18,1,2023-10-18,2023-10-18,原日期入口已核主管部门公开观察日,,https://www.miit.gov.cn/jgsj/zbys/wjfb/art/2023/art_6e70e18d82744df5ba5124cfce5736b6.html,turn52view3,0,2023-10-18,0,0,0,沿用上一阶段日期证据；本次目录覆盖续补未重取原页,0,0,,,,,,,,,,,,
免征目录,71,2023-11-20,1,0,2023-11-20,1,2023-11-20,2023-11-20,原日期入口已核主管部门公开观察日,,https://www.miit.gov.cn/jgsj/zbys/wjfb/art/2023/art_0c33cb8cfb9f47ca99c8ec78cd577d56.html,turn41view8,0,2023-11-20,0,0,0,沿用上一阶段日期证据；本次目录覆盖续补未重取原页,0,0,,,,,,,,,,,,
免征目录,72,2023-12-12,1,0,2023-12-12,1,2023-12-12,2023-12-12,原日期入口已核主管部门公开观察日,,https://www.miit.gov.cn/jgsj/zbys/wjfb/art/2023/art_1d9d471ad77f4147abc7adfaeac9ab5a.html,turn39view4,0,2023-12-12,0,0,0,沿用上一阶段日期证据；本次目录覆盖续补未重取原页,0,0,,,,,,,,,,,,
免征目录,73,2023-12-26,1,0,2023-12-26,1,2023-12-26,2023-12-26,原日期入口已核主管部门公开观察日,,https://www.miit.gov.cn/jgsj/zbys/wjfb/art/2023/art_fa13c746dd7d4f58b4bb105af0b6e2db.html,turn39view5,0,2023-12-26,0,0,0,沿用上一阶段日期证据；本次目录覆盖续补未重取原页,0,0,,,,,,,,,,,,
减免目录,1,2023-12-26,1,0,2023-12-26,1,2023-12-26,2023-12-26,原日期入口已核主管部门公开观察日,,https://www.miit.gov.cn/jgsj/zbys/wjfb/art/2023/art_fa13c746dd7d4f58b4bb105af0b6e2db.html,turn113view0,0,,0,0,0,沿用上一阶段日期证据；本次目录覆盖续补未重取原页,0,0,,,,,,,,,,,,
减免目录,2,2024-02-04,1,0,2024-02-04,1,2024-02-04,2024-02-04,原日期入口已核主管部门公开观察日,,https://www.miit.gov.cn/jgsj/zbys/wjfb/art/2024/art_daa9350939df4d65907fd5eebaa9e18c.html,turn112view2,0,,0,0,0,沿用上一阶段日期证据；本次目录覆盖续补未重取原页,0,0,,,,,,,,,,,,
减免目录,3,2024-03-08,1,0,2024-03-11,1,2024-03-11,2024-03-11,原日期入口已核主管部门公开观察日,,https://wap.miit.gov.cn/jgsj/zbys/wjfb/art/2024/art_01cc8ae6e0924f7c86e8ed0fa85e7317.html,turn29view0,0,2024-03-11,0,0,0,沿用上一阶段日期证据；本次目录覆盖续补未重取原页,0,0,,,,,,,,,,,,
减免目录,4,2024-04-15,1,0,2024-04-15,1,2024-04-15,2024-04-15,原日期入口已核主管部门公开观察日,,https://www.miit.gov.cn/zwgk/zcwj/wjfb/gg/art/2024/art_5e5407eaa8a74ec89101e7501cdbf77f.html,turn29view1,0,2024-04-15,0,0,0,沿用上一阶段日期证据；本次目录覆盖续补未重取原页,0,0,,,,,,,,,,,,
减免目录,5,2024-05-20,1,0,2024-05-20,1,2024-05-20,2024-05-20,原日期入口已核主管部门公开观察日,,https://www.miit.gov.cn/jgsj/zbys/wjfb/art/2024/art_fd72f646b64943309ecdbe6b8ec9156b.html,turn29view2,0,2024-05-20,0,0,0,沿用上一阶段日期证据；本次目录覆盖续补未重取原页,0,0,,,,,,,,,,,,
减免目录,6,2024-05-31,1,0,2024-05-31,1,2024-05-31,2024-05-31,原日期入口已核主管部门公开观察日,,https://wap.miit.gov.cn/jgsj/zbys/wjfb/gg/art/2024/art_b1d6e07d8be2458bbba1155695d85c22.html,turn25view0,0,2024-05-31,0,0,0,沿用上一阶段日期证据；本次目录覆盖续补未重取原页,0,0,,,,,,,,,,,,
减免目录,7,2024-07-09,1,0,2024-07-09,1,2024-07-09,2024-07-09,原日期入口已核主管部门公开观察日,,https://www.miit.gov.cn/zwgk/zcwj/wjfb/gg/art/2024/art_2b35c8b5e5384e7892e0e6754f40eea0.html,turn30view5,0,2024-07-09,0,0,0,沿用上一阶段日期证据；本次目录覆盖续补未重取原页,0,0,,,,,,,,,,,,
减免目录,8,2024-08-01,1,0,2024-08-02,1,2024-08-02,2024-08-02,原日期入口已核主管部门公开观察日,,https://www.miit.gov.cn/zwgk/zcwj/wjfb/gg/art/2024/art_523f4bdb64814c9fb3776bcb00ec7eb3.html,turn30view4,0,2024-08-02,0,0,0,沿用上一阶段日期证据；本次目录覆盖续补未重取原页,0,0,,,,,,,,,,,,
减免目录,9,2024-09-18,1,0,2024-09-19,1,2024-09-19,2024-09-19,原日期入口已核主管部门公开观察日,,https://www.miit.gov.cn/zwgk/zcwj/wjfb/gg/art/2024/art_e6406ee3d5d748d4b61d106652f5e0f8.html,turn30view3,0,2024-09-19,0,0,0,沿用上一阶段日期证据；本次目录覆盖续补未重取原页,0,0,,,,,,,,,,,,
减免目录,10,2024-10-18,1,0,2024-10-18,1,2024-10-18,2024-10-18,原日期入口已核主管部门公开观察日,,https://www.miit.gov.cn/zwgk/zcwj/wjfb/gg/art/2024/art_e9a6fe292f23488d9a9d89b4ed76386a.html,turn30view2,0,2024-10-18,0,0,0,沿用上一阶段日期证据；本次目录覆盖续补未重取原页,0,0,,,,,,,,,,,,
减免目录,11,2024-11-08,1,0,2024-11-08,1,2024-11-08,2024-11-08,原日期入口已核主管部门公开观察日,,https://www.miit.gov.cn/jgsj/zbys/wjfb/art/2024/art_4597d71782c4413e9ccdd0c67d2f2394.html,turn31view3,0,2024-11-08,0,0,0,沿用上一阶段日期证据；本次目录覆盖续补未重取原页,0,0,,,,,,,,,,,,
减免目录,12,2024-12-04,1,0,2024-12-04,1,2024-12-04,2024-12-04,原日期入口已核主管部门公开观察日,,https://www.miit.gov.cn/zwgk/zcwj/wjfb/gg/art/2024/art_3176a75e2800476d859c1ee34b983e87.html,turn30view1,0,2024-12-04,0,0,0,沿用上一阶段日期证据；本次目录覆盖续补未重取原页,0,0,,,,,,,,,,,,
减免目录,13,2024-12-30,1,0,2024-12-31,1,2024-12-31,2024-12-31,原日期入口已核主管部门公开观察日,,https://www.miit.gov.cn/zwgk/zcwj/wjfb/gg/art/2024/art_68ef9b0e6cba498e8145386dfd646dcd.html,turn30view0,0,2024-12-31,0,0,0,沿用上一阶段日期证据；本次目录覆盖续补未重取原页,0,0,,,,,,,,,,,,
减免目录,14,2025-02-17,1,0,2025-02-17,1,2025-02-17,2025-02-17,原日期入口已核主管部门公开观察日,,https://www.miit.gov.cn/zwgk/zcwj/wjfb/gg/art/2025/art_0fe06f2c93c74ccfbf5336d5503f4d7e.html,turn33view0,0,2025-02-17,0,0,0,沿用上一阶段日期证据；本次目录覆盖续补未重取原页,0,0,,,,,,,,,,,,
减免目录,15,2025-03-13,1,0,2025-03-13,1,2025-03-13,2025-03-13,原日期入口已核主管部门公开观察日,,https://www.miit.gov.cn/zwgk/zcwj/wjfb/gg/art/2025/art_0f7f7507202d4e8f8a0fbf9bf2b3550b.html,turn33view1,0,2025-03-13,0,0,0,沿用上一阶段日期证据；本次目录覆盖续补未重取原页,0,0,,,,,,,,,,,,
减免目录,16,2025-04-14,1,0,2025-04-15,1,2025-04-15,2025-04-15,原日期入口已核主管部门公开观察日,,https://www.miit.gov.cn/zwgk/zcwj/wjfb/gg/art/2025/art_6f9e56a6ef61407b986700ca4331d74b.html,turn33view2,0,2025-04-15,0,0,0,沿用上一阶段日期证据；本次目录覆盖续补未重取原页,0,0,,,,,,,,,,,,
减免目录,17,2025-05-21,1,0,2025-05-21,1,2025-05-21,2025-05-21,原日期入口已核主管部门公开观察日,,https://www.miit.gov.cn/zwgk/zcwj/wjfb/gg/art/2025/art_7c8b46599d0943e7be0f639ffc09cbbb.html,turn33view3,0,2025-05-21,0,0,0,沿用上一阶段日期证据；本次目录覆盖续补未重取原页,0,0,,,,,,,,,,,,
减免目录,18,2025-06-19,1,0,2025-06-19,1,2025-06-19,2025-06-19,原日期入口已核主管部门公开观察日,,https://www.miit.gov.cn/zwgk/zcwj/wjfb/gg/art/2025/art_0fb34312659e43f2aa030c9d503eba52.html,turn32view0,0,2025-06-19,0,0,0,沿用上一阶段日期证据；本次目录覆盖续补未重取原页,0,0,,,,,,,,,,,,
减免目录,19,2025-07-15,1,0,2025-07-15,1,2025-07-15,2025-07-15,原日期入口已核主管部门公开观察日,,https://www.miit.gov.cn/zwgk/zcwj/wjfb/gg/art/2025/art_96b034a00c7f4f3bbd9dcbaba1a3395c.html,turn32view1,0,2025-07-15,0,0,0,沿用上一阶段日期证据；本次目录覆盖续补未重取原页,0,0,,,,,,,,,,,,
减免目录,20,2025-08-07,1,0,2025-08-07,1,2025-08-07,2025-08-07,原日期入口已核主管部门公开观察日,,https://www.miit.gov.cn/zwgk/zcwj/wjfb/gg/art/2025/art_85c046e934a342068622d2bd3c1df6f6.html,turn32view2,0,2025-08-07,0,0,0,沿用上一阶段日期证据；本次目录覆盖续补未重取原页,0,0,,,,,,,,,,,,
减免目录,21,2025-09-08,1,0,2025-09-08,1,2025-09-08,2025-09-08,原日期入口已核主管部门公开观察日,,https://www.miit.gov.cn/zwgk/zcwj/wjfb/gg/art/2025/art_86a38be0d95d45f893bee7831dd75126.html,turn32view3,0,2025-09-08,0,0,0,沿用上一阶段日期证据；本次目录覆盖续补未重取原页,0,0,,,,,,,,,,,,
减免目录,22,2025-10-14,1,0,2025-10-14,1,2025-10-14,2025-10-14,原日期入口已核主管部门公开观察日,,https://www.miit.gov.cn/zwgk/zcwj/wjfb/gg/art/2025/art_37b10f3a05584b0caec576b6f5576764.html,turn31view0,0,2025-10-14,0,0,0,沿用上一阶段日期证据；本次目录覆盖续补未重取原页,0,0,,,,,,,,,,,,
减免目录,23,2025-11-06,1,0,2025-11-07,1,2025-11-07,2025-11-07,原日期入口已核主管部门公开观察日,,https://www.miit.gov.cn/zwgk/zcwj/wjfb/gg/art/2025/art_cd209d4200c84649a46c534c745de428.html,turn31view1,0,2025-11-07,0,0,0,沿用上一阶段日期证据；本次目录覆盖续补未重取原页,0,0,,,,,,,,,,,,
减免目录,24,2025-12-15,1,0,2025-12-15,1,2025-12-15,2025-12-15,原日期入口已核主管部门公开观察日,,https://www.miit.gov.cn/zwgk/zcwj/wjfb/gg/art/2025/art_1eae907f2849401d9aaf8f4da9408f2e.html,turn31view2,0,2025-12-15,0,0,0,沿用上一阶段日期证据；本次目录覆盖续补未重取原页,0,0,,,,,,,,,,,,
