source_file,system,expected_records,enumerated_records,missing_occurrences,extra_occurrences,multiset_equal,read_error,coverage_scope
cat_batch1.doc,减免目录,2441,2441,0,0,1,0,本次归档原件的纯电乘用车小节及减免第三部分撤销；不证明官方来源集合完整
cat_batch10.doc,减免目录,48,48,0,0,1,0,本次归档原件的纯电乘用车小节及减免第三部分撤销；不证明官方来源集合完整
cat_batch11.doc,减免目录,35,35,0,0,1,0,本次归档原件的纯电乘用车小节及减免第三部分撤销；不证明官方来源集合完整
cat_batch12.doc,减免目录,31,31,0,0,1,0,本次归档原件的纯电乘用车小节及减免第三部分撤销；不证明官方来源集合完整
cat_batch13.doc,减免目录,77,77,0,0,1,0,本次归档原件的纯电乘用车小节及减免第三部分撤销；不证明官方来源集合完整
cat_batch14.doc,减免目录,64,64,0,0,1,0,本次归档原件的纯电乘用车小节及减免第三部分撤销；不证明官方来源集合完整
cat_batch15.doc,减免目录,41,41,0,0,1,0,本次归档原件的纯电乘用车小节及减免第三部分撤销；不证明官方来源集合完整
cat_batch16.doc,减免目录,50,50,0,0,1,0,本次归档原件的纯电乘用车小节及减免第三部分撤销；不证明官方来源集合完整
cat_batch17.doc,减免目录,31,31,0,0,1,0,本次归档原件的纯电乘用车小节及减免第三部分撤销；不证明官方来源集合完整
cat_batch18.doc,减免目录,63,63,0,0,1,0,本次归档原件的纯电乘用车小节及减免第三部分撤销；不证明官方来源集合完整
cat_batch19.doc,减免目录,44,44,0,0,1,0,本次归档原件的纯电乘用车小节及减免第三部分撤销；不证明官方来源集合完整
cat_batch2.doc,减免目录,64,64,0,0,1,0,本次归档原件的纯电乘用车小节及减免第三部分撤销；不证明官方来源集合完整
cat_batch20.doc,减免目录,70,70,0,0,1,0,本次归档原件的纯电乘用车小节及减免第三部分撤销；不证明官方来源集合完整
cat_batch21.doc,减免目录,68,68,0,0,1,0,本次归档原件的纯电乘用车小节及减免第三部分撤销；不证明官方来源集合完整
cat_batch22.doc,减免目录,53,53,0,0,1,0,本次归档原件的纯电乘用车小节及减免第三部分撤销；不证明官方来源集合完整
cat_batch23.doc,减免目录,63,63,0,0,1,0,本次归档原件的纯电乘用车小节及减免第三部分撤销；不证明官方来源集合完整
cat_batch24.doc,减免目录,78,78,0,0,1,0,本次归档原件的纯电乘用车小节及减免第三部分撤销；不证明官方来源集合完整
cat_batch3.doc,减免目录,48,48,0,0,1,0,本次归档原件的纯电乘用车小节及减免第三部分撤销；不证明官方来源集合完整
cat_batch4.doc,减免目录,72,72,0,0,1,0,本次归档原件的纯电乘用车小节及减免第三部分撤销；不证明官方来源集合完整
cat_batch5.doc,减免目录,97,97,0,0,1,0,本次归档原件的纯电乘用车小节及减免第三部分撤销；不证明官方来源集合完整
cat_batch6.doc,减免目录,3317,3317,0,0,1,0,本次归档原件的纯电乘用车小节及减免第三部分撤销；不证明官方来源集合完整
cat_batch7.doc,减免目录,81,81,0,0,1,0,本次归档原件的纯电乘用车小节及减免第三部分撤销；不证明官方来源集合完整
cat_batch8.doc,减免目录,51,51,0,0,1,0,本次归档原件的纯电乘用车小节及减免第三部分撤销；不证明官方来源集合完整
cat_batch9.doc,减免目录,36,36,0,0,1,0,本次归档原件的纯电乘用车小节及减免第三部分撤销；不证明官方来源集合完整
mf_batch01.pdf,免征目录,17,17,0,0,1,0,本次归档原件的纯电乘用车小节及减免第三部分撤销；不证明官方来源集合完整
mf_batch02.pdf,免征目录,28,28,0,0,1,0,本次归档原件的纯电乘用车小节及减免第三部分撤销；不证明官方来源集合完整
mf_batch03.pdf,免征目录,12,12,0,0,1,0,本次归档原件的纯电乘用车小节及减免第三部分撤销；不证明官方来源集合完整
mf_batch04.pdf,免征目录,26,26,0,0,1,0,本次归档原件的纯电乘用车小节及减免第三部分撤销；不证明官方来源集合完整
mf_batch05.pdf,免征目录,20,20,0,0,1,0,本次归档原件的纯电乘用车小节及减免第三部分撤销；不证明官方来源集合完整
mf_batch06.pdf,免征目录,38,38,0,0,1,0,本次归档原件的纯电乘用车小节及减免第三部分撤销；不证明官方来源集合完整
mf_batch07.pdf,免征目录,32,32,0,0,1,0,本次归档原件的纯电乘用车小节及减免第三部分撤销；不证明官方来源集合完整
mf_batch08.pdf,免征目录,29,29,0,0,1,0,本次归档原件的纯电乘用车小节及减免第三部分撤销；不证明官方来源集合完整
mf_batch09.pdf,免征目录,73,73,0,0,1,0,本次归档原件的纯电乘用车小节及减免第三部分撤销；不证明官方来源集合完整
mf_batch10.pdf,免征目录,63,63,0,0,1,0,本次归档原件的纯电乘用车小节及减免第三部分撤销；不证明官方来源集合完整
mf_batch11.pdf,免征目录,34,34,0,0,1,0,本次归档原件的纯电乘用车小节及减免第三部分撤销；不证明官方来源集合完整
mf_batch12.pdf,免征目录,50,50,0,0,1,0,本次归档原件的纯电乘用车小节及减免第三部分撤销；不证明官方来源集合完整
mf_batch13.pdf,免征目录,45,45,0,0,1,0,本次归档原件的纯电乘用车小节及减免第三部分撤销；不证明官方来源集合完整
mf_batch14.docx,免征目录,26,26,0,0,1,0,本次归档原件的纯电乘用车小节及减免第三部分撤销；不证明官方来源集合完整
mf_batch15.pdf,免征目录,23,23,0,0,1,0,本次归档原件的纯电乘用车小节及减免第三部分撤销；不证明官方来源集合完整
mf_batch16.docx,免征目录,49,49,0,0,1,0,本次归档原件的纯电乘用车小节及减免第三部分撤销；不证明官方来源集合完整
mf_batch17.pdf,免征目录,45,45,0,0,1,0,本次归档原件的纯电乘用车小节及减免第三部分撤销；不证明官方来源集合完整
mf_batch18.doc,免征目录,70,70,0,0,1,0,本次归档原件的纯电乘用车小节及减免第三部分撤销；不证明官方来源集合完整
mf_batch19.docx,免征目录,61,61,0,0,1,0,本次归档原件的纯电乘用车小节及减免第三部分撤销；不证明官方来源集合完整
mf_batch20.docx,免征目录,85,85,0,0,1,0,本次归档原件的纯电乘用车小节及减免第三部分撤销；不证明官方来源集合完整
mf_batch21.docx,免征目录,32,32,0,0,1,0,本次归档原件的纯电乘用车小节及减免第三部分撤销；不证明官方来源集合完整
mf_batch22.doc,免征目录,62,62,0,0,1,0,本次归档原件的纯电乘用车小节及减免第三部分撤销；不证明官方来源集合完整
mf_batch23.docx,免征目录,68,68,0,0,1,0,本次归档原件的纯电乘用车小节及减免第三部分撤销；不证明官方来源集合完整
mf_batch24.wps,免征目录,95,95,0,0,1,0,本次归档原件的纯电乘用车小节及减免第三部分撤销；不证明官方来源集合完整
mf_batch25.wps,免征目录,95,95,0,0,1,0,本次归档原件的纯电乘用车小节及减免第三部分撤销；不证明官方来源集合完整
mf_batch26.docx,免征目录,83,83,0,0,1,0,本次归档原件的纯电乘用车小节及减免第三部分撤销；不证明官方来源集合完整
mf_batch27.doc,免征目录,61,61,0,0,1,0,本次归档原件的纯电乘用车小节及减免第三部分撤销；不证明官方来源集合完整
mf_batch28.doc,免征目录,21,21,0,0,1,0,本次归档原件的纯电乘用车小节及减免第三部分撤销；不证明官方来源集合完整
mf_batch29.doc,免征目录,27,27,0,0,1,0,本次归档原件的纯电乘用车小节及减免第三部分撤销；不证明官方来源集合完整
mf_batch30.doc,免征目录,77,77,0,0,1,0,本次归档原件的纯电乘用车小节及减免第三部分撤销；不证明官方来源集合完整
mf_batch31.doc,免征目录,27,27,0,0,1,0,本次归档原件的纯电乘用车小节及减免第三部分撤销；不证明官方来源集合完整
mf_batch32.doc,免征目录,49,49,0,0,1,0,本次归档原件的纯电乘用车小节及减免第三部分撤销；不证明官方来源集合完整
mf_batch33.doc,免征目录,78,78,0,0,1,0,本次归档原件的纯电乘用车小节及减免第三部分撤销；不证明官方来源集合完整
mf_batch34.doc,免征目录,52,52,0,0,1,0,本次归档原件的纯电乘用车小节及减免第三部分撤销；不证明官方来源集合完整
mf_batch35.wps,免征目录,33,33,0,0,1,0,本次归档原件的纯电乘用车小节及减免第三部分撤销；不证明官方来源集合完整
mf_batch36.doc,免征目录,29,29,0,0,1,0,本次归档原件的纯电乘用车小节及减免第三部分撤销；不证明官方来源集合完整
mf_batch37.doc,免征目录,38,38,0,0,1,0,本次归档原件的纯电乘用车小节及减免第三部分撤销；不证明官方来源集合完整
mf_batch38.doc,免征目录,32,32,0,0,1,0,本次归档原件的纯电乘用车小节及减免第三部分撤销；不证明官方来源集合完整
mf_batch39.doc,免征目录,35,35,0,0,1,0,本次归档原件的纯电乘用车小节及减免第三部分撤销；不证明官方来源集合完整
mf_batch40.doc,免征目录,25,25,0,0,1,0,本次归档原件的纯电乘用车小节及减免第三部分撤销；不证明官方来源集合完整
mf_batch41.doc,免征目录,35,35,0,0,1,0,本次归档原件的纯电乘用车小节及减免第三部分撤销；不证明官方来源集合完整
mf_batch42.doc,免征目录,50,50,0,0,1,0,本次归档原件的纯电乘用车小节及减免第三部分撤销；不证明官方来源集合完整
mf_batch43.doc,免征目录,16,16,0,0,1,0,本次归档原件的纯电乘用车小节及减免第三部分撤销；不证明官方来源集合完整
mf_batch44.doc,免征目录,53,53,0,0,1,0,本次归档原件的纯电乘用车小节及减免第三部分撤销；不证明官方来源集合完整
mf_batch45.doc,免征目录,53,53,0,0,1,0,本次归档原件的纯电乘用车小节及减免第三部分撤销；不证明官方来源集合完整
mf_batch46.doc,免征目录,63,63,0,0,1,0,本次归档原件的纯电乘用车小节及减免第三部分撤销；不证明官方来源集合完整
mf_batch47.doc,免征目录,48,48,0,0,1,0,本次归档原件的纯电乘用车小节及减免第三部分撤销；不证明官方来源集合完整
mf_batch48.doc,免征目录,51,51,0,0,1,0,本次归档原件的纯电乘用车小节及减免第三部分撤销；不证明官方来源集合完整
mf_batch49.doc,免征目录,26,26,0,0,1,0,本次归档原件的纯电乘用车小节及减免第三部分撤销；不证明官方来源集合完整
mf_batch50.doc,免征目录,51,51,0,0,1,0,本次归档原件的纯电乘用车小节及减免第三部分撤销；不证明官方来源集合完整
mf_batch51.doc,免征目录,24,24,0,0,1,0,本次归档原件的纯电乘用车小节及减免第三部分撤销；不证明官方来源集合完整
mf_batch52.doc,免征目录,20,20,0,0,1,0,本次归档原件的纯电乘用车小节及减免第三部分撤销；不证明官方来源集合完整
mf_batch53.doc,免征目录,35,35,0,0,1,0,本次归档原件的纯电乘用车小节及减免第三部分撤销；不证明官方来源集合完整
mf_batch54.doc,免征目录,54,54,0,0,1,0,本次归档原件的纯电乘用车小节及减免第三部分撤销；不证明官方来源集合完整
mf_batch55.doc,免征目录,41,41,0,0,1,0,本次归档原件的纯电乘用车小节及减免第三部分撤销；不证明官方来源集合完整
mf_batch56.doc,免征目录,46,46,0,0,1,0,本次归档原件的纯电乘用车小节及减免第三部分撤销；不证明官方来源集合完整
mf_batch57.doc,免征目录,43,43,0,0,1,0,本次归档原件的纯电乘用车小节及减免第三部分撤销；不证明官方来源集合完整
mf_batch58.doc,免征目录,23,23,0,0,1,0,本次归档原件的纯电乘用车小节及减免第三部分撤销；不证明官方来源集合完整
mf_batch59.doc,免征目录,66,66,0,0,1,0,本次归档原件的纯电乘用车小节及减免第三部分撤销；不证明官方来源集合完整
mf_batch60.doc,免征目录,34,34,0,0,1,0,本次归档原件的纯电乘用车小节及减免第三部分撤销；不证明官方来源集合完整
mf_batch61.doc,免征目录,57,57,0,0,1,0,本次归档原件的纯电乘用车小节及减免第三部分撤销；不证明官方来源集合完整
mf_batch62.doc,免征目录,74,74,0,0,1,0,本次归档原件的纯电乘用车小节及减免第三部分撤销；不证明官方来源集合完整
mf_batch63.doc,免征目录,37,37,0,0,1,0,本次归档原件的纯电乘用车小节及减免第三部分撤销；不证明官方来源集合完整
mf_batch64.doc,免征目录,40,40,0,0,1,0,本次归档原件的纯电乘用车小节及减免第三部分撤销；不证明官方来源集合完整
mf_batch65.doc,免征目录,49,49,0,0,1,0,本次归档原件的纯电乘用车小节及减免第三部分撤销；不证明官方来源集合完整
mf_batch66.doc,免征目录,35,35,0,0,1,0,本次归档原件的纯电乘用车小节及减免第三部分撤销；不证明官方来源集合完整
mf_batch67.doc,免征目录,34,34,0,0,1,0,本次归档原件的纯电乘用车小节及减免第三部分撤销；不证明官方来源集合完整
mf_batch68.doc,免征目录,42,42,0,0,1,0,本次归档原件的纯电乘用车小节及减免第三部分撤销；不证明官方来源集合完整
mf_batch69.doc,免征目录,83,83,0,0,1,0,本次归档原件的纯电乘用车小节及减免第三部分撤销；不证明官方来源集合完整
mf_batch70.doc,免征目录,46,46,0,0,1,0,本次归档原件的纯电乘用车小节及减免第三部分撤销；不证明官方来源集合完整
mf_batch71.doc,免征目录,61,61,0,0,1,0,本次归档原件的纯电乘用车小节及减免第三部分撤销；不证明官方来源集合完整
mf_batch72.doc,免征目录,46,46,0,0,1,0,本次归档原件的纯电乘用车小节及减免第三部分撤销；不证明官方来源集合完整
mf_batch73.doc,免征目录,60,60,0,0,1,0,本次归档原件的纯电乘用车小节及减免第三部分撤销；不证明官方来源集合完整
