firm_name_as_written_in_recommendation,observed_versions,distinct_model_keys,distinct_config_ids,model_keys,config_ids,range_crossing_36_model_keys,holder,required_material,identity_bridges_received,name_grouping_is_legal_identity_certificate
一汽-大众汽车有限公司,1,1,1,FV6494AA1BEV,NC573180,,原申报整车企业技术/认证部门；企业更名/主体须另核,每个NC配置ID与免征/减免目录具体申报配置ID/版本的正式对应页；电池系统/电机型号及供应商；报告编号、试验工况、日期和标准版本,0,0
上汽大众汽车有限公司,2,2,2,SVW6451AEV | SVW7005AEV,NC490755 | NC496406,,原申报整车企业技术/认证部门；企业更名/主体须另核,每个NC配置ID与免征/减免目录具体申报配置ID/版本的正式对应页；电池系统/电机型号及供应商；报告编号、试验工况、日期和标准版本,0,0
上汽通用五菱汽车股份有限公司,19,10,19,LZW7004EVJDAG | LZW7004EVJDJ | LZW7004EVPKAMB | LZW7005EVA5DBKA | LZW7005EVA5EBK | LZW7005EVA5KBJA | LZW7005EVC1DBKA | LZW7005EVC1EBJ | LZW7005EVC1HBKA | LZW7005EVC2CBM,NC017068 | NC017069 | NC017070 | NC017071 | NC017075 | NC017076 | NC017077 | NC017085 | NC017291 | NC017292 | NC017297 | NC017300 | NC017301 | NC017303 | NC017304 | NC507164 | NC507166 | NC507169 | NC507171,,原申报整车企业技术/认证部门；企业更名/主体须另核,每个NC配置ID与免征/减免目录具体申报配置ID/版本的正式对应页；电池系统/电机型号及供应商；报告编号、试验工况、日期和标准版本,0,0
上海汽车集团股份有限公司,27,18,27,CSA6471FBEV3 | CSA6493YBEV1 | CSA6493YBEV2 | CSA6493YBEV3 | CSA6493YSEV1 | CSA6493YSEV2 | CSA6501LBEV3 | CSA7001KBEV1 | CSA7001KBEV2 | CSA7001KBEV6 | CSA7002FBEV7 | CSA7005DBEV2 | CSA7005DBEV3 | CSA7005DBEV4 | CSA7005DBEV5 | CSA7005DSEV1 | CSA7005DSEV2 | CSA7005DSEV3,NC008563 | NC016887 | NC016961 | NC017125 | NC017134 | NC017135 | NC017193 | NC017202 | NC022709 | NC022775 | NC022784 | NC022964 | NC026334 | NC026367 | NC026484 | NC026487 | NC026489 | NC026492 | NC026493 | NC026495 | NC026496 | NC434810 | NC441304 | NC452100 | NC456537 | NC506191 | NC506932,,原申报整车企业技术/认证部门；企业更名/主体须另核,每个NC配置ID与免征/减免目录具体申报配置ID/版本的正式对应页；电池系统/电机型号及供应商；报告编号、试验工况、日期和标准版本,0,0
东风小康汽车有限公司,3,3,3,DXK6460HF4BEV | DXK7001RD2BEV | DXK7001RD5BEV,NC017128 | NC017138 | NC017180,,原申报整车企业技术/认证部门；企业更名/主体须另核,每个NC配置ID与免征/减免目录具体申报配置ID/版本的正式对应页；电池系统/电机型号及供应商；报告编号、试验工况、日期和标准版本,0,0
东风柳州汽车有限公司,1,1,1,LZ7004SLAEV,NC443307,,原申报整车企业技术/认证部门；企业更名/主体须另核,每个NC配置ID与免征/减免目录具体申报配置ID/版本的正式对应页；电池系统/电机型号及供应商；报告编号、试验工况、日期和标准版本,0,0
东风汽车有限公司,5,5,5,DFL6460NAU1BEV | DFL6460NAU2BEV | DFL6460NEU1BEV | DFL7000NA63BEV | DFL7000NA69BEV,NC015554 | NC016710 | NC016711 | NC021499 | NC505113,,原申报整车企业技术/认证部门；企业更名/主体须另核,每个NC配置ID与免征/减免目录具体申报配置ID/版本的正式对应页；电池系统/电机型号及供应商；报告编号、试验工况、日期和标准版本,0,0
东风汽车集团有限公司,3,3,3,DFM7002G1F8BEV | DFM7002G1F9BEV | DFM7002G1FABEV,NC017635 | NC017639 | NC017640,,原申报整车企业技术/认证部门；企业更名/主体须另核,每个NC配置ID与免征/减免目录具体申报配置ID/版本的正式对应页；电池系统/电机型号及供应商；报告编号、试验工况、日期和标准版本,0,0
前途汽车(苏州)有限公司,1,1,1,QTE7000BEV02,NC327334,,原申报整车企业技术/认证部门；企业更名/主体须另核,每个NC配置ID与免征/减免目录具体申报配置ID/版本的正式对应页；电池系统/电机型号及供应商；报告编号、试验工况、日期和标准版本,0,0
北京奔驰汽车有限公司,6,2,4,BJ7003NBEV1 | BJ7003NBEV2,NC017385 | NC017683 | NC025878 | NC025880,,原申报整车企业技术/认证部门；企业更名/主体须另核,每个NC配置ID与免征/减免目录具体申报配置ID/版本的正式对应页；电池系统/电机型号及供应商；报告编号、试验工况、日期和标准版本,0,0
北京汽车制造厂有限公司,11,5,11,BAW6521MA51BEV | BAW7000UB42BEV | BAW7000UB44BEV | BAW7000UL45BEV | BAW7000UL47BEV,NC013286 | NC019146 | NC019150 | NC020342 | NC022413 | NC022414 | NC025122 | NC026983 | NC027157 | NC027158 | NC506339,,原申报整车企业技术/认证部门；企业更名/主体须另核,每个NC配置ID与免征/减免目录具体申报配置ID/版本的正式对应页；电池系统/电机型号及供应商；报告编号、试验工况、日期和标准版本,0,0
北京汽车股份有限公司,1,1,1,BJ7000C5DB-BEV,NC505990,,原申报整车企业技术/认证部门；企业更名/主体须另核,每个NC配置ID与免征/减免目录具体申报配置ID/版本的正式对应页；电池系统/电机型号及供应商；报告编号、试验工况、日期和标准版本,0,0
北汽瑞翔汽车有限公司,1,1,1,BRX6490DB5X0BEV,NC026213,,原申报整车企业技术/认证部门；企业更名/主体须另核,每个NC配置ID与免征/减免目录具体申报配置ID/版本的正式对应页；电池系统/电机型号及供应商；报告编号、试验工况、日期和标准版本,0,0
北汽蓝谷麦格纳汽车有限公司,11,11,11,BJ6480A603BEV | BJ6480A604BEV | BJ6480A605BEV | BJ6480BSA-BEV | BJ6480BSA5-BEV | BJ6480BSA6-BEV | BJ7001A617BEV | BJ7001A618BEV | BJ7001AUA1-BEV | BJ7001AUA7-BEV | BJ7001AUA9-BEV,NC026328 | NC026372 | NC026374 | NC026376 | NC026384 | NC510337 | NC544635 | NC549416 | NC563490 | NC572807 | NC572818,,原申报整车企业技术/认证部门；企业更名/主体须另核,每个NC配置ID与免征/减免目录具体申报配置ID/版本的正式对应页；电池系统/电机型号及供应商；报告编号、试验工况、日期和标准版本,0,0
华晨宝马汽车有限公司,2,2,2,BMW6475ABEV | BMW6475ACEV,NC005120 | NC530212,,原申报整车企业技术/认证部门；企业更名/主体须另核,每个NC配置ID与免征/减免目录具体申报配置ID/版本的正式对应页；电池系统/电机型号及供应商；报告编号、试验工况、日期和标准版本,0,0
华晨鑫源重庆汽车有限公司,1,1,1,JKC6450A0X0BEV,NC017696,,原申报整车企业技术/认证部门；企业更名/主体须另核,每个NC配置ID与免征/减免目录具体申报配置ID/版本的正式对应页；电池系统/电机型号及供应商；报告编号、试验工况、日期和标准版本,0,0
合众新能源汽车有限公司,4,4,4,THZ7000BEVS11M | THZ7000BEVS361 | THZ7000BEVS362 | THZ7000BEVS363,NC026331 | NC026341 | NC026350 | NC026368,,原申报整车企业技术/认证部门；企业更名/主体须另核,每个NC配置ID与免征/减免目录具体申报配置ID/版本的正式对应页；电池系统/电机型号及供应商；报告编号、试验工况、日期和标准版本,0,0
合肥长安汽车有限公司,1,1,1,SC7003AGCBEV,NC001542,,原申报整车企业技术/认证部门；企业更名/主体须另核,每个NC配置ID与免征/减免目录具体申报配置ID/版本的正式对应页；电池系统/电机型号及供应商；报告编号、试验工况、日期和标准版本,0,0
四川野马汽车股份有限公司,3,3,3,SQJ7001YAC1BEV | SQJ7002YAC1BEV | SQJ7002YACBEV,NC017148 | NC017511 | NC017544,,原申报整车企业技术/认证部门；企业更名/主体须另核,每个NC配置ID与免征/减免目录具体申报配置ID/版本的正式对应页；电池系统/电机型号及供应商；报告编号、试验工况、日期和标准版本,0,0
天津一汽丰田汽车有限公司,2,1,2,TV7001BEV,NC493305 | NC493307,,原申报整车企业技术/认证部门；企业更名/主体须另核,每个NC配置ID与免征/减免目录具体申报配置ID/版本的正式对应页；电池系统/电机型号及供应商；报告编号、试验工况、日期和标准版本,0,0
奇瑞新能源汽车股份有限公司,18,14,17,NEQ6460BEVS61D | NEQ6460BEVS61E | NEQ7000BEVJ60E | NEQ7000BEVJ721 | NEQ7000BEVJ72P | NEQ7000BEVJ72Q | NEQ7000BEVJ72T | NEQ7000BEVJ72U | NEQ7000BEVJ72W | NEQ7000BEVJ72X | NEQ7000BEVJ72Y | NEQ7000BEVJH11A | NEQ7000BEVJH11D | NEQ7000BEVJH11G,NC004825 | NC005151 | NC008303 | NC008570 | NC009555 | NC012116 | NC015326 | NC018159 | NC018162 | NC018164 | NC018166 | NC018874 | NC018899 | NC019951 | NC560417 | NC568107 | NC576257,,原申报整车企业技术/认证部门；企业更名/主体须另核,每个NC配置ID与免征/减免目录具体申报配置ID/版本的正式对应页；电池系统/电机型号及供应商；报告编号、试验工况、日期和标准版本,0,0
威马汽车制造温州有限公司,2,2,2,SZS6460A33BEV | SZS6480A08BEV,NC505264 | NC505267,,原申报整车企业技术/认证部门；企业更名/主体须另核,每个NC配置ID与免征/减免目录具体申报配置ID/版本的正式对应页；电池系统/电机型号及供应商；报告编号、试验工况、日期和标准版本,0,0
安徽江淮汽车集团股份有限公司,52,8,52,HFC6483ECSEV-W | HFC6483ECSEV2-W | HFC6483ECSEV6-W | HFC6494ECSEV1-W | HFC6502ECSEV5-W | HFC6512ECSEV1-W | HFC7002CSEV1-W | HFC7003CSEV1-W,NC002405 | NC002407 | NC006208 | NC006305 | NC006325 | NC006455 | NC009105 | NC009116 | NC009120 | NC009123 | NC009134 | NC009280 | NC012201 | NC012203 | NC012204 | NC018513 | NC018564 | NC018565 | NC018566 | NC018567 | NC019743 | NC019744 | NC019745 | NC019746 | NC019747 | NC026293 | NC026294 | NC026378 | NC026379 | NC026426 | NC026427 | NC026428 | NC026429 | NC026430 | NC026431 | NC026432 | NC026573 | NC026579 | NC026652 | NC026746 | NC026747 | NC518310 | NC518387 | NC528003 | NC528241 | NC528261 | NC547759 | NC564001 | NC564035 | NC564053 | NC564363 | NC564399,,原申报整车企业技术/认证部门；企业更名/主体须另核,每个NC配置ID与免征/减免目录具体申报配置ID/版本的正式对应页；电池系统/电机型号及供应商；报告编号、试验工况、日期和标准版本,0,0
广汽丰田汽车有限公司,9,5,9,GTM6470BFBEV | GTM6470BFEBEV | GTM6470BWBEV | GTM700035BEV | GTM7000XBEV,NC008194 | NC016943 | NC016953 | NC017006 | NC017037 | NC017182 | NC017269 | NC485224 | NC491083,GTM6470BFEBEV,原申报整车企业技术/认证部门；企业更名/主体须另核,每个NC配置ID与免征/减免目录具体申报配置ID/版本的正式对应页；电池系统/电机型号及供应商；报告编号、试验工况、日期和标准版本,0,0
广汽乘用车(杭州)有限公司,5,5,5,GAH6460BEVS0A | GAH6460BEVS0B | GAH6460BEVS0C | GAH6460BEVS0E | GAH7001BEVN0A,NC015676 | NC015700 | NC016015 | NC016736 | NC016737,,原申报整车企业技术/认证部门；企业更名/主体须另核,每个NC配置ID与免征/减免目录具体申报配置ID/版本的正式对应页；电池系统/电机型号及供应商；报告编号、试验工况、日期和标准版本,0,0
广汽乘用车有限公司,4,4,4,GAM6460BEVC0E | GAM6460BEVC0F | GAM7000BEVA0L | GAM7001BEVA0D,NC004482 | NC507855 | NC507857 | NC507859,,原申报整车企业技术/认证部门；企业更名/主体须另核,每个NC配置ID与免征/减免目录具体申报配置ID/版本的正式对应页；电池系统/电机型号及供应商；报告编号、试验工况、日期和标准版本,0,0
成都大运汽车集团有限公司,2,2,2,CGC7000BEV2J3 | CGC7000BEV2J5,NC017260 | NC499786,,原申报整车企业技术/认证部门；企业更名/主体须另核,每个NC配置ID与免征/减免目录具体申报配置ID/版本的正式对应页；电池系统/电机型号及供应商；报告编号、试验工况、日期和标准版本,0,0
比亚迪汽车工业有限公司,6,6,6,BYD6470MBEV3 | BYD7002BEV7 | BYD7004BEV6 | BYD7004BEV7 | BYD7009BEV2 | BYD7009BEV8,NC015513 | NC019139 | NC019141 | NC026259 | NC505519 | NC505783,,原申报整车企业技术/认证部门；企业更名/主体须另核,每个NC配置ID与免征/减免目录具体申报配置ID/版本的正式对应页；电池系统/电机型号及供应商；报告编号、试验工况、日期和标准版本,0,0
江苏吉麦新能源车业有限公司,2,1,2,HXK7000BEVA13,NC017425 | NC017433,,原申报整车企业技术/认证部门；企业更名/主体须另核,每个NC配置ID与免征/减免目录具体申报配置ID/版本的正式对应页；电池系统/电机型号及供应商；报告编号、试验工况、日期和标准版本,0,0
江苏悦达起亚汽车有限公司,5,1,5,YQZ6520BEVHIPHI1A,NC003295 | NC011183 | NC023012 | NC026300 | NC557867,,原申报整车企业技术/认证部门；企业更名/主体须另核,每个NC配置ID与免征/减免目录具体申报配置ID/版本的正式对应页；电池系统/电机型号及供应商；报告编号、试验工况、日期和标准版本,0,0
江西江铃集团新能源汽车有限公司,2,2,2,JX7001ERABEV | JX7004ESABEV,NC003362 | NC017645,,原申报整车企业技术/认证部门；企业更名/主体须另核,每个NC配置ID与免征/减免目录具体申报配置ID/版本的正式对应页；电池系统/电机型号及供应商；报告编号、试验工况、日期和标准版本,0,0
江铃控股有限公司,1,1,1,JX6482UBEV,NC025187,,原申报整车企业技术/认证部门；企业更名/主体须另核,每个NC配置ID与免征/减免目录具体申报配置ID/版本的正式对应页；电池系统/电机型号及供应商；报告编号、试验工况、日期和标准版本,0,0
河北长安汽车有限公司,4,4,4,SC6453BBABEV | SC6453BBBBEV | SC6483ABABEV | SC6483ABBBEV,NC018085 | NC018086 | NC018087 | NC018088,,原申报整车企业技术/认证部门；企业更名/主体须另核,每个NC配置ID与免征/减免目录具体申报配置ID/版本的正式对应页；电池系统/电机型号及供应商；报告编号、试验工况、日期和标准版本,0,0
浙江吉利汽车有限公司,12,6,12,LTS6510H1BEV | LTS6510H2BEV | LTS6510H3BEV | LTS6510H4BEV | LTS6510H5BEV | LTS6510H6BEV,NC026777 | NC026805 | NC026817 | NC026818 | NC026821 | NC026822 | NC026850 | NC026852 | NC026853 | NC026854 | NC026855 | NC026856,,原申报整车企业技术/认证部门；企业更名/主体须另核,每个NC配置ID与免征/减免目录具体申报配置ID/版本的正式对应页；电池系统/电机型号及供应商；报告编号、试验工况、日期和标准版本,0,0
浙江豪情汽车制造有限公司,12,3,8,HQ7002BEV67 | HQ7003BEV01 | JL7001SEV02,NC002583 | NC003179 | NC011694 | NC016881 | NC016889 | NC017720 | NC017726 | NC017737,,原申报整车企业技术/认证部门；企业更名/主体须另核,每个NC配置ID与免征/减免目录具体申报配置ID/版本的正式对应页；电池系统/电机型号及供应商；报告编号、试验工况、日期和标准版本,0,0
湖南江南汽车制造有限公司,3,3,3,JNJ7000EVF | JNJ7000EVF2 | JNJ7000EVF4,NC024025 | NC024118 | NC024135,,原申报整车企业技术/认证部门；企业更名/主体须另核,每个NC配置ID与免征/减免目录具体申报配置ID/版本的正式对应页；电池系统/电机型号及供应商；报告编号、试验工况、日期和标准版本,0,0
特斯拉(上海)有限公司,9,3,9,TSL6480BEVAR2 | TSL7000BEVAR5 | TSL7000BEVAR6,NC011810 | NC011818 | NC011829 | NC011831 | NC011908 | NC011909 | NC016827 | NC016843 | NC016884,,原申报整车企业技术/认证部门；企业更名/主体须另核,每个NC配置ID与免征/减免目录具体申报配置ID/版本的正式对应页；电池系统/电机型号及供应商；报告编号、试验工况、日期和标准版本,0,0
肇庆小鹏新能源投资有限公司,4,1,4,NHQ7000BEVDH,NC016974 | NC017034 | NC017036 | NC017050,,原申报整车企业技术/认证部门；企业更名/主体须另核,每个NC配置ID与免征/减免目录具体申报配置ID/版本的正式对应页；电池系统/电机型号及供应商；报告编号、试验工况、日期和标准版本,0,0
重庆长安汽车股份有限公司,9,4,9,SC6471EACBEV | SC6471EAEBEV | SC7001FAEBEV | SC7001FAKBEV,NC017043 | NC017090 | NC017133 | NC017142 | NC017143 | NC017146 | NC026571 | NC026581 | NC026582,,原申报整车企业技术/认证部门；企业更名/主体须另核,每个NC配置ID与免征/减免目录具体申报配置ID/版本的正式对应页；电池系统/电机型号及供应商；报告编号、试验工况、日期和标准版本,0,0
重汽(重庆)轻型汽车有限公司,1,1,1,YZ7001BEV2,NC016871,,原申报整车企业技术/认证部门；企业更名/主体须另核,每个NC配置ID与免征/减免目录具体申报配置ID/版本的正式对应页；电池系统/电机型号及供应商；报告编号、试验工况、日期和标准版本,0,0
长城汽车股份有限公司,16,16,16,CC6470CA22ABEV | CC7000BJ01JBEV | CC7000CG00FBEV | CC7000ZM00BBEV | CC7000ZM00CBEV | CC7000ZM00EBEV | CC7000ZM00FBEV | CC7000ZM02CBEV | CC7000ZM02DBEV | CC7000ZM02GBEV | CC7000ZM05ABEV | CC7001ZM00BBEV | CC7001ZM00EBEV | CC7001ZM01BBEV | CC7001ZM01BEV | CC7001ZM02CBEV,NC003110 | NC003829 | NC017521 | NC017525 | NC017526 | NC420196 | NC420493 | NC439727 | NC448974 | NC450397 | NC487669 | NC498586 | NC531824 | NC545157 | NC545699 | NC565427,CC7000CG00FBEV,原申报整车企业技术/认证部门；企业更名/主体须另核,每个NC配置ID与免征/减免目录具体申报配置ID/版本的正式对应页；电池系统/电机型号及供应商；报告编号、试验工况、日期和标准版本,0,0
长安福特汽车有限公司,1,1,1,CAF6470B5BEV,NC026651,,原申报整车企业技术/认证部门；企业更名/主体须另核,每个NC配置ID与免征/减免目录具体申报配置ID/版本的正式对应页；电池系统/电机型号及供应商；报告编号、试验工况、日期和标准版本,0,0
零跑汽车有限公司,1,1,1,FZ6480BEV13,NC016784,,原申报整车企业技术/认证部门；企业更名/主体须另核,每个NC配置ID与免征/减免目录具体申报配置ID/版本的正式对应页；电池系统/电机型号及供应商；报告编号、试验工况、日期和标准版本,0,0
