relative_path,bytes,sha256_before,sha256_after,unchanged
compact_input_20261008/购置税项目_必要数据精简包_20261008/内容来源与指纹.csv,21426,0298cc5e09c92d6ad5286b0ba7662021a7d8072a6b7cdde5fe26e4a9330fd30d,0298cc5e09c92d6ad5286b0ba7662021a7d8072a6b7cdde5fe26e4a9330fd30d,True
compact_input_20261008/购置税项目_必要数据精简包_20261008/历史验收/完整包v1_1_34产物两次构建字节对账.json,11482,f47796ba538c809293db017b3828ce96795d45d67f66a0e9e0b50167f5848bff,f47796ba538c809293db017b3828ce96795d45d67f66a0e9e0b50167f5848bff,True
compact_input_20261008/购置税项目_必要数据精简包_20261008/官方技术清单/重建3328_官方清单标记与资格轨迹.csv,852354,73b31afdaf90fd5efa32063308a9ac4123b0bf2d86f941abbe3e9c4db09e7a3d,73b31afdaf90fd5efa32063308a9ac4123b0bf2d86f941abbe3e9c4db09e7a3d,True
compact_input_20261008/购置税项目_必要数据精简包_20261008/文件清单_SHA256.txt,7304,624d12da020dc1cb25e45bd812bb2cdab5ee848c0b3b8ad7721cf8b7af882bcd,624d12da020dc1cb25e45bd812bb2cdab5ee848c0b3b8ad7721cf8b7af882bcd,True
round3/coverage/new_withdrawal_events.csv,21580,771852429c56e03d355acbd5dca9fb6ad2fd607825b2d95f9df274fc0f38f053,771852429c56e03d355acbd5dca9fb6ad2fd607825b2d95f9df274fc0f38f053,True
round3/coverage/new_withdrawal_source_links.csv,46386,6defaaf8eeb57500790cb391f3d4fc03a662d3a0dc0a9eb18fe69dc3a94750ee,6defaaf8eeb57500790cb391f3d4fc03a662d3a0dc0a9eb18fe69dc3a94750ee,True
round3/coverage/raw/withdrawal_20180522.doc,3350904,f943ccd1e796aba5e16386cf5e0b83e4ec9c6b8f33ba57522dc011d940e89915,f943ccd1e796aba5e16386cf5e0b83e4ec9c6b8f33ba57522dc011d940e89915,True
round3/coverage/raw/withdrawal_batch28.doc,243712,666f5befd4f2b67c08d2e2022cb2708007fb89babb38aa5c66b04ffb5702ae10,666f5befd4f2b67c08d2e2022cb2708007fb89babb38aa5c66b04ffb5702ae10,True
round3/reconstruction/data_v1_3/官方技术清单/重建3328_官方清单标记与资格轨迹.csv,855683,1963fd09c4502d60c90a4a4a28660d9236ae19a3d126520c54c4ba5c98a5863d,1963fd09c4502d60c90a4a4a28660d9236ae19a3d126520c54c4ba5c98a5863d,True
round3/reconstruction/reconstruction_summary.json,11055,9ff46728648a3b67bc50f22e0136cfd4a1ba3c39a1b2058876294f96e2a768ef,9ff46728648a3b67bc50f22e0136cfd4a1ba3c39a1b2058876294f96e2a768ef,True
round3/versioning/data_v1_2/官方技术清单/重建3328_官方清单标记与资格轨迹.csv,852354,73b31afdaf90fd5efa32063308a9ac4123b0bf2d86f941abbe3e9c4db09e7a3d,73b31afdaf90fd5efa32063308a9ac4123b0bf2d86f941abbe3e9c4db09e7a3d,True
round3/versioning/data_version_manifest.csv,6777,ecf1634d0e4dd425c5b91fa647d19cb01f2e4e3616ec878bc3fcbe9e03e970f9,ecf1634d0e4dd425c5b91fa647d19cb01f2e4e3616ec878bc3fcbe9e03e970f9,True
round4/data_v1_4/官方技术清单/重建3328_官方清单标记与资格轨迹.csv,855683,1963fd09c4502d60c90a4a4a28660d9236ae19a3d126520c54c4ba5c98a5863d,1963fd09c4502d60c90a4a4a28660d9236ae19a3d126520c54c4ba5c98a5863d,True
round5/originals/mf_batch64.doc,597504,c4e238989e7e40ec2c3a6a899ead170b4a745bc72546ba6fd4a5731d8890c6cb,c4e238989e7e40ec2c3a6a899ead170b4a745bc72546ba6fd4a5731d8890c6cb,True
round5/reconstruction/data_v1_5/官方技术清单/重建3328_官方清单标记与资格轨迹.csv,855684,11e493ec70376fde3b463dcbc701bbda91f2bb7fc94c1a567e41e031a4fb8ce7,11e493ec70376fde3b463dcbc701bbda91f2bb7fc94c1a567e41e031a4fb8ce7,True
round5/reconstruction/effective_correction_rebuild_summary.json,5279,1d3245f6483b199d44af8f04b68aba61fc7c8a66cfd06f4db4c344f5cc7c6bdf,1d3245f6483b199d44af8f04b68aba61fc7c8a66cfd06f4db4c344f5cc7c6bdf,True
round5/source_recovery/106原件回收清单_v1_5.csv,86023,73e22063a352897ba2895071ebadeacefb9d7a77c2be6bb922c7a7fd2886d8a7,73e22063a352897ba2895071ebadeacefb9d7a77c2be6bb922c7a7fd2886d8a7,True
round6/risk_change/risk_change_summary.json,4663,86fb4dd4e00a9011e5783d093ab30579e74704fbf059b9cf540a300c19d4be6f,86fb4dd4e00a9011e5783d093ab30579e74704fbf059b9cf540a300c19d4be6f,True
round6/risk_change/风险集变动_74型号逐源对照.csv,64772,f1465c7dfdc87bf04a11521a7fb59a0d5acb39409cc857f37b20742d4b69244d,f1465c7dfdc87bf04a11521a7fb59a0d5acb39409cc857f37b20742d4b69244d,True
round7/legacy_fingerprint/legacy_build_evidence.json,10898,f7cf7788436502d4604ee5ff1d9027de85cc368b5ecb0cfbfb6117ef1b59ad08,f7cf7788436502d4604ee5ff1d9027de85cc368b5ecb0cfbfb6117ef1b59ad08,True
