model_key,change_reason,legacy_sha256,final_v1_3_sha256,current_v1_5_sha256,legacy_risk,final_v1_3_risk,v1_5_risk,legacy_numeric_ready,final_v1_3_numeric_ready,v1_5_numeric_ready,old_ready_minus65,final_ready_plus1_CSA,v15_ready_plus1_SGM,trigger_event_id,trigger_batch,trigger_date,source_record_id,source_sha256,source_location,source_url,announcement_url,source_origin,evidence_file,CSA_old_withdrawal_date,CSA_corrected_withdrawal_date,CSA_relisting_date
BJ7000B3D5G-BEV,新增历史撤销：退出风险集；原ready=1,73b31afdaf90fd5efa32063308a9ac4123b0bf2d86f941abbe3e9c4db09e7a3d,1963fd09c4502d60c90a4a4a28660d9236ae19a3d126520c54c4ba5c98a5863d,11e493ec70376fde3b463dcbc701bbda91f2bb7fc94c1a567e41e031a4fb8ce7,1,0,0,1,0,0,1,0,0,evt-5b72589b03b11811,2018-05-22独立撤销公告,2018-05-22,new-wd20180522-row-128,f943ccd1e796aba5e16386cf5e0b83e4ec9c6b8f33ba57522dc011d940e89915,"{""text_line_1based"": 132, ""row_sequence"": 128, ""model_column_1based"": 3, ""engine"": ""LibreOffice Word97-to-text; 5-column full sequence enumeration""}",https://www.miit.gov.cn/cms_files/filemanager/oldfile/miit/n1146285/n1146352/n3054355/n3057585/n3057589/c6181659/part/6181674.doc,https://www.miit.gov.cn/jgsj/zbys/gzdt/art/2020/art_c997557027dd4ca7b299a4456467c94d.html,主管部门公开来源与保存原件,round6/risk_change/风险集变动_74型号逐源对照.csv,,,
BJ7000B3D8-BEV,新增历史撤销：退出风险集；原ready=1,73b31afdaf90fd5efa32063308a9ac4123b0bf2d86f941abbe3e9c4db09e7a3d,1963fd09c4502d60c90a4a4a28660d9236ae19a3d126520c54c4ba5c98a5863d,11e493ec70376fde3b463dcbc701bbda91f2bb7fc94c1a567e41e031a4fb8ce7,1,0,0,1,0,0,1,0,0,evt-23a9d85e617af67b,2018-05-22独立撤销公告,2018-05-22,new-wd20180522-row-124,f943ccd1e796aba5e16386cf5e0b83e4ec9c6b8f33ba57522dc011d940e89915,"{""text_line_1based"": 128, ""row_sequence"": 124, ""model_column_1based"": 3, ""engine"": ""LibreOffice Word97-to-text; 5-column full sequence enumeration""}",https://www.miit.gov.cn/cms_files/filemanager/oldfile/miit/n1146285/n1146352/n3054355/n3057585/n3057589/c6181659/part/6181674.doc,https://www.miit.gov.cn/jgsj/zbys/gzdt/art/2020/art_c997557027dd4ca7b299a4456467c94d.html,主管部门公开来源与保存原件,round6/risk_change/风险集变动_74型号逐源对照.csv,,,
BJ7000C5E-BEV,新增历史撤销：退出风险集；原ready=1,73b31afdaf90fd5efa32063308a9ac4123b0bf2d86f941abbe3e9c4db09e7a3d,1963fd09c4502d60c90a4a4a28660d9236ae19a3d126520c54c4ba5c98a5863d,11e493ec70376fde3b463dcbc701bbda91f2bb7fc94c1a567e41e031a4fb8ce7,1,0,0,1,0,0,1,0,0,evt-6b811d25fbb2bd98,2018-05-22独立撤销公告,2018-05-22,new-wd20180522-row-120,f943ccd1e796aba5e16386cf5e0b83e4ec9c6b8f33ba57522dc011d940e89915,"{""text_line_1based"": 124, ""row_sequence"": 120, ""model_column_1based"": 3, ""engine"": ""LibreOffice Word97-to-text; 5-column full sequence enumeration""}",https://www.miit.gov.cn/cms_files/filemanager/oldfile/miit/n1146285/n1146352/n3054355/n3057585/n3057589/c6181659/part/6181674.doc,https://www.miit.gov.cn/jgsj/zbys/gzdt/art/2020/art_c997557027dd4ca7b299a4456467c94d.html,主管部门公开来源与保存原件,round6/risk_change/风险集变动_74型号逐源对照.csv,,,
BJ7000C5E1G-BEV,新增历史撤销：退出风险集；原ready=1,73b31afdaf90fd5efa32063308a9ac4123b0bf2d86f941abbe3e9c4db09e7a3d,1963fd09c4502d60c90a4a4a28660d9236ae19a3d126520c54c4ba5c98a5863d,11e493ec70376fde3b463dcbc701bbda91f2bb7fc94c1a567e41e031a4fb8ce7,1,0,0,1,0,0,1,0,0,evt-d995685847ca850e,2018-05-22独立撤销公告,2018-05-22,new-wd20180522-row-125,f943ccd1e796aba5e16386cf5e0b83e4ec9c6b8f33ba57522dc011d940e89915,"{""text_line_1based"": 129, ""row_sequence"": 125, ""model_column_1based"": 3, ""engine"": ""LibreOffice Word97-to-text; 5-column full sequence enumeration""}",https://www.miit.gov.cn/cms_files/filemanager/oldfile/miit/n1146285/n1146352/n3054355/n3057585/n3057589/c6181659/part/6181674.doc,https://www.miit.gov.cn/jgsj/zbys/gzdt/art/2020/art_c997557027dd4ca7b299a4456467c94d.html,主管部门公开来源与保存原件,round6/risk_change/风险集变动_74型号逐源对照.csv,,,
BJ7000C5E5-BEV,新增历史撤销：退出风险集；原ready=1,73b31afdaf90fd5efa32063308a9ac4123b0bf2d86f941abbe3e9c4db09e7a3d,1963fd09c4502d60c90a4a4a28660d9236ae19a3d126520c54c4ba5c98a5863d,11e493ec70376fde3b463dcbc701bbda91f2bb7fc94c1a567e41e031a4fb8ce7,1,0,0,1,0,0,1,0,0,evt-1a5f02b724a9bc10,2018-05-22独立撤销公告,2018-05-22,new-wd20180522-row-121,f943ccd1e796aba5e16386cf5e0b83e4ec9c6b8f33ba57522dc011d940e89915,"{""text_line_1based"": 125, ""row_sequence"": 121, ""model_column_1based"": 3, ""engine"": ""LibreOffice Word97-to-text; 5-column full sequence enumeration""}",https://www.miit.gov.cn/cms_files/filemanager/oldfile/miit/n1146285/n1146352/n3054355/n3057585/n3057589/c6181659/part/6181674.doc,https://www.miit.gov.cn/jgsj/zbys/gzdt/art/2020/art_c997557027dd4ca7b299a4456467c94d.html,主管部门公开来源与保存原件,round6/risk_change/风险集变动_74型号逐源对照.csv,,,
BJ7000C7H-BEV,新增历史撤销：退出风险集；原ready=1,73b31afdaf90fd5efa32063308a9ac4123b0bf2d86f941abbe3e9c4db09e7a3d,1963fd09c4502d60c90a4a4a28660d9236ae19a3d126520c54c4ba5c98a5863d,11e493ec70376fde3b463dcbc701bbda91f2bb7fc94c1a567e41e031a4fb8ce7,1,0,0,1,0,0,1,0,0,evt-8006b7c1a5727461,2018-05-22独立撤销公告,2018-05-22,new-wd20180522-row-109,f943ccd1e796aba5e16386cf5e0b83e4ec9c6b8f33ba57522dc011d940e89915,"{""text_line_1based"": 113, ""row_sequence"": 109, ""model_column_1based"": 3, ""engine"": ""LibreOffice Word97-to-text; 5-column full sequence enumeration""}",https://www.miit.gov.cn/cms_files/filemanager/oldfile/miit/n1146285/n1146352/n3054355/n3057585/n3057589/c6181659/part/6181674.doc,https://www.miit.gov.cn/jgsj/zbys/gzdt/art/2020/art_c997557027dd4ca7b299a4456467c94d.html,主管部门公开来源与保存原件,round6/risk_change/风险集变动_74型号逐源对照.csv,,,
BJ7000C7H4-BEV,新增历史撤销：退出风险集；原ready=1,73b31afdaf90fd5efa32063308a9ac4123b0bf2d86f941abbe3e9c4db09e7a3d,1963fd09c4502d60c90a4a4a28660d9236ae19a3d126520c54c4ba5c98a5863d,11e493ec70376fde3b463dcbc701bbda91f2bb7fc94c1a567e41e031a4fb8ce7,1,0,0,1,0,0,1,0,0,evt-459c5c5a0970c4f5,2018-05-22独立撤销公告,2018-05-22,new-wd20180522-row-108,f943ccd1e796aba5e16386cf5e0b83e4ec9c6b8f33ba57522dc011d940e89915,"{""text_line_1based"": 112, ""row_sequence"": 108, ""model_column_1based"": 3, ""engine"": ""LibreOffice Word97-to-text; 5-column full sequence enumeration""}",https://www.miit.gov.cn/cms_files/filemanager/oldfile/miit/n1146285/n1146352/n3054355/n3057585/n3057589/c6181659/part/6181674.doc,https://www.miit.gov.cn/jgsj/zbys/gzdt/art/2020/art_c997557027dd4ca7b299a4456467c94d.html,主管部门公开来源与保存原件,round6/risk_change/风险集变动_74型号逐源对照.csv,,,
BJ7000U3D1-BEV,新增历史撤销：退出风险集；原ready=1,73b31afdaf90fd5efa32063308a9ac4123b0bf2d86f941abbe3e9c4db09e7a3d,1963fd09c4502d60c90a4a4a28660d9236ae19a3d126520c54c4ba5c98a5863d,11e493ec70376fde3b463dcbc701bbda91f2bb7fc94c1a567e41e031a4fb8ce7,1,0,0,1,0,0,1,0,0,evt-caf21c9a6abbe35f,2018-05-22独立撤销公告,2018-05-22,new-wd20180522-row-122,f943ccd1e796aba5e16386cf5e0b83e4ec9c6b8f33ba57522dc011d940e89915,"{""text_line_1based"": 126, ""row_sequence"": 122, ""model_column_1based"": 3, ""engine"": ""LibreOffice Word97-to-text; 5-column full sequence enumeration""}",https://www.miit.gov.cn/cms_files/filemanager/oldfile/miit/n1146285/n1146352/n3054355/n3057585/n3057589/c6181659/part/6181674.doc,https://www.miit.gov.cn/jgsj/zbys/gzdt/art/2020/art_c997557027dd4ca7b299a4456467c94d.html,主管部门公开来源与保存原件,round6/risk_change/风险集变动_74型号逐源对照.csv,,,
BJ7000U3D3-BEV,新增历史撤销：退出风险集；原ready=1,73b31afdaf90fd5efa32063308a9ac4123b0bf2d86f941abbe3e9c4db09e7a3d,1963fd09c4502d60c90a4a4a28660d9236ae19a3d126520c54c4ba5c98a5863d,11e493ec70376fde3b463dcbc701bbda91f2bb7fc94c1a567e41e031a4fb8ce7,1,0,0,1,0,0,1,0,0,evt-44c766c0b908ef6c,2018-05-22独立撤销公告,2018-05-22,new-wd20180522-row-123,f943ccd1e796aba5e16386cf5e0b83e4ec9c6b8f33ba57522dc011d940e89915,"{""text_line_1based"": 127, ""row_sequence"": 123, ""model_column_1based"": 3, ""engine"": ""LibreOffice Word97-to-text; 5-column full sequence enumeration""}",https://www.miit.gov.cn/cms_files/filemanager/oldfile/miit/n1146285/n1146352/n3054355/n3057585/n3057589/c6181659/part/6181674.doc,https://www.miit.gov.cn/jgsj/zbys/gzdt/art/2020/art_c997557027dd4ca7b299a4456467c94d.html,主管部门公开来源与保存原件,round6/risk_change/风险集变动_74型号逐源对照.csv,,,
BJ7001B3D2G-BEV,新增历史撤销：退出风险集；原ready=1,73b31afdaf90fd5efa32063308a9ac4123b0bf2d86f941abbe3e9c4db09e7a3d,1963fd09c4502d60c90a4a4a28660d9236ae19a3d126520c54c4ba5c98a5863d,11e493ec70376fde3b463dcbc701bbda91f2bb7fc94c1a567e41e031a4fb8ce7,1,0,0,1,0,0,1,0,0,evt-8d6f7d607972aee5,2018-05-22独立撤销公告,2018-05-22,new-wd20180522-row-126,f943ccd1e796aba5e16386cf5e0b83e4ec9c6b8f33ba57522dc011d940e89915,"{""text_line_1based"": 130, ""row_sequence"": 126, ""model_column_1based"": 3, ""engine"": ""LibreOffice Word97-to-text; 5-column full sequence enumeration""}",https://www.miit.gov.cn/cms_files/filemanager/oldfile/miit/n1146285/n1146352/n3054355/n3057585/n3057589/c6181659/part/6181674.doc,https://www.miit.gov.cn/jgsj/zbys/gzdt/art/2020/art_c997557027dd4ca7b299a4456467c94d.html,主管部门公开来源与保存原件,round6/risk_change/风险集变动_74型号逐源对照.csv,,,
BJ7002B3D-BEV,新增历史撤销：退出风险集；原ready=1,73b31afdaf90fd5efa32063308a9ac4123b0bf2d86f941abbe3e9c4db09e7a3d,1963fd09c4502d60c90a4a4a28660d9236ae19a3d126520c54c4ba5c98a5863d,11e493ec70376fde3b463dcbc701bbda91f2bb7fc94c1a567e41e031a4fb8ce7,1,0,0,1,0,0,1,0,0,evt-c0264f748706c70a,2018-05-22独立撤销公告,2018-05-22,new-wd20180522-row-110,f943ccd1e796aba5e16386cf5e0b83e4ec9c6b8f33ba57522dc011d940e89915,"{""text_line_1based"": 114, ""row_sequence"": 110, ""model_column_1based"": 3, ""engine"": ""LibreOffice Word97-to-text; 5-column full sequence enumeration""}",https://www.miit.gov.cn/cms_files/filemanager/oldfile/miit/n1146285/n1146352/n3054355/n3057585/n3057589/c6181659/part/6181674.doc,https://www.miit.gov.cn/jgsj/zbys/gzdt/art/2020/art_c997557027dd4ca7b299a4456467c94d.html,主管部门公开来源与保存原件,round6/risk_change/风险集变动_74型号逐源对照.csv,,,
BJ7002B3D3-BEV,新增历史撤销：退出风险集；原ready=1,73b31afdaf90fd5efa32063308a9ac4123b0bf2d86f941abbe3e9c4db09e7a3d,1963fd09c4502d60c90a4a4a28660d9236ae19a3d126520c54c4ba5c98a5863d,11e493ec70376fde3b463dcbc701bbda91f2bb7fc94c1a567e41e031a4fb8ce7,1,0,0,1,0,0,1,0,0,evt-5f45200c45f154ac,2018-05-22独立撤销公告,2018-05-22,new-wd20180522-row-116,f943ccd1e796aba5e16386cf5e0b83e4ec9c6b8f33ba57522dc011d940e89915,"{""text_line_1based"": 120, ""row_sequence"": 116, ""model_column_1based"": 3, ""engine"": ""LibreOffice Word97-to-text; 5-column full sequence enumeration""}",https://www.miit.gov.cn/cms_files/filemanager/oldfile/miit/n1146285/n1146352/n3054355/n3057585/n3057589/c6181659/part/6181674.doc,https://www.miit.gov.cn/jgsj/zbys/gzdt/art/2020/art_c997557027dd4ca7b299a4456467c94d.html,主管部门公开来源与保存原件,round6/risk_change/风险集变动_74型号逐源对照.csv,,,
BJ7002B3D5-BEV,新增历史撤销：退出风险集；原ready=1,73b31afdaf90fd5efa32063308a9ac4123b0bf2d86f941abbe3e9c4db09e7a3d,1963fd09c4502d60c90a4a4a28660d9236ae19a3d126520c54c4ba5c98a5863d,11e493ec70376fde3b463dcbc701bbda91f2bb7fc94c1a567e41e031a4fb8ce7,1,0,0,1,0,0,1,0,0,evt-ff1a83e67ada0c79,2018-05-22独立撤销公告,2018-05-22,new-wd20180522-row-118,f943ccd1e796aba5e16386cf5e0b83e4ec9c6b8f33ba57522dc011d940e89915,"{""text_line_1based"": 122, ""row_sequence"": 118, ""model_column_1based"": 3, ""engine"": ""LibreOffice Word97-to-text; 5-column full sequence enumeration""}",https://www.miit.gov.cn/cms_files/filemanager/oldfile/miit/n1146285/n1146352/n3054355/n3057585/n3057589/c6181659/part/6181674.doc,https://www.miit.gov.cn/jgsj/zbys/gzdt/art/2020/art_c997557027dd4ca7b299a4456467c94d.html,主管部门公开来源与保存原件,round6/risk_change/风险集变动_74型号逐源对照.csv,,,
CA7001BEVA,新增历史撤销：退出风险集；原ready=1,73b31afdaf90fd5efa32063308a9ac4123b0bf2d86f941abbe3e9c4db09e7a3d,1963fd09c4502d60c90a4a4a28660d9236ae19a3d126520c54c4ba5c98a5863d,11e493ec70376fde3b463dcbc701bbda91f2bb7fc94c1a567e41e031a4fb8ce7,1,0,0,1,0,0,1,0,0,evt-f4a813d55f640c43,28,2019-12-10,new-wd28-row-7,666f5befd4f2b67c08d2e2022cb2708007fb89babb38aa5c66b04ffb5702ae10,"{""text_line_1based"": 11, ""row_sequence"": 7, ""model_column_1based"": 3, ""engine"": ""LibreOffice Word97-to-text; 5-column full sequence enumeration""}",https://www.miit.gov.cn/cms_files/filemanager/oldfile/miit/n1146295/n1652858/n1652930/n4509607/c7564229/part/7564256.doc,https://www.miit.gov.cn/zwgk/zcwj/wjfb/gg/art/2020/art_891208b8af8448f9b37ccf41476d0c13.html,主管部门公开来源与保存原件,round6/risk_change/风险集变动_74型号逐源对照.csv,,,
CA7005EV3,新增历史撤销：退出风险集；原ready=1,73b31afdaf90fd5efa32063308a9ac4123b0bf2d86f941abbe3e9c4db09e7a3d,1963fd09c4502d60c90a4a4a28660d9236ae19a3d126520c54c4ba5c98a5863d,11e493ec70376fde3b463dcbc701bbda91f2bb7fc94c1a567e41e031a4fb8ce7,1,0,0,1,0,0,1,0,0,evt-c8fa78dc09f59183,2018-05-22独立撤销公告,2018-05-22,new-wd20180522-row-1674,f943ccd1e796aba5e16386cf5e0b83e4ec9c6b8f33ba57522dc011d940e89915,"{""text_line_1based"": 1678, ""row_sequence"": 1674, ""model_column_1based"": 3, ""engine"": ""LibreOffice Word97-to-text; 5-column full sequence enumeration""}",https://www.miit.gov.cn/cms_files/filemanager/oldfile/miit/n1146285/n1146352/n3054355/n3057585/n3057589/c6181659/part/6181674.doc,https://www.miit.gov.cn/jgsj/zbys/gzdt/art/2020/art_c997557027dd4ca7b299a4456467c94d.html,主管部门公开来源与保存原件,round6/risk_change/风险集变动_74型号逐源对照.csv,,,
CA7005EV4,新增历史撤销：退出风险集；原ready=1,73b31afdaf90fd5efa32063308a9ac4123b0bf2d86f941abbe3e9c4db09e7a3d,1963fd09c4502d60c90a4a4a28660d9236ae19a3d126520c54c4ba5c98a5863d,11e493ec70376fde3b463dcbc701bbda91f2bb7fc94c1a567e41e031a4fb8ce7,1,0,0,1,0,0,1,0,0,evt-39b6d337f4c9ed74,2018-05-22独立撤销公告,2018-05-22,new-wd20180522-row-1675,f943ccd1e796aba5e16386cf5e0b83e4ec9c6b8f33ba57522dc011d940e89915,"{""text_line_1based"": 1679, ""row_sequence"": 1675, ""model_column_1based"": 3, ""engine"": ""LibreOffice Word97-to-text; 5-column full sequence enumeration""}",https://www.miit.gov.cn/cms_files/filemanager/oldfile/miit/n1146285/n1146352/n3054355/n3057585/n3057589/c6181659/part/6181674.doc,https://www.miit.gov.cn/jgsj/zbys/gzdt/art/2020/art_c997557027dd4ca7b299a4456467c94d.html,主管部门公开来源与保存原件,round6/risk_change/风险集变动_74型号逐源对照.csv,,,
CA7005EV5,新增历史撤销：退出风险集；原ready=1,73b31afdaf90fd5efa32063308a9ac4123b0bf2d86f941abbe3e9c4db09e7a3d,1963fd09c4502d60c90a4a4a28660d9236ae19a3d126520c54c4ba5c98a5863d,11e493ec70376fde3b463dcbc701bbda91f2bb7fc94c1a567e41e031a4fb8ce7,1,0,0,1,0,0,1,0,0,evt-b1bff1628bfd151a,2018-05-22独立撤销公告,2018-05-22,new-wd20180522-row-1676,f943ccd1e796aba5e16386cf5e0b83e4ec9c6b8f33ba57522dc011d940e89915,"{""text_line_1based"": 1680, ""row_sequence"": 1676, ""model_column_1based"": 3, ""engine"": ""LibreOffice Word97-to-text; 5-column full sequence enumeration""}",https://www.miit.gov.cn/cms_files/filemanager/oldfile/miit/n1146285/n1146352/n3054355/n3057585/n3057589/c6181659/part/6181674.doc,https://www.miit.gov.cn/jgsj/zbys/gzdt/art/2020/art_c997557027dd4ca7b299a4456467c94d.html,主管部门公开来源与保存原件,round6/risk_change/风险集变动_74型号逐源对照.csv,,,
CA7005EV6,新增历史撤销：退出风险集；原ready=1,73b31afdaf90fd5efa32063308a9ac4123b0bf2d86f941abbe3e9c4db09e7a3d,1963fd09c4502d60c90a4a4a28660d9236ae19a3d126520c54c4ba5c98a5863d,11e493ec70376fde3b463dcbc701bbda91f2bb7fc94c1a567e41e031a4fb8ce7,1,0,0,1,0,0,1,0,0,evt-763d592a43bea5e0,2018-05-22独立撤销公告,2018-05-22,new-wd20180522-row-1677,f943ccd1e796aba5e16386cf5e0b83e4ec9c6b8f33ba57522dc011d940e89915,"{""text_line_1based"": 1681, ""row_sequence"": 1677, ""model_column_1based"": 3, ""engine"": ""LibreOffice Word97-to-text; 5-column full sequence enumeration""}",https://www.miit.gov.cn/cms_files/filemanager/oldfile/miit/n1146285/n1146352/n3054355/n3057585/n3057589/c6181659/part/6181674.doc,https://www.miit.gov.cn/jgsj/zbys/gzdt/art/2020/art_c997557027dd4ca7b299a4456467c94d.html,主管部门公开来源与保存原件,round6/risk_change/风险集变动_74型号逐源对照.csv,,,
CSA6461FBEV3,第27批撤销错日期修复：恢复风险及ready,73b31afdaf90fd5efa32063308a9ac4123b0bf2d86f941abbe3e9c4db09e7a3d,1963fd09c4502d60c90a4a4a28660d9236ae19a3d126520c54c4ba5c98a5863d,11e493ec70376fde3b463dcbc701bbda91f2bb7fc94c1a567e41e031a4fb8ce7,0,1,1,0,1,1,0,1,0,evt-dfffdda7ffdbe278,27,2019-10-25,old-revoke-input-line-1845,c388317a1453e6b139a2a67bd21e4b5818d6711b0982feb55626f0ac886783ff,正式撤销底表CSV行1845；原件型号列,https://www.miit.gov.cn/cms_files/filemanager/oldfile/miit/n1146285/n1146352/n3054355/n3057585/n3057589/c7485448/part/7485456.doc,https://www.miit.gov.cn/jgsj/zbys/gzdt/art/2020/art_9f09e324e0064eb6ac473ff2949f699c.html,主管部门公开来源与保存原件,round6/risk_change/风险集变动_74型号逐源对照.csv,2020-06-02,2019-10-25,2019-12-10
DFM7000H2BBEV,新增历史撤销：退出风险集；原ready=1,73b31afdaf90fd5efa32063308a9ac4123b0bf2d86f941abbe3e9c4db09e7a3d,1963fd09c4502d60c90a4a4a28660d9236ae19a3d126520c54c4ba5c98a5863d,11e493ec70376fde3b463dcbc701bbda91f2bb7fc94c1a567e41e031a4fb8ce7,1,0,0,1,0,0,1,0,0,evt-19ac4c76a524e9dd,2018-05-22独立撤销公告,2018-05-22,new-wd20180522-row-241,f943ccd1e796aba5e16386cf5e0b83e4ec9c6b8f33ba57522dc011d940e89915,"{""text_line_1based"": 245, ""row_sequence"": 241, ""model_column_1based"": 3, ""engine"": ""LibreOffice Word97-to-text; 5-column full sequence enumeration""}",https://www.miit.gov.cn/cms_files/filemanager/oldfile/miit/n1146285/n1146352/n3054355/n3057585/n3057589/c6181659/part/6181674.doc,https://www.miit.gov.cn/jgsj/zbys/gzdt/art/2020/art_c997557027dd4ca7b299a4456467c94d.html,主管部门公开来源与保存原件,round6/risk_change/风险集变动_74型号逐源对照.csv,,,
DFM7000H2CBEV,新增历史撤销：退出风险集；原ready=1,73b31afdaf90fd5efa32063308a9ac4123b0bf2d86f941abbe3e9c4db09e7a3d,1963fd09c4502d60c90a4a4a28660d9236ae19a3d126520c54c4ba5c98a5863d,11e493ec70376fde3b463dcbc701bbda91f2bb7fc94c1a567e41e031a4fb8ce7,1,0,0,1,0,0,1,0,0,evt-dceace240471e8ec,2018-05-22独立撤销公告,2018-05-22,new-wd20180522-row-242,f943ccd1e796aba5e16386cf5e0b83e4ec9c6b8f33ba57522dc011d940e89915,"{""text_line_1based"": 246, ""row_sequence"": 242, ""model_column_1based"": 3, ""engine"": ""LibreOffice Word97-to-text; 5-column full sequence enumeration""}",https://www.miit.gov.cn/cms_files/filemanager/oldfile/miit/n1146285/n1146352/n3054355/n3057585/n3057589/c6181659/part/6181674.doc,https://www.miit.gov.cn/jgsj/zbys/gzdt/art/2020/art_c997557027dd4ca7b299a4456467c94d.html,主管部门公开来源与保存原件,round6/risk_change/风险集变动_74型号逐源对照.csv,,,
DN7002MBEV,新增历史撤销：退出风险集；原ready=1,73b31afdaf90fd5efa32063308a9ac4123b0bf2d86f941abbe3e9c4db09e7a3d,1963fd09c4502d60c90a4a4a28660d9236ae19a3d126520c54c4ba5c98a5863d,11e493ec70376fde3b463dcbc701bbda91f2bb7fc94c1a567e41e031a4fb8ce7,1,0,0,1,0,0,1,0,0,evt-19067502258ff436,2018-05-22独立撤销公告,2018-05-22,new-wd20180522-row-338,f943ccd1e796aba5e16386cf5e0b83e4ec9c6b8f33ba57522dc011d940e89915,"{""text_line_1based"": 342, ""row_sequence"": 338, ""model_column_1based"": 3, ""engine"": ""LibreOffice Word97-to-text; 5-column full sequence enumeration""}",https://www.miit.gov.cn/cms_files/filemanager/oldfile/miit/n1146285/n1146352/n3054355/n3057585/n3057589/c6181659/part/6181674.doc,https://www.miit.gov.cn/jgsj/zbys/gzdt/art/2020/art_c997557027dd4ca7b299a4456467c94d.html,主管部门公开来源与保存原件,round6/risk_change/风险集变动_74型号逐源对照.csv,,,
DXK6442EFBEV,新增历史撤销：退出风险集；原ready=1,73b31afdaf90fd5efa32063308a9ac4123b0bf2d86f941abbe3e9c4db09e7a3d,1963fd09c4502d60c90a4a4a28660d9236ae19a3d126520c54c4ba5c98a5863d,11e493ec70376fde3b463dcbc701bbda91f2bb7fc94c1a567e41e031a4fb8ce7,1,0,0,1,0,0,1,0,0,evt-52355dec7907d468,2018-05-22独立撤销公告,2018-05-22,new-wd20180522-row-334,f943ccd1e796aba5e16386cf5e0b83e4ec9c6b8f33ba57522dc011d940e89915,"{""text_line_1based"": 338, ""row_sequence"": 334, ""model_column_1based"": 3, ""engine"": ""LibreOffice Word97-to-text; 5-column full sequence enumeration""}",https://www.miit.gov.cn/cms_files/filemanager/oldfile/miit/n1146285/n1146352/n3054355/n3057585/n3057589/c6181659/part/6181674.doc,https://www.miit.gov.cn/jgsj/zbys/gzdt/art/2020/art_c997557027dd4ca7b299a4456467c94d.html,主管部门公开来源与保存原件,round6/risk_change/风险集变动_74型号逐源对照.csv,,,
DXK6450ECBEV,新增历史撤销：退出风险集；原ready=1,73b31afdaf90fd5efa32063308a9ac4123b0bf2d86f941abbe3e9c4db09e7a3d,1963fd09c4502d60c90a4a4a28660d9236ae19a3d126520c54c4ba5c98a5863d,11e493ec70376fde3b463dcbc701bbda91f2bb7fc94c1a567e41e031a4fb8ce7,1,0,0,1,0,0,1,0,0,evt-7580a3b83fa65cb1,2018-05-22独立撤销公告,2018-05-22,new-wd20180522-row-333,f943ccd1e796aba5e16386cf5e0b83e4ec9c6b8f33ba57522dc011d940e89915,"{""text_line_1based"": 337, ""row_sequence"": 333, ""model_column_1based"": 3, ""engine"": ""LibreOffice Word97-to-text; 5-column full sequence enumeration""}",https://www.miit.gov.cn/cms_files/filemanager/oldfile/miit/n1146285/n1146352/n3054355/n3057585/n3057589/c6181659/part/6181674.doc,https://www.miit.gov.cn/jgsj/zbys/gzdt/art/2020/art_c997557027dd4ca7b299a4456467c94d.html,主管部门公开来源与保存原件,round6/risk_change/风险集变动_74型号逐源对照.csv,,,
FJ6411BEVA1,新增历史撤销：退出风险集；原ready=1,73b31afdaf90fd5efa32063308a9ac4123b0bf2d86f941abbe3e9c4db09e7a3d,1963fd09c4502d60c90a4a4a28660d9236ae19a3d126520c54c4ba5c98a5863d,11e493ec70376fde3b463dcbc701bbda91f2bb7fc94c1a567e41e031a4fb8ce7,1,0,0,1,0,0,1,0,0,evt-4ec074d97341036d,2018-05-22独立撤销公告,2018-05-22,new-wd20180522-row-351,f943ccd1e796aba5e16386cf5e0b83e4ec9c6b8f33ba57522dc011d940e89915,"{""text_line_1based"": 355, ""row_sequence"": 351, ""model_column_1based"": 3, ""engine"": ""LibreOffice Word97-to-text; 5-column full sequence enumeration""}",https://www.miit.gov.cn/cms_files/filemanager/oldfile/miit/n1146285/n1146352/n3054355/n3057585/n3057589/c6181659/part/6181674.doc,https://www.miit.gov.cn/jgsj/zbys/gzdt/art/2020/art_c997557027dd4ca7b299a4456467c94d.html,主管部门公开来源与保存原件,round6/risk_change/风险集变动_74型号逐源对照.csv,,,
GA6440SBEV,新增历史撤销：退出风险集；原ready=1,73b31afdaf90fd5efa32063308a9ac4123b0bf2d86f941abbe3e9c4db09e7a3d,1963fd09c4502d60c90a4a4a28660d9236ae19a3d126520c54c4ba5c98a5863d,11e493ec70376fde3b463dcbc701bbda91f2bb7fc94c1a567e41e031a4fb8ce7,1,0,0,1,0,0,1,0,0,evt-148d4cade0f93d77,2018-05-22独立撤销公告,2018-05-22,new-wd20180522-row-373,f943ccd1e796aba5e16386cf5e0b83e4ec9c6b8f33ba57522dc011d940e89915,"{""text_line_1based"": 377, ""row_sequence"": 373, ""model_column_1based"": 3, ""engine"": ""LibreOffice Word97-to-text; 5-column full sequence enumeration""}",https://www.miit.gov.cn/cms_files/filemanager/oldfile/miit/n1146285/n1146352/n3054355/n3057585/n3057589/c6181659/part/6181674.doc,https://www.miit.gov.cn/jgsj/zbys/gzdt/art/2020/art_c997557027dd4ca7b299a4456467c94d.html,主管部门公开来源与保存原件,round6/risk_change/风险集变动_74型号逐源对照.csv,,,
GAC6450BEVA0,新增历史撤销：退出风险集；原ready=1,73b31afdaf90fd5efa32063308a9ac4123b0bf2d86f941abbe3e9c4db09e7a3d,1963fd09c4502d60c90a4a4a28660d9236ae19a3d126520c54c4ba5c98a5863d,11e493ec70376fde3b463dcbc701bbda91f2bb7fc94c1a567e41e031a4fb8ce7,1,0,0,1,0,0,1,0,0,evt-7f51fb22c9cd1bc7,2018-05-22独立撤销公告,2018-05-22,new-wd20180522-row-378,f943ccd1e796aba5e16386cf5e0b83e4ec9c6b8f33ba57522dc011d940e89915,"{""text_line_1based"": 382, ""row_sequence"": 378, ""model_column_1based"": 3, ""engine"": ""LibreOffice Word97-to-text; 5-column full sequence enumeration""}",https://www.miit.gov.cn/cms_files/filemanager/oldfile/miit/n1146285/n1146352/n3054355/n3057585/n3057589/c6181659/part/6181674.doc,https://www.miit.gov.cn/jgsj/zbys/gzdt/art/2020/art_c997557027dd4ca7b299a4456467c94d.html,主管部门公开来源与保存原件,round6/risk_change/风险集变动_74型号逐源对照.csv,,,
HFC7001A2EV,新增历史撤销：退出风险集；原ready=1,73b31afdaf90fd5efa32063308a9ac4123b0bf2d86f941abbe3e9c4db09e7a3d,1963fd09c4502d60c90a4a4a28660d9236ae19a3d126520c54c4ba5c98a5863d,11e493ec70376fde3b463dcbc701bbda91f2bb7fc94c1a567e41e031a4fb8ce7,1,0,0,1,0,0,1,0,0,evt-1c7ac9b2037ca3ab,2018-05-22独立撤销公告,2018-05-22,new-wd20180522-row-73,f943ccd1e796aba5e16386cf5e0b83e4ec9c6b8f33ba57522dc011d940e89915,"{""text_line_1based"": 77, ""row_sequence"": 73, ""model_column_1based"": 3, ""engine"": ""LibreOffice Word97-to-text; 5-column full sequence enumeration""}",https://www.miit.gov.cn/cms_files/filemanager/oldfile/miit/n1146285/n1146352/n3054355/n3057585/n3057589/c6181659/part/6181674.doc,https://www.miit.gov.cn/jgsj/zbys/gzdt/art/2020/art_c997557027dd4ca7b299a4456467c94d.html,主管部门公开来源与保存原件,round6/risk_change/风险集变动_74型号逐源对照.csv,,,
HFC7001EA1EV,新增历史撤销：退出风险集；原ready=1,73b31afdaf90fd5efa32063308a9ac4123b0bf2d86f941abbe3e9c4db09e7a3d,1963fd09c4502d60c90a4a4a28660d9236ae19a3d126520c54c4ba5c98a5863d,11e493ec70376fde3b463dcbc701bbda91f2bb7fc94c1a567e41e031a4fb8ce7,1,0,0,1,0,0,1,0,0,evt-721c3a7e393c1d7a,2018-05-22独立撤销公告,2018-05-22,new-wd20180522-row-80,f943ccd1e796aba5e16386cf5e0b83e4ec9c6b8f33ba57522dc011d940e89915,"{""text_line_1based"": 84, ""row_sequence"": 80, ""model_column_1based"": 3, ""engine"": ""LibreOffice Word97-to-text; 5-column full sequence enumeration""}",https://www.miit.gov.cn/cms_files/filemanager/oldfile/miit/n1146285/n1146352/n3054355/n3057585/n3057589/c6181659/part/6181674.doc,https://www.miit.gov.cn/jgsj/zbys/gzdt/art/2020/art_c997557027dd4ca7b299a4456467c94d.html,主管部门公开来源与保存原件,round6/risk_change/风险集变动_74型号逐源对照.csv,,,
HMA7003S15BEV,新增历史撤销：退出风险集；原ready=1,73b31afdaf90fd5efa32063308a9ac4123b0bf2d86f941abbe3e9c4db09e7a3d,1963fd09c4502d60c90a4a4a28660d9236ae19a3d126520c54c4ba5c98a5863d,11e493ec70376fde3b463dcbc701bbda91f2bb7fc94c1a567e41e031a4fb8ce7,1,0,0,1,0,0,1,0,0,evt-8a2814e9a81e5805,2018-05-22独立撤销公告,2018-05-22,new-wd20180522-row-406,f943ccd1e796aba5e16386cf5e0b83e4ec9c6b8f33ba57522dc011d940e89915,"{""text_line_1based"": 410, ""row_sequence"": 406, ""model_column_1based"": 3, ""engine"": ""LibreOffice Word97-to-text; 5-column full sequence enumeration""}",https://www.miit.gov.cn/cms_files/filemanager/oldfile/miit/n1146285/n1146352/n3054355/n3057585/n3057589/c6181659/part/6181674.doc,https://www.miit.gov.cn/jgsj/zbys/gzdt/art/2020/art_c997557027dd4ca7b299a4456467c94d.html,主管部门公开来源与保存原件,round6/risk_change/风险集变动_74型号逐源对照.csv,,,
HMA7005S30BEV,新增历史撤销：退出风险集；原ready=1,73b31afdaf90fd5efa32063308a9ac4123b0bf2d86f941abbe3e9c4db09e7a3d,1963fd09c4502d60c90a4a4a28660d9236ae19a3d126520c54c4ba5c98a5863d,11e493ec70376fde3b463dcbc701bbda91f2bb7fc94c1a567e41e031a4fb8ce7,1,0,0,1,0,0,1,0,0,evt-c130c4fd9363d3fb,2018-05-22独立撤销公告,2018-05-22,new-wd20180522-row-405,f943ccd1e796aba5e16386cf5e0b83e4ec9c6b8f33ba57522dc011d940e89915,"{""text_line_1based"": 409, ""row_sequence"": 405, ""model_column_1based"": 3, ""engine"": ""LibreOffice Word97-to-text; 5-column full sequence enumeration""}",https://www.miit.gov.cn/cms_files/filemanager/oldfile/miit/n1146285/n1146352/n3054355/n3057585/n3057589/c6181659/part/6181674.doc,https://www.miit.gov.cn/jgsj/zbys/gzdt/art/2020/art_c997557027dd4ca7b299a4456467c94d.html,主管部门公开来源与保存原件,round6/risk_change/风险集变动_74型号逐源对照.csv,,,
HMC6481MM0BEV,新增历史撤销：退出风险集；原ready=1,73b31afdaf90fd5efa32063308a9ac4123b0bf2d86f941abbe3e9c4db09e7a3d,1963fd09c4502d60c90a4a4a28660d9236ae19a3d126520c54c4ba5c98a5863d,11e493ec70376fde3b463dcbc701bbda91f2bb7fc94c1a567e41e031a4fb8ce7,1,0,0,1,0,0,1,0,0,evt-4d46005c7cef2fa3,28,2019-12-10,new-wd28-row-45,666f5befd4f2b67c08d2e2022cb2708007fb89babb38aa5c66b04ffb5702ae10,"{""text_line_1based"": 49, ""row_sequence"": 45, ""model_column_1based"": 3, ""engine"": ""LibreOffice Word97-to-text; 5-column full sequence enumeration""}",https://www.miit.gov.cn/cms_files/filemanager/oldfile/miit/n1146295/n1652858/n1652930/n4509607/c7564229/part/7564256.doc,https://www.miit.gov.cn/zwgk/zcwj/wjfb/gg/art/2020/art_891208b8af8448f9b37ccf41476d0c13.html,主管部门公开来源与保存原件,round6/risk_change/风险集变动_74型号逐源对照.csv,,,
JL7001BEV03,新增历史撤销：退出风险集；原ready=1,73b31afdaf90fd5efa32063308a9ac4123b0bf2d86f941abbe3e9c4db09e7a3d,1963fd09c4502d60c90a4a4a28660d9236ae19a3d126520c54c4ba5c98a5863d,11e493ec70376fde3b463dcbc701bbda91f2bb7fc94c1a567e41e031a4fb8ce7,1,0,0,1,0,0,1,0,0,evt-db966a3d7fa12974,2018-05-22独立撤销公告,2018-05-22,new-wd20180522-row-1573,f943ccd1e796aba5e16386cf5e0b83e4ec9c6b8f33ba57522dc011d940e89915,"{""text_line_1based"": 1577, ""row_sequence"": 1573, ""model_column_1based"": 3, ""engine"": ""LibreOffice Word97-to-text; 5-column full sequence enumeration""}",https://www.miit.gov.cn/cms_files/filemanager/oldfile/miit/n1146285/n1146352/n3054355/n3057585/n3057589/c6181659/part/6181674.doc,https://www.miit.gov.cn/jgsj/zbys/gzdt/art/2020/art_c997557027dd4ca7b299a4456467c94d.html,主管部门公开来源与保存原件,round6/risk_change/风险集变动_74型号逐源对照.csv,,,
JL7001BEV31,新增历史撤销：退出风险集；原ready=1,73b31afdaf90fd5efa32063308a9ac4123b0bf2d86f941abbe3e9c4db09e7a3d,1963fd09c4502d60c90a4a4a28660d9236ae19a3d126520c54c4ba5c98a5863d,11e493ec70376fde3b463dcbc701bbda91f2bb7fc94c1a567e41e031a4fb8ce7,1,0,0,1,0,0,1,0,0,evt-81d7659e3c4165fa,2018-05-22独立撤销公告,2018-05-22,new-wd20180522-row-1574,f943ccd1e796aba5e16386cf5e0b83e4ec9c6b8f33ba57522dc011d940e89915,"{""text_line_1based"": 1578, ""row_sequence"": 1574, ""model_column_1based"": 3, ""engine"": ""LibreOffice Word97-to-text; 5-column full sequence enumeration""}",https://www.miit.gov.cn/cms_files/filemanager/oldfile/miit/n1146285/n1146352/n3054355/n3057585/n3057589/c6181659/part/6181674.doc,https://www.miit.gov.cn/jgsj/zbys/gzdt/art/2020/art_c997557027dd4ca7b299a4456467c94d.html,主管部门公开来源与保存原件,round6/risk_change/风险集变动_74型号逐源对照.csv,,,
JMV6400BEV,新增历史撤销：退出风险集；原ready=1,73b31afdaf90fd5efa32063308a9ac4123b0bf2d86f941abbe3e9c4db09e7a3d,1963fd09c4502d60c90a4a4a28660d9236ae19a3d126520c54c4ba5c98a5863d,11e493ec70376fde3b463dcbc701bbda91f2bb7fc94c1a567e41e031a4fb8ce7,1,0,0,1,0,0,1,0,0,evt-e37c71a60f9df28b,2018-05-22独立撤销公告,2018-05-22,new-wd20180522-row-712,f943ccd1e796aba5e16386cf5e0b83e4ec9c6b8f33ba57522dc011d940e89915,"{""text_line_1based"": 716, ""row_sequence"": 712, ""model_column_1based"": 3, ""engine"": ""LibreOffice Word97-to-text; 5-column full sequence enumeration""}",https://www.miit.gov.cn/cms_files/filemanager/oldfile/miit/n1146285/n1146352/n3054355/n3057585/n3057589/c6181659/part/6181674.doc,https://www.miit.gov.cn/jgsj/zbys/gzdt/art/2020/art_c997557027dd4ca7b299a4456467c94d.html,主管部门公开来源与保存原件,round6/risk_change/风险集变动_74型号逐源对照.csv,,,
JNJ6455EV,新增历史撤销：退出风险集；原ready=1,73b31afdaf90fd5efa32063308a9ac4123b0bf2d86f941abbe3e9c4db09e7a3d,1963fd09c4502d60c90a4a4a28660d9236ae19a3d126520c54c4ba5c98a5863d,11e493ec70376fde3b463dcbc701bbda91f2bb7fc94c1a567e41e031a4fb8ce7,1,0,0,1,0,0,1,0,0,evt-bbe7c24b4b76a0eb,2018-05-22独立撤销公告,2018-05-22,new-wd20180522-row-474,f943ccd1e796aba5e16386cf5e0b83e4ec9c6b8f33ba57522dc011d940e89915,"{""text_line_1based"": 478, ""row_sequence"": 474, ""model_column_1based"": 3, ""engine"": ""LibreOffice Word97-to-text; 5-column full sequence enumeration""}",https://www.miit.gov.cn/cms_files/filemanager/oldfile/miit/n1146285/n1146352/n3054355/n3057585/n3057589/c6181659/part/6181674.doc,https://www.miit.gov.cn/jgsj/zbys/gzdt/art/2020/art_c997557027dd4ca7b299a4456467c94d.html,主管部门公开来源与保存原件,round6/risk_change/风险集变动_74型号逐源对照.csv,,,
JNJ7000EVA5,新增历史撤销：退出风险集；原ready=1,73b31afdaf90fd5efa32063308a9ac4123b0bf2d86f941abbe3e9c4db09e7a3d,1963fd09c4502d60c90a4a4a28660d9236ae19a3d126520c54c4ba5c98a5863d,11e493ec70376fde3b463dcbc701bbda91f2bb7fc94c1a567e41e031a4fb8ce7,1,0,0,1,0,0,1,0,0,evt-a9f7d924f3cdaf6a,2018-05-22独立撤销公告,2018-05-22,new-wd20180522-row-463,f943ccd1e796aba5e16386cf5e0b83e4ec9c6b8f33ba57522dc011d940e89915,"{""text_line_1based"": 467, ""row_sequence"": 463, ""model_column_1based"": 3, ""engine"": ""LibreOffice Word97-to-text; 5-column full sequence enumeration""}",https://www.miit.gov.cn/cms_files/filemanager/oldfile/miit/n1146285/n1146352/n3054355/n3057585/n3057589/c6181659/part/6181674.doc,https://www.miit.gov.cn/jgsj/zbys/gzdt/art/2020/art_c997557027dd4ca7b299a4456467c94d.html,主管部门公开来源与保存原件,round6/risk_change/风险集变动_74型号逐源对照.csv,,,
JNJ7000EVA7,新增历史撤销：退出风险集；原ready=1,73b31afdaf90fd5efa32063308a9ac4123b0bf2d86f941abbe3e9c4db09e7a3d,1963fd09c4502d60c90a4a4a28660d9236ae19a3d126520c54c4ba5c98a5863d,11e493ec70376fde3b463dcbc701bbda91f2bb7fc94c1a567e41e031a4fb8ce7,1,0,0,1,0,0,1,0,0,evt-25989f523701fd0a,2018-05-22独立撤销公告,2018-05-22,new-wd20180522-row-472,f943ccd1e796aba5e16386cf5e0b83e4ec9c6b8f33ba57522dc011d940e89915,"{""text_line_1based"": 476, ""row_sequence"": 472, ""model_column_1based"": 3, ""engine"": ""LibreOffice Word97-to-text; 5-column full sequence enumeration""}",https://www.miit.gov.cn/cms_files/filemanager/oldfile/miit/n1146285/n1146352/n3054355/n3057585/n3057589/c6181659/part/6181674.doc,https://www.miit.gov.cn/jgsj/zbys/gzdt/art/2020/art_c997557027dd4ca7b299a4456467c94d.html,主管部门公开来源与保存原件,round6/risk_change/风险集变动_74型号逐源对照.csv,,,
JNJ7000EVA8,新增历史撤销：退出风险集；原ready=1,73b31afdaf90fd5efa32063308a9ac4123b0bf2d86f941abbe3e9c4db09e7a3d,1963fd09c4502d60c90a4a4a28660d9236ae19a3d126520c54c4ba5c98a5863d,11e493ec70376fde3b463dcbc701bbda91f2bb7fc94c1a567e41e031a4fb8ce7,1,0,0,1,0,0,1,0,0,evt-49fccc497a1740d2,2018-05-22独立撤销公告,2018-05-22,new-wd20180522-row-473,f943ccd1e796aba5e16386cf5e0b83e4ec9c6b8f33ba57522dc011d940e89915,"{""text_line_1based"": 477, ""row_sequence"": 473, ""model_column_1based"": 3, ""engine"": ""LibreOffice Word97-to-text; 5-column full sequence enumeration""}",https://www.miit.gov.cn/cms_files/filemanager/oldfile/miit/n1146285/n1146352/n3054355/n3057585/n3057589/c6181659/part/6181674.doc,https://www.miit.gov.cn/jgsj/zbys/gzdt/art/2020/art_c997557027dd4ca7b299a4456467c94d.html,主管部门公开来源与保存原件,round6/risk_change/风险集变动_74型号逐源对照.csv,,,
JNJ7000EVM3,新增历史撤销：退出风险集；原ready=1,73b31afdaf90fd5efa32063308a9ac4123b0bf2d86f941abbe3e9c4db09e7a3d,1963fd09c4502d60c90a4a4a28660d9236ae19a3d126520c54c4ba5c98a5863d,11e493ec70376fde3b463dcbc701bbda91f2bb7fc94c1a567e41e031a4fb8ce7,1,0,0,1,0,0,1,0,0,evt-2196628dda5ed54e,2018-05-22独立撤销公告,2018-05-22,new-wd20180522-row-462,f943ccd1e796aba5e16386cf5e0b83e4ec9c6b8f33ba57522dc011d940e89915,"{""text_line_1based"": 466, ""row_sequence"": 462, ""model_column_1based"": 3, ""engine"": ""LibreOffice Word97-to-text; 5-column full sequence enumeration""}",https://www.miit.gov.cn/cms_files/filemanager/oldfile/miit/n1146285/n1146352/n3054355/n3057585/n3057589/c6181659/part/6181674.doc,https://www.miit.gov.cn/jgsj/zbys/gzdt/art/2020/art_c997557027dd4ca7b299a4456467c94d.html,主管部门公开来源与保存原件,round6/risk_change/风险集变动_74型号逐源对照.csv,,,
JNJ7000EVS,新增历史撤销：退出风险集；原ready=1,73b31afdaf90fd5efa32063308a9ac4123b0bf2d86f941abbe3e9c4db09e7a3d,1963fd09c4502d60c90a4a4a28660d9236ae19a3d126520c54c4ba5c98a5863d,11e493ec70376fde3b463dcbc701bbda91f2bb7fc94c1a567e41e031a4fb8ce7,1,0,0,1,0,0,1,0,0,evt-f8d98f3362caa8dc,2018-05-22独立撤销公告,2018-05-22,new-wd20180522-row-468,f943ccd1e796aba5e16386cf5e0b83e4ec9c6b8f33ba57522dc011d940e89915,"{""text_line_1based"": 472, ""row_sequence"": 468, ""model_column_1based"": 3, ""engine"": ""LibreOffice Word97-to-text; 5-column full sequence enumeration""}",https://www.miit.gov.cn/cms_files/filemanager/oldfile/miit/n1146285/n1146352/n3054355/n3057585/n3057589/c6181659/part/6181674.doc,https://www.miit.gov.cn/jgsj/zbys/gzdt/art/2020/art_c997557027dd4ca7b299a4456467c94d.html,主管部门公开来源与保存原件,round6/risk_change/风险集变动_74型号逐源对照.csv,,,
JNJ7000EVX1,新增历史撤销：退出风险集；原ready=1,73b31afdaf90fd5efa32063308a9ac4123b0bf2d86f941abbe3e9c4db09e7a3d,1963fd09c4502d60c90a4a4a28660d9236ae19a3d126520c54c4ba5c98a5863d,11e493ec70376fde3b463dcbc701bbda91f2bb7fc94c1a567e41e031a4fb8ce7,1,0,0,1,0,0,1,0,0,evt-1d71ea5ab5ea236f,2018-05-22独立撤销公告,2018-05-22,new-wd20180522-row-464,f943ccd1e796aba5e16386cf5e0b83e4ec9c6b8f33ba57522dc011d940e89915,"{""text_line_1based"": 468, ""row_sequence"": 464, ""model_column_1based"": 3, ""engine"": ""LibreOffice Word97-to-text; 5-column full sequence enumeration""}",https://www.miit.gov.cn/cms_files/filemanager/oldfile/miit/n1146285/n1146352/n3054355/n3057585/n3057589/c6181659/part/6181674.doc,https://www.miit.gov.cn/jgsj/zbys/gzdt/art/2020/art_c997557027dd4ca7b299a4456467c94d.html,主管部门公开来源与保存原件,round6/risk_change/风险集变动_74型号逐源对照.csv,,,
JNJ7000EVX10,新增历史撤销：退出风险集；原已不足未计入ready,73b31afdaf90fd5efa32063308a9ac4123b0bf2d86f941abbe3e9c4db09e7a3d,1963fd09c4502d60c90a4a4a28660d9236ae19a3d126520c54c4ba5c98a5863d,11e493ec70376fde3b463dcbc701bbda91f2bb7fc94c1a567e41e031a4fb8ce7,1,0,0,0,0,0,0,0,0,evt-f644b74a1fb3fe06,2018-05-22独立撤销公告,2018-05-22,new-wd20180522-row-470,f943ccd1e796aba5e16386cf5e0b83e4ec9c6b8f33ba57522dc011d940e89915,"{""text_line_1based"": 474, ""row_sequence"": 470, ""model_column_1based"": 3, ""engine"": ""LibreOffice Word97-to-text; 5-column full sequence enumeration""}",https://www.miit.gov.cn/cms_files/filemanager/oldfile/miit/n1146285/n1146352/n3054355/n3057585/n3057589/c6181659/part/6181674.doc,https://www.miit.gov.cn/jgsj/zbys/gzdt/art/2020/art_c997557027dd4ca7b299a4456467c94d.html,主管部门公开来源与保存原件,round6/risk_change/风险集变动_74型号逐源对照.csv,,,
JNJ7000EVX11,新增历史撤销：退出风险集；原已不足未计入ready,73b31afdaf90fd5efa32063308a9ac4123b0bf2d86f941abbe3e9c4db09e7a3d,1963fd09c4502d60c90a4a4a28660d9236ae19a3d126520c54c4ba5c98a5863d,11e493ec70376fde3b463dcbc701bbda91f2bb7fc94c1a567e41e031a4fb8ce7,1,0,0,0,0,0,0,0,0,evt-46f57d9a4bb65e95,2018-05-22独立撤销公告,2018-05-22,new-wd20180522-row-471,f943ccd1e796aba5e16386cf5e0b83e4ec9c6b8f33ba57522dc011d940e89915,"{""text_line_1based"": 475, ""row_sequence"": 471, ""model_column_1based"": 3, ""engine"": ""LibreOffice Word97-to-text; 5-column full sequence enumeration""}",https://www.miit.gov.cn/cms_files/filemanager/oldfile/miit/n1146285/n1146352/n3054355/n3057585/n3057589/c6181659/part/6181674.doc,https://www.miit.gov.cn/jgsj/zbys/gzdt/art/2020/art_c997557027dd4ca7b299a4456467c94d.html,主管部门公开来源与保存原件,round6/risk_change/风险集变动_74型号逐源对照.csv,,,
JNJ7000EVX15,新增历史撤销：退出风险集；原已不足未计入ready,73b31afdaf90fd5efa32063308a9ac4123b0bf2d86f941abbe3e9c4db09e7a3d,1963fd09c4502d60c90a4a4a28660d9236ae19a3d126520c54c4ba5c98a5863d,11e493ec70376fde3b463dcbc701bbda91f2bb7fc94c1a567e41e031a4fb8ce7,1,0,0,0,0,0,0,0,0,evt-b837881b2154feec,2018-05-22独立撤销公告,2018-05-22,new-wd20180522-row-475,f943ccd1e796aba5e16386cf5e0b83e4ec9c6b8f33ba57522dc011d940e89915,"{""text_line_1based"": 479, ""row_sequence"": 475, ""model_column_1based"": 3, ""engine"": ""LibreOffice Word97-to-text; 5-column full sequence enumeration""}",https://www.miit.gov.cn/cms_files/filemanager/oldfile/miit/n1146285/n1146352/n3054355/n3057585/n3057589/c6181659/part/6181674.doc,https://www.miit.gov.cn/jgsj/zbys/gzdt/art/2020/art_c997557027dd4ca7b299a4456467c94d.html,主管部门公开来源与保存原件,round6/risk_change/风险集变动_74型号逐源对照.csv,,,
JNJ7000EVX2,新增历史撤销：退出风险集；原ready=1,73b31afdaf90fd5efa32063308a9ac4123b0bf2d86f941abbe3e9c4db09e7a3d,1963fd09c4502d60c90a4a4a28660d9236ae19a3d126520c54c4ba5c98a5863d,11e493ec70376fde3b463dcbc701bbda91f2bb7fc94c1a567e41e031a4fb8ce7,1,0,0,1,0,0,1,0,0,evt-73903fd8edc5f8c4,2018-05-22独立撤销公告,2018-05-22,new-wd20180522-row-465,f943ccd1e796aba5e16386cf5e0b83e4ec9c6b8f33ba57522dc011d940e89915,"{""text_line_1based"": 469, ""row_sequence"": 465, ""model_column_1based"": 3, ""engine"": ""LibreOffice Word97-to-text; 5-column full sequence enumeration""}",https://www.miit.gov.cn/cms_files/filemanager/oldfile/miit/n1146285/n1146352/n3054355/n3057585/n3057589/c6181659/part/6181674.doc,https://www.miit.gov.cn/jgsj/zbys/gzdt/art/2020/art_c997557027dd4ca7b299a4456467c94d.html,主管部门公开来源与保存原件,round6/risk_change/风险集变动_74型号逐源对照.csv,,,
JNJ7000EVX4,新增历史撤销：退出风险集；原已不足未计入ready,73b31afdaf90fd5efa32063308a9ac4123b0bf2d86f941abbe3e9c4db09e7a3d,1963fd09c4502d60c90a4a4a28660d9236ae19a3d126520c54c4ba5c98a5863d,11e493ec70376fde3b463dcbc701bbda91f2bb7fc94c1a567e41e031a4fb8ce7,1,0,0,0,0,0,0,0,0,evt-c1ac6cc97b375107,2018-05-22独立撤销公告,2018-05-22,new-wd20180522-row-466,f943ccd1e796aba5e16386cf5e0b83e4ec9c6b8f33ba57522dc011d940e89915,"{""text_line_1based"": 470, ""row_sequence"": 466, ""model_column_1based"": 3, ""engine"": ""LibreOffice Word97-to-text; 5-column full sequence enumeration""}",https://www.miit.gov.cn/cms_files/filemanager/oldfile/miit/n1146285/n1146352/n3054355/n3057585/n3057589/c6181659/part/6181674.doc,https://www.miit.gov.cn/jgsj/zbys/gzdt/art/2020/art_c997557027dd4ca7b299a4456467c94d.html,主管部门公开来源与保存原件,round6/risk_change/风险集变动_74型号逐源对照.csv,,,
JNJ7000EVX5,新增历史撤销：退出风险集；原ready=1,73b31afdaf90fd5efa32063308a9ac4123b0bf2d86f941abbe3e9c4db09e7a3d,1963fd09c4502d60c90a4a4a28660d9236ae19a3d126520c54c4ba5c98a5863d,11e493ec70376fde3b463dcbc701bbda91f2bb7fc94c1a567e41e031a4fb8ce7,1,0,0,1,0,0,1,0,0,evt-33f3c5d932ab3791,2018-05-22独立撤销公告,2018-05-22,new-wd20180522-row-467,f943ccd1e796aba5e16386cf5e0b83e4ec9c6b8f33ba57522dc011d940e89915,"{""text_line_1based"": 471, ""row_sequence"": 467, ""model_column_1based"": 3, ""engine"": ""LibreOffice Word97-to-text; 5-column full sequence enumeration""}",https://www.miit.gov.cn/cms_files/filemanager/oldfile/miit/n1146285/n1146352/n3054355/n3057585/n3057589/c6181659/part/6181674.doc,https://www.miit.gov.cn/jgsj/zbys/gzdt/art/2020/art_c997557027dd4ca7b299a4456467c94d.html,主管部门公开来源与保存原件,round6/risk_change/风险集变动_74型号逐源对照.csv,,,
JNJ7000EVX8,新增历史撤销：退出风险集；原已不足未计入ready,73b31afdaf90fd5efa32063308a9ac4123b0bf2d86f941abbe3e9c4db09e7a3d,1963fd09c4502d60c90a4a4a28660d9236ae19a3d126520c54c4ba5c98a5863d,11e493ec70376fde3b463dcbc701bbda91f2bb7fc94c1a567e41e031a4fb8ce7,1,0,0,0,0,0,0,0,0,evt-9b39062bb33fded3,2018-05-22独立撤销公告,2018-05-22,new-wd20180522-row-469,f943ccd1e796aba5e16386cf5e0b83e4ec9c6b8f33ba57522dc011d940e89915,"{""text_line_1based"": 473, ""row_sequence"": 469, ""model_column_1based"": 3, ""engine"": ""LibreOffice Word97-to-text; 5-column full sequence enumeration""}",https://www.miit.gov.cn/cms_files/filemanager/oldfile/miit/n1146285/n1146352/n3054355/n3057585/n3057589/c6181659/part/6181674.doc,https://www.miit.gov.cn/jgsj/zbys/gzdt/art/2020/art_c997557027dd4ca7b299a4456467c94d.html,主管部门公开来源与保存原件,round6/risk_change/风险集变动_74型号逐源对照.csv,,,
JNP7000BEV,新增历史撤销：退出风险集；原ready=1,73b31afdaf90fd5efa32063308a9ac4123b0bf2d86f941abbe3e9c4db09e7a3d,1963fd09c4502d60c90a4a4a28660d9236ae19a3d126520c54c4ba5c98a5863d,11e493ec70376fde3b463dcbc701bbda91f2bb7fc94c1a567e41e031a4fb8ce7,1,0,0,1,0,0,1,0,0,evt-07417bbe28e6b287,2018-05-22独立撤销公告,2018-05-22,new-wd20180522-row-733,f943ccd1e796aba5e16386cf5e0b83e4ec9c6b8f33ba57522dc011d940e89915,"{""text_line_1based"": 737, ""row_sequence"": 733, ""model_column_1based"": 3, ""engine"": ""LibreOffice Word97-to-text; 5-column full sequence enumeration""}",https://www.miit.gov.cn/cms_files/filemanager/oldfile/miit/n1146285/n1146352/n3054355/n3057585/n3057589/c6181659/part/6181674.doc,https://www.miit.gov.cn/jgsj/zbys/gzdt/art/2020/art_c997557027dd4ca7b299a4456467c94d.html,主管部门公开来源与保存原件,round6/risk_change/风险集变动_74型号逐源对照.csv,,,
JNQ6460BEV,新增历史撤销：退出风险集；原ready=1,73b31afdaf90fd5efa32063308a9ac4123b0bf2d86f941abbe3e9c4db09e7a3d,1963fd09c4502d60c90a4a4a28660d9236ae19a3d126520c54c4ba5c98a5863d,11e493ec70376fde3b463dcbc701bbda91f2bb7fc94c1a567e41e031a4fb8ce7,1,0,0,1,0,0,1,0,0,evt-f2e9eb84bad7b83b,2018-05-22独立撤销公告,2018-05-22,new-wd20180522-row-593,f943ccd1e796aba5e16386cf5e0b83e4ec9c6b8f33ba57522dc011d940e89915,"{""text_line_1based"": 597, ""row_sequence"": 593, ""model_column_1based"": 3, ""engine"": ""LibreOffice Word97-to-text; 5-column full sequence enumeration""}",https://www.miit.gov.cn/cms_files/filemanager/oldfile/miit/n1146285/n1146352/n3054355/n3057585/n3057589/c6181659/part/6181674.doc,https://www.miit.gov.cn/jgsj/zbys/gzdt/art/2020/art_c997557027dd4ca7b299a4456467c94d.html,主管部门公开来源与保存原件,round6/risk_change/风险集变动_74型号逐源对照.csv,,,
JNQ6460BEV1,新增历史撤销：退出风险集；原ready=1,73b31afdaf90fd5efa32063308a9ac4123b0bf2d86f941abbe3e9c4db09e7a3d,1963fd09c4502d60c90a4a4a28660d9236ae19a3d126520c54c4ba5c98a5863d,11e493ec70376fde3b463dcbc701bbda91f2bb7fc94c1a567e41e031a4fb8ce7,1,0,0,1,0,0,1,0,0,evt-4217d1054ac5290e,2018-05-22独立撤销公告,2018-05-22,new-wd20180522-row-566,f943ccd1e796aba5e16386cf5e0b83e4ec9c6b8f33ba57522dc011d940e89915,"{""text_line_1based"": 570, ""row_sequence"": 566, ""model_column_1based"": 3, ""engine"": ""LibreOffice Word97-to-text; 5-column full sequence enumeration""}",https://www.miit.gov.cn/cms_files/filemanager/oldfile/miit/n1146285/n1146352/n3054355/n3057585/n3057589/c6181659/part/6181674.doc,https://www.miit.gov.cn/jgsj/zbys/gzdt/art/2020/art_c997557027dd4ca7b299a4456467c94d.html,主管部门公开来源与保存原件,round6/risk_change/风险集变动_74型号逐源对照.csv,,,
JX7007BEV,新增历史撤销：退出风险集；原ready=1,73b31afdaf90fd5efa32063308a9ac4123b0bf2d86f941abbe3e9c4db09e7a3d,1963fd09c4502d60c90a4a4a28660d9236ae19a3d126520c54c4ba5c98a5863d,11e493ec70376fde3b463dcbc701bbda91f2bb7fc94c1a567e41e031a4fb8ce7,1,0,0,1,0,0,1,0,0,evt-f7c3760575b47ff9,2018-05-22独立撤销公告,2018-05-22,new-wd20180522-row-517,f943ccd1e796aba5e16386cf5e0b83e4ec9c6b8f33ba57522dc011d940e89915,"{""text_line_1based"": 521, ""row_sequence"": 517, ""model_column_1based"": 3, ""engine"": ""LibreOffice Word97-to-text; 5-column full sequence enumeration""}",https://www.miit.gov.cn/cms_files/filemanager/oldfile/miit/n1146285/n1146352/n3054355/n3057585/n3057589/c6181659/part/6181674.doc,https://www.miit.gov.cn/jgsj/zbys/gzdt/art/2020/art_c997557027dd4ca7b299a4456467c94d.html,主管部门公开来源与保存原件,round6/risk_change/风险集变动_74型号逐源对照.csv,,,
LF6401CEV,新增历史撤销：退出风险集；原ready=1,73b31afdaf90fd5efa32063308a9ac4123b0bf2d86f941abbe3e9c4db09e7a3d,1963fd09c4502d60c90a4a4a28660d9236ae19a3d126520c54c4ba5c98a5863d,11e493ec70376fde3b463dcbc701bbda91f2bb7fc94c1a567e41e031a4fb8ce7,1,0,0,1,0,0,1,0,0,evt-23f358c5260a63b3,2018-05-22独立撤销公告,2018-05-22,new-wd20180522-row-1833,f943ccd1e796aba5e16386cf5e0b83e4ec9c6b8f33ba57522dc011d940e89915,"{""text_line_1based"": 1837, ""row_sequence"": 1833, ""model_column_1based"": 3, ""engine"": ""LibreOffice Word97-to-text; 5-column full sequence enumeration""}",https://www.miit.gov.cn/cms_files/filemanager/oldfile/miit/n1146285/n1146352/n3054355/n3057585/n3057589/c6181659/part/6181674.doc,https://www.miit.gov.cn/jgsj/zbys/gzdt/art/2020/art_c997557027dd4ca7b299a4456467c94d.html,主管部门公开来源与保存原件,round6/risk_change/风险集变动_74型号逐源对照.csv,,,
LZD7002BEV05,新增历史撤销：退出风险集；原ready=1,73b31afdaf90fd5efa32063308a9ac4123b0bf2d86f941abbe3e9c4db09e7a3d,1963fd09c4502d60c90a4a4a28660d9236ae19a3d126520c54c4ba5c98a5863d,11e493ec70376fde3b463dcbc701bbda91f2bb7fc94c1a567e41e031a4fb8ce7,1,0,0,1,0,0,1,0,0,evt-6a41e0c14bae7ba2,28,2019-12-10,new-wd28-row-64,666f5befd4f2b67c08d2e2022cb2708007fb89babb38aa5c66b04ffb5702ae10,"{""text_line_1based"": 68, ""row_sequence"": 64, ""model_column_1based"": 3, ""engine"": ""LibreOffice Word97-to-text; 5-column full sequence enumeration""}",https://www.miit.gov.cn/cms_files/filemanager/oldfile/miit/n1146295/n1652858/n1652930/n4509607/c7564229/part/7564256.doc,https://www.miit.gov.cn/zwgk/zcwj/wjfb/gg/art/2020/art_891208b8af8448f9b37ccf41476d0c13.html,主管部门公开来源与保存原件,round6/risk_change/风险集变动_74型号逐源对照.csv,,,
SC6406AVEV,新增历史撤销：退出风险集；原ready=1,73b31afdaf90fd5efa32063308a9ac4123b0bf2d86f941abbe3e9c4db09e7a3d,1963fd09c4502d60c90a4a4a28660d9236ae19a3d126520c54c4ba5c98a5863d,11e493ec70376fde3b463dcbc701bbda91f2bb7fc94c1a567e41e031a4fb8ce7,1,0,0,1,0,0,1,0,0,evt-f24323d0fc12961e,2018-05-22独立撤销公告,2018-05-22,new-wd20180522-row-421,f943ccd1e796aba5e16386cf5e0b83e4ec9c6b8f33ba57522dc011d940e89915,"{""text_line_1based"": 425, ""row_sequence"": 421, ""model_column_1based"": 3, ""engine"": ""LibreOffice Word97-to-text; 5-column full sequence enumeration""}",https://www.miit.gov.cn/cms_files/filemanager/oldfile/miit/n1146285/n1146352/n3054355/n3057585/n3057589/c6181659/part/6181674.doc,https://www.miit.gov.cn/jgsj/zbys/gzdt/art/2020/art_c997557027dd4ca7b299a4456467c94d.html,主管部门公开来源与保存原件,round6/risk_change/风险集变动_74型号逐源对照.csv,,,
SC7003AKBEV,新增历史撤销：退出风险集；原已不足未计入ready,73b31afdaf90fd5efa32063308a9ac4123b0bf2d86f941abbe3e9c4db09e7a3d,1963fd09c4502d60c90a4a4a28660d9236ae19a3d126520c54c4ba5c98a5863d,11e493ec70376fde3b463dcbc701bbda91f2bb7fc94c1a567e41e031a4fb8ce7,1,0,0,0,0,0,0,0,0,evt-b710e71c987fccaa,28,2019-12-10,new-wd28-row-78,666f5befd4f2b67c08d2e2022cb2708007fb89babb38aa5c66b04ffb5702ae10,"{""text_line_1based"": 82, ""row_sequence"": 78, ""model_column_1based"": 3, ""engine"": ""LibreOffice Word97-to-text; 5-column full sequence enumeration""}",https://www.miit.gov.cn/cms_files/filemanager/oldfile/miit/n1146295/n1652858/n1652930/n4509607/c7564229/part/7564256.doc,https://www.miit.gov.cn/zwgk/zcwj/wjfb/gg/art/2020/art_891208b8af8448f9b37ccf41476d0c13.html,主管部门公开来源与保存原件,round6/risk_change/风险集变动_74型号逐源对照.csv,,,
SC7005EV,新增历史撤销：退出风险集；原已不足未计入ready,73b31afdaf90fd5efa32063308a9ac4123b0bf2d86f941abbe3e9c4db09e7a3d,1963fd09c4502d60c90a4a4a28660d9236ae19a3d126520c54c4ba5c98a5863d,11e493ec70376fde3b463dcbc701bbda91f2bb7fc94c1a567e41e031a4fb8ce7,1,0,0,0,0,0,0,0,0,evt-8da4d74e4dcbb81a,2018-05-22独立撤销公告,2018-05-22,new-wd20180522-row-1849,f943ccd1e796aba5e16386cf5e0b83e4ec9c6b8f33ba57522dc011d940e89915,"{""text_line_1based"": 1853, ""row_sequence"": 1849, ""model_column_1based"": 3, ""engine"": ""LibreOffice Word97-to-text; 5-column full sequence enumeration""}",https://www.miit.gov.cn/cms_files/filemanager/oldfile/miit/n1146285/n1146352/n3054355/n3057585/n3057589/c6181659/part/6181674.doc,https://www.miit.gov.cn/jgsj/zbys/gzdt/art/2020/art_c997557027dd4ca7b299a4456467c94d.html,主管部门公开来源与保存原件,round6/risk_change/风险集变动_74型号逐源对照.csv,,,
SDH7000BEVAL,新增历史撤销：退出风险集；原ready=1,73b31afdaf90fd5efa32063308a9ac4123b0bf2d86f941abbe3e9c4db09e7a3d,1963fd09c4502d60c90a4a4a28660d9236ae19a3d126520c54c4ba5c98a5863d,11e493ec70376fde3b463dcbc701bbda91f2bb7fc94c1a567e41e031a4fb8ce7,1,0,0,1,0,0,1,0,0,evt-6a43bc5ba7433784,2018-05-22独立撤销公告,2018-05-22,new-wd20180522-row-1067,f943ccd1e796aba5e16386cf5e0b83e4ec9c6b8f33ba57522dc011d940e89915,"{""text_line_1based"": 1071, ""row_sequence"": 1067, ""model_column_1based"": 3, ""engine"": ""LibreOffice Word97-to-text; 5-column full sequence enumeration""}",https://www.miit.gov.cn/cms_files/filemanager/oldfile/miit/n1146285/n1146352/n3054355/n3057585/n3057589/c6181659/part/6181674.doc,https://www.miit.gov.cn/jgsj/zbys/gzdt/art/2020/art_c997557027dd4ca7b299a4456467c94d.html,主管部门公开来源与保存原件,round6/risk_change/风险集变动_74型号逐源对照.csv,,,
SDH7000BEVBL6,新增历史撤销：退出风险集；原ready=1,73b31afdaf90fd5efa32063308a9ac4123b0bf2d86f941abbe3e9c4db09e7a3d,1963fd09c4502d60c90a4a4a28660d9236ae19a3d126520c54c4ba5c98a5863d,11e493ec70376fde3b463dcbc701bbda91f2bb7fc94c1a567e41e031a4fb8ce7,1,0,0,1,0,0,1,0,0,evt-95782006bd39ae7d,2018-05-22独立撤销公告,2018-05-22,new-wd20180522-row-1068,f943ccd1e796aba5e16386cf5e0b83e4ec9c6b8f33ba57522dc011d940e89915,"{""text_line_1based"": 1072, ""row_sequence"": 1068, ""model_column_1based"": 3, ""engine"": ""LibreOffice Word97-to-text; 5-column full sequence enumeration""}",https://www.miit.gov.cn/cms_files/filemanager/oldfile/miit/n1146285/n1146352/n3054355/n3057585/n3057589/c6181659/part/6181674.doc,https://www.miit.gov.cn/jgsj/zbys/gzdt/art/2020/art_c997557027dd4ca7b299a4456467c94d.html,主管部门公开来源与保存原件,round6/risk_change/风险集变动_74型号逐源对照.csv,,,
SGM6500BEBEV,v1.5 SGM显式参数修订：只增加ready，风险身份不变,73b31afdaf90fd5efa32063308a9ac4123b0bf2d86f941abbe3e9c4db09e7a3d,1963fd09c4502d60c90a4a4a28660d9236ae19a3d126520c54c4ba5c98a5863d,11e493ec70376fde3b463dcbc701bbda91f2bb7fc94c1a567e41e031a4fb8ce7,1,1,1,0,0,1,0,0,1,,64,2023-04-17,old-text-correction-64-SGM6500BEBEV,c4e238989e7e40ec2c3a6a899ead170b4a745bc72546ba6fd4a5731d8890c6cb,第64批勘误，显式目标old-62-Word97--0-7,,,用户本轮提供历史原件,round5/reconstruction/effective_correction_rebuild_summary.json,,,
SMA7001BEV12,新增历史撤销：退出风险集；原ready=1,73b31afdaf90fd5efa32063308a9ac4123b0bf2d86f941abbe3e9c4db09e7a3d,1963fd09c4502d60c90a4a4a28660d9236ae19a3d126520c54c4ba5c98a5863d,11e493ec70376fde3b463dcbc701bbda91f2bb7fc94c1a567e41e031a4fb8ce7,1,0,0,1,0,0,1,0,0,evt-29d3284c9592256c,2018-05-22独立撤销公告,2018-05-22,new-wd20180522-row-1575,f943ccd1e796aba5e16386cf5e0b83e4ec9c6b8f33ba57522dc011d940e89915,"{""text_line_1based"": 1579, ""row_sequence"": 1575, ""model_column_1based"": 3, ""engine"": ""LibreOffice Word97-to-text; 5-column full sequence enumeration""}",https://www.miit.gov.cn/cms_files/filemanager/oldfile/miit/n1146285/n1146352/n3054355/n3057585/n3057589/c6181659/part/6181674.doc,https://www.miit.gov.cn/jgsj/zbys/gzdt/art/2020/art_c997557027dd4ca7b299a4456467c94d.html,主管部门公开来源与保存原件,round6/risk_change/风险集变动_74型号逐源对照.csv,,,
SMA7001BEV14,新增历史撤销：退出风险集；原ready=1,73b31afdaf90fd5efa32063308a9ac4123b0bf2d86f941abbe3e9c4db09e7a3d,1963fd09c4502d60c90a4a4a28660d9236ae19a3d126520c54c4ba5c98a5863d,11e493ec70376fde3b463dcbc701bbda91f2bb7fc94c1a567e41e031a4fb8ce7,1,0,0,1,0,0,1,0,0,evt-29e2b9ace20ec8eb,2018-05-22独立撤销公告,2018-05-22,new-wd20180522-row-1576,f943ccd1e796aba5e16386cf5e0b83e4ec9c6b8f33ba57522dc011d940e89915,"{""text_line_1based"": 1580, ""row_sequence"": 1576, ""model_column_1based"": 3, ""engine"": ""LibreOffice Word97-to-text; 5-column full sequence enumeration""}",https://www.miit.gov.cn/cms_files/filemanager/oldfile/miit/n1146285/n1146352/n3054355/n3057585/n3057589/c6181659/part/6181674.doc,https://www.miit.gov.cn/jgsj/zbys/gzdt/art/2020/art_c997557027dd4ca7b299a4456467c94d.html,主管部门公开来源与保存原件,round6/risk_change/风险集变动_74型号逐源对照.csv,,,
SQJ6451BEV,新增历史撤销：退出风险集；原ready=1,73b31afdaf90fd5efa32063308a9ac4123b0bf2d86f941abbe3e9c4db09e7a3d,1963fd09c4502d60c90a4a4a28660d9236ae19a3d126520c54c4ba5c98a5863d,11e493ec70376fde3b463dcbc701bbda91f2bb7fc94c1a567e41e031a4fb8ce7,1,0,0,1,0,0,1,0,0,evt-3b37345ce2605be2,2018-05-22独立撤销公告,2018-05-22,new-wd20180522-row-1457,f943ccd1e796aba5e16386cf5e0b83e4ec9c6b8f33ba57522dc011d940e89915,"{""text_line_1based"": 1461, ""row_sequence"": 1457, ""model_column_1based"": 3, ""engine"": ""LibreOffice Word97-to-text; 5-column full sequence enumeration""}",https://www.miit.gov.cn/cms_files/filemanager/oldfile/miit/n1146285/n1146352/n3054355/n3057585/n3057589/c6181659/part/6181674.doc,https://www.miit.gov.cn/jgsj/zbys/gzdt/art/2020/art_c997557027dd4ca7b299a4456467c94d.html,主管部门公开来源与保存原件,round6/risk_change/风险集变动_74型号逐源对照.csv,,,
SQJ6452BEV,新增历史撤销：退出风险集；原已不足未计入ready,73b31afdaf90fd5efa32063308a9ac4123b0bf2d86f941abbe3e9c4db09e7a3d,1963fd09c4502d60c90a4a4a28660d9236ae19a3d126520c54c4ba5c98a5863d,11e493ec70376fde3b463dcbc701bbda91f2bb7fc94c1a567e41e031a4fb8ce7,1,0,0,0,0,0,0,0,0,evt-31d395ce70dab96a,2018-05-22独立撤销公告,2018-05-22,new-wd20180522-row-1454,f943ccd1e796aba5e16386cf5e0b83e4ec9c6b8f33ba57522dc011d940e89915,"{""text_line_1based"": 1458, ""row_sequence"": 1454, ""model_column_1based"": 3, ""engine"": ""LibreOffice Word97-to-text; 5-column full sequence enumeration""}",https://www.miit.gov.cn/cms_files/filemanager/oldfile/miit/n1146285/n1146352/n3054355/n3057585/n3057589/c6181659/part/6181674.doc,https://www.miit.gov.cn/jgsj/zbys/gzdt/art/2020/art_c997557027dd4ca7b299a4456467c94d.html,主管部门公开来源与保存原件,round6/risk_change/风险集变动_74型号逐源对照.csv,,,
SQR7000BEVJ51,新增历史撤销：退出风险集；原ready=1,73b31afdaf90fd5efa32063308a9ac4123b0bf2d86f941abbe3e9c4db09e7a3d,1963fd09c4502d60c90a4a4a28660d9236ae19a3d126520c54c4ba5c98a5863d,11e493ec70376fde3b463dcbc701bbda91f2bb7fc94c1a567e41e031a4fb8ce7,1,0,0,1,0,0,1,0,0,evt-034bd513e5d9dfa7,2018-05-22独立撤销公告,2018-05-22,new-wd20180522-row-1059,f943ccd1e796aba5e16386cf5e0b83e4ec9c6b8f33ba57522dc011d940e89915,"{""text_line_1based"": 1063, ""row_sequence"": 1059, ""model_column_1based"": 3, ""engine"": ""LibreOffice Word97-to-text; 5-column full sequence enumeration""}",https://www.miit.gov.cn/cms_files/filemanager/oldfile/miit/n1146285/n1146352/n3054355/n3057585/n3057589/c6181659/part/6181674.doc,https://www.miit.gov.cn/jgsj/zbys/gzdt/art/2020/art_c997557027dd4ca7b299a4456467c94d.html,主管部门公开来源与保存原件,round6/risk_change/风险集变动_74型号逐源对照.csv,,,
SQR7000BEVK08,新增历史撤销：退出风险集；原ready=1,73b31afdaf90fd5efa32063308a9ac4123b0bf2d86f941abbe3e9c4db09e7a3d,1963fd09c4502d60c90a4a4a28660d9236ae19a3d126520c54c4ba5c98a5863d,11e493ec70376fde3b463dcbc701bbda91f2bb7fc94c1a567e41e031a4fb8ce7,1,0,0,1,0,0,1,0,0,evt-e17564b82dda14ae,2018-05-22独立撤销公告,2018-05-22,new-wd20180522-row-1060,f943ccd1e796aba5e16386cf5e0b83e4ec9c6b8f33ba57522dc011d940e89915,"{""text_line_1based"": 1064, ""row_sequence"": 1060, ""model_column_1based"": 3, ""engine"": ""LibreOffice Word97-to-text; 5-column full sequence enumeration""}",https://www.miit.gov.cn/cms_files/filemanager/oldfile/miit/n1146285/n1146352/n3054355/n3057585/n3057589/c6181659/part/6181674.doc,https://www.miit.gov.cn/jgsj/zbys/gzdt/art/2020/art_c997557027dd4ca7b299a4456467c94d.html,主管部门公开来源与保存原件,round6/risk_change/风险集变动_74型号逐源对照.csv,,,
SQR7001BEVJ50,新增历史撤销：退出风险集；原ready=1,73b31afdaf90fd5efa32063308a9ac4123b0bf2d86f941abbe3e9c4db09e7a3d,1963fd09c4502d60c90a4a4a28660d9236ae19a3d126520c54c4ba5c98a5863d,11e493ec70376fde3b463dcbc701bbda91f2bb7fc94c1a567e41e031a4fb8ce7,1,0,0,1,0,0,1,0,0,evt-f0c8f9c968a2d06b,2018-05-22独立撤销公告,2018-05-22,new-wd20180522-row-1061,f943ccd1e796aba5e16386cf5e0b83e4ec9c6b8f33ba57522dc011d940e89915,"{""text_line_1based"": 1065, ""row_sequence"": 1061, ""model_column_1based"": 3, ""engine"": ""LibreOffice Word97-to-text; 5-column full sequence enumeration""}",https://www.miit.gov.cn/cms_files/filemanager/oldfile/miit/n1146285/n1146352/n3054355/n3057585/n3057589/c6181659/part/6181674.doc,https://www.miit.gov.cn/jgsj/zbys/gzdt/art/2020/art_c997557027dd4ca7b299a4456467c94d.html,主管部门公开来源与保存原件,round6/risk_change/风险集变动_74型号逐源对照.csv,,,
STJ6408EVC1,新增历史撤销：退出风险集；原ready=1,73b31afdaf90fd5efa32063308a9ac4123b0bf2d86f941abbe3e9c4db09e7a3d,1963fd09c4502d60c90a4a4a28660d9236ae19a3d126520c54c4ba5c98a5863d,11e493ec70376fde3b463dcbc701bbda91f2bb7fc94c1a567e41e031a4fb8ce7,1,0,0,1,0,0,1,0,0,evt-724f21bc7ce955c5,28,2019-12-10,new-wd28-row-114,666f5befd4f2b67c08d2e2022cb2708007fb89babb38aa5c66b04ffb5702ae10,"{""text_line_1based"": 118, ""row_sequence"": 114, ""model_column_1based"": 3, ""engine"": ""LibreOffice Word97-to-text; 5-column full sequence enumeration""}",https://www.miit.gov.cn/cms_files/filemanager/oldfile/miit/n1146295/n1652858/n1652930/n4509607/c7564229/part/7564256.doc,https://www.miit.gov.cn/zwgk/zcwj/wjfb/gg/art/2020/art_891208b8af8448f9b37ccf41476d0c13.html,主管部门公开来源与保存原件,round6/risk_change/风险集变动_74型号逐源对照.csv,,,
SY7000BEVDAE,新增历史撤销：退出风险集；原ready=1,73b31afdaf90fd5efa32063308a9ac4123b0bf2d86f941abbe3e9c4db09e7a3d,1963fd09c4502d60c90a4a4a28660d9236ae19a3d126520c54c4ba5c98a5863d,11e493ec70376fde3b463dcbc701bbda91f2bb7fc94c1a567e41e031a4fb8ce7,1,0,0,1,0,0,1,0,0,evt-0f394b121741d06d,2018-05-22独立撤销公告,2018-05-22,new-wd20180522-row-515,f943ccd1e796aba5e16386cf5e0b83e4ec9c6b8f33ba57522dc011d940e89915,"{""text_line_1based"": 519, ""row_sequence"": 515, ""model_column_1based"": 3, ""engine"": ""LibreOffice Word97-to-text; 5-column full sequence enumeration""}",https://www.miit.gov.cn/cms_files/filemanager/oldfile/miit/n1146285/n1146352/n3054355/n3057585/n3057589/c6181659/part/6181674.doc,https://www.miit.gov.cn/jgsj/zbys/gzdt/art/2020/art_c997557027dd4ca7b299a4456467c94d.html,主管部门公开来源与保存原件,round6/risk_change/风险集变动_74型号逐源对照.csv,,,
SY7000BEVDAF,新增历史撤销：退出风险集；原ready=1,73b31afdaf90fd5efa32063308a9ac4123b0bf2d86f941abbe3e9c4db09e7a3d,1963fd09c4502d60c90a4a4a28660d9236ae19a3d126520c54c4ba5c98a5863d,11e493ec70376fde3b463dcbc701bbda91f2bb7fc94c1a567e41e031a4fb8ce7,1,0,0,1,0,0,1,0,0,evt-b0ae7d2e1e480a5e,2018-05-22独立撤销公告,2018-05-22,new-wd20180522-row-516,f943ccd1e796aba5e16386cf5e0b83e4ec9c6b8f33ba57522dc011d940e89915,"{""text_line_1based"": 520, ""row_sequence"": 516, ""model_column_1based"": 3, ""engine"": ""LibreOffice Word97-to-text; 5-column full sequence enumeration""}",https://www.miit.gov.cn/cms_files/filemanager/oldfile/miit/n1146285/n1146352/n3054355/n3057585/n3057589/c6181659/part/6181674.doc,https://www.miit.gov.cn/jgsj/zbys/gzdt/art/2020/art_c997557027dd4ca7b299a4456467c94d.html,主管部门公开来源与保存原件,round6/risk_change/风险集变动_74型号逐源对照.csv,,,
SZS6460A09BEV,新增历史撤销：退出风险集；原ready=1,73b31afdaf90fd5efa32063308a9ac4123b0bf2d86f941abbe3e9c4db09e7a3d,1963fd09c4502d60c90a4a4a28660d9236ae19a3d126520c54c4ba5c98a5863d,11e493ec70376fde3b463dcbc701bbda91f2bb7fc94c1a567e41e031a4fb8ce7,1,0,0,1,0,0,1,0,0,evt-239923b8e483e014,28,2019-12-10,new-wd28-row-118,666f5befd4f2b67c08d2e2022cb2708007fb89babb38aa5c66b04ffb5702ae10,"{""text_line_1based"": 122, ""row_sequence"": 118, ""model_column_1based"": 3, ""engine"": ""LibreOffice Word97-to-text; 5-column full sequence enumeration""}",https://www.miit.gov.cn/cms_files/filemanager/oldfile/miit/n1146295/n1652858/n1652930/n4509607/c7564229/part/7564256.doc,https://www.miit.gov.cn/zwgk/zcwj/wjfb/gg/art/2020/art_891208b8af8448f9b37ccf41476d0c13.html,主管部门公开来源与保存原件,round6/risk_change/风险集变动_74型号逐源对照.csv,,,
SZS6460A15BEV,新增历史撤销：退出风险集；原ready=1,73b31afdaf90fd5efa32063308a9ac4123b0bf2d86f941abbe3e9c4db09e7a3d,1963fd09c4502d60c90a4a4a28660d9236ae19a3d126520c54c4ba5c98a5863d,11e493ec70376fde3b463dcbc701bbda91f2bb7fc94c1a567e41e031a4fb8ce7,1,0,0,1,0,0,1,0,0,evt-f69661d3e92c5991,28,2019-12-10,new-wd28-row-119,666f5befd4f2b67c08d2e2022cb2708007fb89babb38aa5c66b04ffb5702ae10,"{""text_line_1based"": 123, ""row_sequence"": 119, ""model_column_1based"": 3, ""engine"": ""LibreOffice Word97-to-text; 5-column full sequence enumeration""}",https://www.miit.gov.cn/cms_files/filemanager/oldfile/miit/n1146295/n1652858/n1652930/n4509607/c7564229/part/7564256.doc,https://www.miit.gov.cn/zwgk/zcwj/wjfb/gg/art/2020/art_891208b8af8448f9b37ccf41476d0c13.html,主管部门公开来源与保存原件,round6/risk_change/风险集变动_74型号逐源对照.csv,,,
SZS6460A16BEV,新增历史撤销：退出风险集；原ready=1,73b31afdaf90fd5efa32063308a9ac4123b0bf2d86f941abbe3e9c4db09e7a3d,1963fd09c4502d60c90a4a4a28660d9236ae19a3d126520c54c4ba5c98a5863d,11e493ec70376fde3b463dcbc701bbda91f2bb7fc94c1a567e41e031a4fb8ce7,1,0,0,1,0,0,1,0,0,evt-cb0d59213624d7f9,28,2019-12-10,new-wd28-row-120,666f5befd4f2b67c08d2e2022cb2708007fb89babb38aa5c66b04ffb5702ae10,"{""text_line_1based"": 124, ""row_sequence"": 120, ""model_column_1based"": 3, ""engine"": ""LibreOffice Word97-to-text; 5-column full sequence enumeration""}",https://www.miit.gov.cn/cms_files/filemanager/oldfile/miit/n1146295/n1652858/n1652930/n4509607/c7564229/part/7564256.doc,https://www.miit.gov.cn/zwgk/zcwj/wjfb/gg/art/2020/art_891208b8af8448f9b37ccf41476d0c13.html,主管部门公开来源与保存原件,round6/risk_change/风险集变动_74型号逐源对照.csv,,,
YGM6370BEV,新增历史撤销：退出风险集；原ready=1,73b31afdaf90fd5efa32063308a9ac4123b0bf2d86f941abbe3e9c4db09e7a3d,1963fd09c4502d60c90a4a4a28660d9236ae19a3d126520c54c4ba5c98a5863d,11e493ec70376fde3b463dcbc701bbda91f2bb7fc94c1a567e41e031a4fb8ce7,1,0,0,1,0,0,1,0,0,evt-f667310f3e2c5073,2018-05-22独立撤销公告,2018-05-22,new-wd20180522-row-418,f943ccd1e796aba5e16386cf5e0b83e4ec9c6b8f33ba57522dc011d940e89915,"{""text_line_1based"": 422, ""row_sequence"": 418, ""model_column_1based"": 3, ""engine"": ""LibreOffice Word97-to-text; 5-column full sequence enumeration""}",https://www.miit.gov.cn/cms_files/filemanager/oldfile/miit/n1146285/n1146352/n3054355/n3057585/n3057589/c6181659/part/6181674.doc,https://www.miit.gov.cn/jgsj/zbys/gzdt/art/2020/art_c997557027dd4ca7b299a4456467c94d.html,主管部门公开来源与保存原件,round6/risk_change/风险集变动_74型号逐源对照.csv,,,
