file,bytes,sha256
10479记录_新库全字段与来源.jsonl,37054272,44adb30d6ad83bfe1bb877e35b739a07f97859f339afc8deb773f37bc176111a
2208型号_新旧两库精确匹配及规范化候选.csv,935612,6fbb104b93d6e82a047da5b9473a516c86df2126299c71b5669cffff53b6e868
53页_与用户manifest逐字节对账.csv,16914,541a1f070cd64e71f95377e453ab58a3159e20a5d66486c2159bec8d551fa9ed
README.md,6251,f46c8ee2dfddaa76dc2649205cec08c25bf8d1db4dd365b40b8d3899d008ac3d
analyze_new_snapshot.py,42576,d617b5e06a9a87bfecc79a7e9ea69cfc4635b1a0a97839ac77b8792bdd4b6f72
summary.json,14159,bf4c3ea300f703b58e9b0044c865b473be2052a8faad83e3810ef8b383082af3
两库交并差_精确型号集合.json,87582,d56c05302504b4f2a1708fd0bff7b596e2ac5c0669e33c284aa7f5c1b4a8193f
两库精确命中_合并可定位记录.jsonl,9484253,c2f47e16d3db67dd42237f80f7ed87354555c53778ce94786a113c790f07fb56
新库字段覆盖_全库及精确命中.csv,3239,cb6d53270849f1837e9d4a25c4b86e14be1cf30a622a967576845fcc5e0b87eb
新库精确命中_全字段记录.jsonl,3309610,098fb116fa5253aa4c033a628908f8e2d8a934232545a69f3cc054927d87920c
旧库详情下载队列_4497applyId固定来源.csv,2452136,0782c6a6b1e67d9bcf4b0e52a8035a9ecdcbbdf450aedbc4dcb5b953808aa36f
标签下载队列_按fullLabel去重文件.csv,408536,3c82ad22068b1e946ce3c40533eb7373a6592e26db62afe8dc966a237978fa33
标签下载队列_每条精确记录.csv,604118,7f272905baed6aefad4020630434eb456537c792eaf00d54ea10d4e7c17aab79
版本冲突线索_逐型号.csv,343985,6ee9f956a3ffced38e6b7d61098597ceeffc6f5327cd7ae89de60593cb790d4b
版本对照_逐记录原字段_不做笛卡尔连接.csv,2366034,f34952594d6c7f58f0f3773c5ed9e45b4f70b8f20c105ec8047d9b76224f1dda
规范化候选_不计精确命中.csv,7943,ef0e92b4ad84f7281bda234f0300401f830cbb9af91e83ccbbcdf12beca401dc
重复UUID_状态差异_全行保留.csv,2413,c890773a756807832796220bf4cc1dba1d3370bf5fc1802b807c44b8f289cde3
