field,all_rows_field_present,all_rows_nonblank_nonnull,exact_rows_field_present,exact_rows_nonblank_nonnull
abandonOpinion,10479,0,936,0
abandonTime,10479,303,936,41
abbreviatedLabel,10479,10479,936,936
activationDate,10479,10478,936,936
airConditioner,10479,10479,936,936
airConditioningRefrigeration,10479,10479,936,936
announcementBatch,10479,10107,936,919
co2Emission,10479,0,936,0
completeVehicleQuality,10479,10479,936,936
createTime,10479,10479,936,936
dataSource,10479,10479,936,936
dieselEstimateFuelPrices,10479,10479,936,936
displacement,10479,0,936,0
driveMotorPeakPower,10479,10479,936,936
drivingRange,10479,10478,936,936
drivingType,10479,0,936,0
electricDrivingRange,10479,0,936,0
electricEnergyConsumption,10479,10479,936,936
electricityEstimateFuelPrices,10479,10479,936,936
enableDate,10479,10479,936,936
energyEquivalentFuelConsumption,10479,10475,936,936
energyType,10479,10479,936,936
engineModel,10479,0,936,0
enterpriseId,10479,10479,936,936
enterpriseLogo,10479,10479,936,936
enterpriseLogoPath,10479,10479,936,936
enterpriseName,10479,10479,936,936
estimateEnergyCosts,10479,10479,936,936
fuelConsumptionType,10479,0,936,0
fullLabel,10479,10479,936,936
gasolineEstimateFuelPrices,10479,10479,936,936
highAltitudeSpecialScene,10479,0,936,0
highAltitudeSpecialSceneReportNum,10479,0,936,0
highAltitudeSpecialSceneReportNumPath,10479,0,936,0
highSpeedFuelConsumption,10479,0,936,0
highTemperatureAirConditioning,10479,10479,936,936
hyperthermiaDrivingRange,10479,51,936,0
hyperthermiaDrivingRangeReportNum,10479,51,936,0
hyperthermiaDrivingRangeReportNumPath,10479,52,936,0
hypothermyDrivingRange,10479,63,936,3
hypothermyDrivingRangeReportNum,10479,63,936,3
hypothermyDrivingRangeReportNumPath,10479,64,936,3
hypothermySpecialScene,10479,0,936,0
hypothermySpecialSceneReportNum,10479,0,936,0
hypothermySpecialSceneReportNumPath,10479,0,936,0
isOverTime,10479,3891,936,448
issueDate,10479,9936,936,877
lackPowerFuelConsumption,10479,0,936,0
leaderValue,10479,0,936,0
limitStandard,10479,0,936,0
limitingValue,10479,0,936,0
lowSpeedFuelConsumption,10479,0,936,0
maximumNetPower,10479,0,936,0
maximumTotalDesignMass,10479,10479,936,936
moderateSpeedFuelConsumption,10479,0,936,0
oilElectricFuelConsumption,10479,0,936,0
otherinformation,10479,1956,936,318
oversrasName,10479,10479,936,936
oversrasUuid,10479,10479,936,936
overtimeCause,10479,6007,936,866
productName,10479,10107,936,919
recordNumber,10479,10479,936,936
refrigerationSpecialScene,10479,0,936,0
refrigerationSpecialSceneReportNum,10479,0,936,0
refrigerationSpecialSceneReportNumPath,10479,0,936,0
remark,10479,804,936,7
reportStatus,10479,10479,936,936
reportType,10479,10479,936,936
specialSceneTest,10479,10479,936,936
submitDate,10479,10479,936,936
superSpeedFuelConsumption,10479,0,936,0
synthesisFuelConsumption,10479,0,936,0
testBasisStandard,10479,10479,936,936
transmissionType,10479,0,936,0
uniqueIdentification,10479,10479,936,936
updateTime,10479,10479,936,936
usualName,10479,10479,936,936
uuid,10479,10479,936,936
vehicleBrand,10479,10479,936,936
vehicleModel,10479,10479,936,936
vehicleType,10479,10479,936,936
warmAirLowTemperature,10479,10479,936,936
