sequence_raw,firm_raw,model_raw,trade_name_raw,range_raw,curb_mass_raw,battery_mass_raw,battery_energy_raw,remarks_raw,model_key,kind,location,product_name_raw,catalogue_batch_marked_raw,source_file,source_sha256,source_batch,source_BEV_passenger_row_ordinal,independent_LO_location
,捷尼赛思汽车销售(上海)有限公司,JWEV2WD,纯电动乘用车(GV60)(新能源汽车),645,2016,472,76.4,,JWEV2WD,目录列入,CFB CLX; section_char=47; row_start_cell=10; stride=10,,,mf_batch64.doc,c4e238989e7e40ec2c3a6a899ead170b4a745bc72546ba6fd4a5731d8890c6cb,64,1,OOXML table=1;row_1based=2
,,JWEVP4WD,纯电动乘用车(GV60)(新能源汽车),551,2207,472,76.4,,JWEVP4WD,目录列入,CFB CLX; section_char=47; row_start_cell=20; stride=10,,,mf_batch64.doc,c4e238989e7e40ec2c3a6a899ead170b4a745bc72546ba6fd4a5731d8890c6cb,64,2,OOXML table=1;row_1based=3
,,JWEV4WD,纯电动乘用车(GV60)(新能源汽车),618/580,2145,472,76.4,,JWEV4WD,目录列入,CFB CLX; section_char=47; row_start_cell=30; stride=10,,,mf_batch64.doc,c4e238989e7e40ec2c3a6a899ead170b4a745bc72546ba6fd4a5731d8890c6cb,64,3,OOXML table=1;row_1based=4
,中国第一汽车集团有限公司,CA7000H0EVF,红旗E-QM5,560,1870,450±13,74.9,,CA7000H0EVF,目录列入,CFB CLX; section_char=47; row_start_cell=40; stride=10,,,mf_batch64.doc,c4e238989e7e40ec2c3a6a899ead170b4a745bc72546ba6fd4a5731d8890c6cb,64,4,OOXML table=1;row_1based=5
,,CA7000H0SEVA,红旗E-QM5,400,1770,340±10,49.7,,CA7000H0SEVA,目录列入,CFB CLX; section_char=47; row_start_cell=50; stride=10,,,mf_batch64.doc,c4e238989e7e40ec2c3a6a899ead170b4a745bc72546ba6fd4a5731d8890c6cb,64,5,OOXML table=1;row_1based=6
,东风汽车集团有限公司,DFM7002G1FCBEV,风神E70,401,1465,360,47.58,,DFM7002G1FCBEV,目录列入,CFB CLX; section_char=47; row_start_cell=60; stride=10,,,mf_batch64.doc,c4e238989e7e40ec2c3a6a899ead170b4a745bc72546ba6fd4a5731d8890c6cb,64,6,OOXML table=1;row_1based=7
,东风本田汽车有限公司,DHW7006DHBEV,M-NV,500,1619/1654,417,58.69,,DHW7006DHBEV,目录列入,CFB CLX; section_char=47; row_start_cell=70; stride=10,,,mf_batch64.doc,c4e238989e7e40ec2c3a6a899ead170b4a745bc72546ba6fd4a5731d8890c6cb,64,7,OOXML table=1;row_1based=8
,上汽通用汽车有限公司,SGM6491BBBEV,ELECTRA E5,620,2210,523.0,79.7,,SGM6491BBBEV,目录列入,CFB CLX; section_char=47; row_start_cell=80; stride=10,,,mf_batch64.doc,c4e238989e7e40ec2c3a6a899ead170b4a745bc72546ba6fd4a5731d8890c6cb,64,8,OOXML table=1;row_1based=9
,长城汽车股份有限公司,CC7000BJ00NABEV,欧拉好猫,401(CLTC),1495/1550,346±10,47.8,,CC7000BJ00NABEV,目录列入,CFB CLX; section_char=47; row_start_cell=90; stride=10,,,mf_batch64.doc,c4e238989e7e40ec2c3a6a899ead170b4a745bc72546ba6fd4a5731d8890c6cb,64,9,OOXML table=1;row_1based=10
,,CC7000BH00HCBEV,欧拉闪电猫,555(CLTC),1930/1970,480,63.87,,CC7000BH00HCBEV,目录列入,CFB CLX; section_char=47; row_start_cell=100; stride=10,,,mf_batch64.doc,c4e238989e7e40ec2c3a6a899ead170b4a745bc72546ba6fd4a5731d8890c6cb,64,10,OOXML table=1;row_1based=11
,,CC7000BJ00GABEV,"欧拉好猫,欧拉好猫GT",401(CLTC),1545/1600,394±11,49.92,,CC7000BJ00GABEV,目录列入,CFB CLX; section_char=47; row_start_cell=110; stride=10,,,mf_batch64.doc,c4e238989e7e40ec2c3a6a899ead170b4a745bc72546ba6fd4a5731d8890c6cb,64,11,OOXML table=1;row_1based=12
,河北长安汽车有限公司,SC6483ABEBEV,睿行EM80Ⅱ,240,1610,284±7,38.7,,SC6483ABEBEV,目录列入,CFB CLX; section_char=47; row_start_cell=120; stride=10,,,mf_batch64.doc,c4e238989e7e40ec2c3a6a899ead170b4a745bc72546ba6fd4a5731d8890c6cb,64,12,OOXML table=1;row_1based=13
,北汽蓝谷麦格纳汽车有限公司,BJ7001A616BEV,αS HI、αS6 HI,650(CLTC),2195,550,94.6,,BJ7001A616BEV,目录列入,CFB CLX; section_char=47; row_start_cell=130; stride=10,,,mf_batch64.doc,c4e238989e7e40ec2c3a6a899ead170b4a745bc72546ba6fd4a5731d8890c6cb,64,13,OOXML table=1;row_1based=14
,浙江豪情汽车制造有限公司,VCC7002F23VBEV,极星2,780,2034,495,82,,VCC7002F23VBEV,目录列入,CFB CLX; section_char=47; row_start_cell=140; stride=10,,,mf_batch64.doc,c4e238989e7e40ec2c3a6a899ead170b4a745bc72546ba6fd4a5731d8890c6cb,64,14,OOXML table=1;row_1based=15
,,VCC7002F22VBEV,极星2,610,2134,493,78,,VCC7002F22VBEV,目录列入,CFB CLX; section_char=47; row_start_cell=150; stride=10,,,mf_batch64.doc,c4e238989e7e40ec2c3a6a899ead170b4a745bc72546ba6fd4a5731d8890c6cb,64,15,OOXML table=1;row_1based=16
,,VCC7002F21VBEV,极星2,650,2132,493,78,,VCC7002F21VBEV,目录列入,CFB CLX; section_char=47; row_start_cell=160; stride=10,,,mf_batch64.doc,c4e238989e7e40ec2c3a6a899ead170b4a745bc72546ba6fd4a5731d8890c6cb,64,16,OOXML table=1;row_1based=17
,,VCC7002F24VBEV,极星2,740,2043,495,82,,VCC7002F24VBEV,目录列入,CFB CLX; section_char=47; row_start_cell=170; stride=10,,,mf_batch64.doc,c4e238989e7e40ec2c3a6a899ead170b4a745bc72546ba6fd4a5731d8890c6cb,64,17,OOXML table=1;row_1based=18
,,VCC7003F07XBEV,XC40,640,2021,455,73,,VCC7003F07XBEV,目录列入,CFB CLX; section_char=47; row_start_cell=180; stride=10,,,mf_batch64.doc,c4e238989e7e40ec2c3a6a899ead170b4a745bc72546ba6fd4a5731d8890c6cb,64,18,OOXML table=1;row_1based=19
,,VCC7003F44XBEV,C40,685,1994,455,73,,VCC7003F44XBEV,目录列入,CFB CLX; section_char=47; row_start_cell=190; stride=10,,,mf_batch64.doc,c4e238989e7e40ec2c3a6a899ead170b4a745bc72546ba6fd4a5731d8890c6cb,64,19,OOXML table=1;row_1based=20
,,VCC7003F45XBEV,C40,660,1996,455,73,,VCC7003F45XBEV,目录列入,CFB CLX; section_char=47; row_start_cell=200; stride=10,,,mf_batch64.doc,c4e238989e7e40ec2c3a6a899ead170b4a745bc72546ba6fd4a5731d8890c6cb,64,20,OOXML table=1;row_1based=21
,,VCC7003F06XBEV,XC40,660,2019,455,73,,VCC7003F06XBEV,目录列入,CFB CLX; section_char=47; row_start_cell=210; stride=10,,,mf_batch64.doc,c4e238989e7e40ec2c3a6a899ead170b4a745bc72546ba6fd4a5731d8890c6cb,64,21,OOXML table=1;row_1based=22
,安徽江淮汽车集团股份有限公司,HFC7002EWEV1,"EV3,钇威3",405,1365,328,41,,HFC7002EWEV1,目录列入,CFB CLX; section_char=47; row_start_cell=220; stride=10,,,mf_batch64.doc,c4e238989e7e40ec2c3a6a899ead170b4a745bc72546ba6fd4a5731d8890c6cb,64,22,OOXML table=1;row_1based=23
,,HFC7002EWEV2,"EV3,钇威3",505,1445,408,51.5,,HFC7002EWEV2,目录列入,CFB CLX; section_char=47; row_start_cell=230; stride=10,,,mf_batch64.doc,c4e238989e7e40ec2c3a6a899ead170b4a745bc72546ba6fd4a5731d8890c6cb,64,23,OOXML table=1;row_1based=24
,,HFC7004CSEV1-W,ET5,530/475/680/610,2195/2205/2225/2245,525/535/555,70/75/100,,HFC7004CSEV1-W,目录列入,CFB CLX; section_char=47; row_start_cell=240; stride=10,,,mf_batch64.doc,c4e238989e7e40ec2c3a6a899ead170b4a745bc72546ba6fd4a5731d8890c6cb,64,24,OOXML table=1;row_1based=25
,比亚迪汽车工业有限公司,QCJ6491SBEV4,腾势N7,702(CLTC),2320,650.2,91.392,,QCJ6491SBEV4,目录列入,CFB CLX; section_char=47; row_start_cell=250; stride=10,,,mf_batch64.doc,c4e238989e7e40ec2c3a6a899ead170b4a745bc72546ba6fd4a5731d8890c6cb,64,25,OOXML table=1;row_1based=26
,,QCJ6491SBEV3,腾势N7,630(CLTC),2440,650.2,91.392,,QCJ6491SBEV3,目录列入,CFB CLX; section_char=47; row_start_cell=260; stride=10,,,mf_batch64.doc,c4e238989e7e40ec2c3a6a899ead170b4a745bc72546ba6fd4a5731d8890c6cb,64,26,OOXML table=1;row_1based=27
,广汽乘用车有限公司,GAM7001BEVA1E,AION S,480,1645/1665,417,55.507,,GAM7001BEVA1E,目录列入,CFB CLX; section_char=47; row_start_cell=270; stride=10,,,mf_batch64.doc,c4e238989e7e40ec2c3a6a899ead170b4a745bc72546ba6fd4a5731d8890c6cb,64,27,OOXML table=1;row_1based=28
,东风柳州汽车有限公司,LZ7000SKD6EV,"S50EV,S60EV,S50EVPRO,S60EVPRO",430(CLTC),1635,369,50.646,,LZ7000SKD6EV,目录列入,CFB CLX; section_char=47; row_start_cell=280; stride=10,,,mf_batch64.doc,c4e238989e7e40ec2c3a6a899ead170b4a745bc72546ba6fd4a5731d8890c6cb,64,28,OOXML table=1;row_1based=29
,上海汽车集团股份有限公司,CSA6501LBEV4,LS7,550,2490,480,90,,CSA6501LBEV4,目录列入,CFB CLX; section_char=47; row_start_cell=290; stride=10,,,mf_batch64.doc,c4e238989e7e40ec2c3a6a899ead170b4a745bc72546ba6fd4a5731d8890c6cb,64,29,OOXML table=1;row_1based=30
,比亚迪汽车有限公司,BYD7006BEVA5,比亚迪海豹,700,2015,558,82.56,,BYD7006BEVA5,目录列入,CFB CLX; section_char=47; row_start_cell=300; stride=10,,,mf_batch64.doc,c4e238989e7e40ec2c3a6a899ead170b4a745bc72546ba6fd4a5731d8890c6cb,64,30,OOXML table=1;row_1based=31
,上汽通用五菱汽车股份有限公司,LZW7007EVB3UAB,五菱缤果,333(CLTC),1120/1125,257,31.9,,LZW7007EVB3UAB,目录列入,CFB CLX; section_char=47; row_start_cell=310; stride=10,,,mf_batch64.doc,c4e238989e7e40ec2c3a6a899ead170b4a745bc72546ba6fd4a5731d8890c6cb,64,31,OOXML table=1;row_1based=32
,,LZW6520EVC7EBNC,五菱征程EV,360(CLTC),1875,449,56.6,,LZW6520EVC7EBNC,目录列入,CFB CLX; section_char=47; row_start_cell=320; stride=10,,,mf_batch64.doc,c4e238989e7e40ec2c3a6a899ead170b4a745bc72546ba6fd4a5731d8890c6cb,64,32,OOXML table=1;row_1based=33
,肇庆小鹏新能源投资有限公司,NHQ6480BEVFA,小鹏G6,580/560,1995/2000,564,66.0,,NHQ6480BEVFA,目录列入,CFB CLX; section_char=47; row_start_cell=330; stride=10,,,mf_batch64.doc,c4e238989e7e40ec2c3a6a899ead170b4a745bc72546ba6fd4a5731d8890c6cb,64,33,OOXML table=1;row_1based=34
,,NHQ6480BEVFB,小鹏G6,755/725,1995/2000,554,87.5,,NHQ6480BEVFB,目录列入,CFB CLX; section_char=47; row_start_cell=340; stride=10,,,mf_batch64.doc,c4e238989e7e40ec2c3a6a899ead170b4a745bc72546ba6fd4a5731d8890c6cb,64,34,OOXML table=1;row_1based=35
,,NHQ6480BEVFC,小鹏G6,700/660,2095/2100,556,87.5,,NHQ6480BEVFC,目录列入,CFB CLX; section_char=47; row_start_cell=350; stride=10,,,mf_batch64.doc,c4e238989e7e40ec2c3a6a899ead170b4a745bc72546ba6fd4a5731d8890c6cb,64,35,OOXML table=1;row_1based=36
,合众新能源汽车有限公司,THZ7000BEVS405,哪吒S,520,1940,473,64.46,,THZ7000BEVS405,目录列入,CFB CLX; section_char=47; row_start_cell=360; stride=10,,,mf_batch64.doc,c4e238989e7e40ec2c3a6a899ead170b4a745bc72546ba6fd4a5731d8890c6cb,64,36,OOXML table=1;row_1based=37
,,THZ7000BEVS404,哪吒S,520,1940,473,64.24,,THZ7000BEVS404,目录列入,CFB CLX; section_char=47; row_start_cell=370; stride=10,,,mf_batch64.doc,c4e238989e7e40ec2c3a6a899ead170b4a745bc72546ba6fd4a5731d8890c6cb,64,37,OOXML table=1;row_1based=38
,,THZ7000BEVS364,"哪吒E,哪吒GT",707,1840,450±14,77.9,,THZ7000BEVS364,目录列入,CFB CLX; section_char=47; row_start_cell=380; stride=10,,,mf_batch64.doc,c4e238989e7e40ec2c3a6a899ead170b4a745bc72546ba6fd4a5731d8890c6cb,64,38,OOXML table=1;row_1based=39
,,THZ6460BEVS30K,"哪吒U,哪吒U Pro,哪吒U-Ⅱ",401,1675,411,55.8,,THZ6460BEVS30K,目录列入,CFB CLX; section_char=47; row_start_cell=390; stride=10,,,mf_batch64.doc,c4e238989e7e40ec2c3a6a899ead170b4a745bc72546ba6fd4a5731d8890c6cb,64,39,OOXML table=1;row_1based=40
,奇瑞新能源汽车股份有限公司,NEQ6470BEVS61,eQ7,512,1850,515,67.12,,NEQ6470BEVS61,目录列入,CFB CLX; section_char=47; row_start_cell=400; stride=10,,,mf_batch64.doc,c4e238989e7e40ec2c3a6a899ead170b4a745bc72546ba6fd4a5731d8890c6cb,64,40,OOXML table=1;row_1based=41
