model_key,independent_row_1based,field,cfb_original_raw,existing_40_rows_csv_raw,raw_parameter_record_value,raw_parameter_record_id,all_three_equal_after_NFKC_whitespace_normalization
BJ7001A616BEV,13,model_raw,BJ7001A616BEV,BJ7001A616BEV,BJ7001A616BEV,old-64-Word97--0-14,1
BJ7001A616BEV,13,trade_name_raw,αS HI、αS6 HI,αS HI、αS6 HI,αS HI、αS6 HI,old-64-Word97--0-14,1
BJ7001A616BEV,13,range_raw,650(CLTC),650(CLTC),650(CLTC),old-64-Word97--0-14,1
BJ7001A616BEV,13,curb_mass_raw,2195,2195,2195,old-64-Word97--0-14,1
BJ7001A616BEV,13,battery_mass_raw,550,550,550,old-64-Word97--0-14,1
BJ7001A616BEV,13,battery_energy_raw,94.6,94.6,94.6,old-64-Word97--0-14,1
BJ7001A616BEV,13,remarks_raw,,,,old-64-Word97--0-14,1
BYD7006BEVA5,30,model_raw,BYD7006BEVA5,BYD7006BEVA5,BYD7006BEVA5,old-64-Word97--0-31,1
BYD7006BEVA5,30,trade_name_raw,比亚迪海豹,比亚迪海豹,比亚迪海豹,old-64-Word97--0-31,1
BYD7006BEVA5,30,range_raw,700,700,700,old-64-Word97--0-31,1
BYD7006BEVA5,30,curb_mass_raw,2015,2015,2015,old-64-Word97--0-31,1
BYD7006BEVA5,30,battery_mass_raw,558,558,558,old-64-Word97--0-31,1
BYD7006BEVA5,30,battery_energy_raw,82.56,82.56,82.56,old-64-Word97--0-31,1
BYD7006BEVA5,30,remarks_raw,,,,old-64-Word97--0-31,1
CA7000H0EVF,4,model_raw,CA7000H0EVF,CA7000H0EVF,CA7000H0EVF,old-64-Word97--0-5,1
CA7000H0EVF,4,trade_name_raw,红旗E-QM5,红旗E-QM5,红旗E-QM5,old-64-Word97--0-5,1
CA7000H0EVF,4,range_raw,560,560,560,old-64-Word97--0-5,1
CA7000H0EVF,4,curb_mass_raw,1870,1870,1870,old-64-Word97--0-5,1
CA7000H0EVF,4,battery_mass_raw,450±13,450±13,450±13,old-64-Word97--0-5,1
CA7000H0EVF,4,battery_energy_raw,74.9,74.9,74.9,old-64-Word97--0-5,1
CA7000H0EVF,4,remarks_raw,,,,old-64-Word97--0-5,1
CA7000H0SEVA,5,model_raw,CA7000H0SEVA,CA7000H0SEVA,CA7000H0SEVA,old-64-Word97--0-6,1
CA7000H0SEVA,5,trade_name_raw,红旗E-QM5,红旗E-QM5,红旗E-QM5,old-64-Word97--0-6,1
CA7000H0SEVA,5,range_raw,400,400,400,old-64-Word97--0-6,1
CA7000H0SEVA,5,curb_mass_raw,1770,1770,1770,old-64-Word97--0-6,1
CA7000H0SEVA,5,battery_mass_raw,340±10,340±10,340±10,old-64-Word97--0-6,1
CA7000H0SEVA,5,battery_energy_raw,49.7,49.7,49.7,old-64-Word97--0-6,1
CA7000H0SEVA,5,remarks_raw,,,,old-64-Word97--0-6,1
CC7000BH00HCBEV,10,model_raw,CC7000BH00HCBEV,CC7000BH00HCBEV,CC7000BH00HCBEV,old-64-Word97--0-11,1
CC7000BH00HCBEV,10,trade_name_raw,欧拉闪电猫,欧拉闪电猫,欧拉闪电猫,old-64-Word97--0-11,1
CC7000BH00HCBEV,10,range_raw,555(CLTC),555(CLTC),555(CLTC),old-64-Word97--0-11,1
CC7000BH00HCBEV,10,curb_mass_raw,1930/1970,1930/1970,1930/1970,old-64-Word97--0-11,1
CC7000BH00HCBEV,10,battery_mass_raw,480,480,480,old-64-Word97--0-11,1
CC7000BH00HCBEV,10,battery_energy_raw,63.87,63.87,63.87,old-64-Word97--0-11,1
CC7000BH00HCBEV,10,remarks_raw,,,,old-64-Word97--0-11,1
CC7000BJ00GABEV,11,model_raw,CC7000BJ00GABEV,CC7000BJ00GABEV,CC7000BJ00GABEV,old-64-Word97--0-12,1
CC7000BJ00GABEV,11,trade_name_raw,"欧拉好猫,欧拉好猫GT","欧拉好猫,欧拉好猫GT","欧拉好猫,欧拉好猫GT",old-64-Word97--0-12,1
CC7000BJ00GABEV,11,range_raw,401(CLTC),401(CLTC),401(CLTC),old-64-Word97--0-12,1
CC7000BJ00GABEV,11,curb_mass_raw,1545/1600,1545/1600,1545/1600,old-64-Word97--0-12,1
CC7000BJ00GABEV,11,battery_mass_raw,394±11,394±11,394±11,old-64-Word97--0-12,1
CC7000BJ00GABEV,11,battery_energy_raw,49.92,49.92,49.92,old-64-Word97--0-12,1
CC7000BJ00GABEV,11,remarks_raw,,,,old-64-Word97--0-12,1
CC7000BJ00NABEV,9,model_raw,CC7000BJ00NABEV,CC7000BJ00NABEV,CC7000BJ00NABEV,old-64-Word97--0-10,1
CC7000BJ00NABEV,9,trade_name_raw,欧拉好猫,欧拉好猫,欧拉好猫,old-64-Word97--0-10,1
CC7000BJ00NABEV,9,range_raw,401(CLTC),401(CLTC),401(CLTC),old-64-Word97--0-10,1
CC7000BJ00NABEV,9,curb_mass_raw,1495/1550,1495/1550,1495/1550,old-64-Word97--0-10,1
CC7000BJ00NABEV,9,battery_mass_raw,346±10,346±10,346±10,old-64-Word97--0-10,1
CC7000BJ00NABEV,9,battery_energy_raw,47.8,47.8,47.8,old-64-Word97--0-10,1
CC7000BJ00NABEV,9,remarks_raw,,,,old-64-Word97--0-10,1
CSA6501LBEV4,29,model_raw,CSA6501LBEV4,CSA6501LBEV4,CSA6501LBEV4,old-64-Word97--0-30,1
CSA6501LBEV4,29,trade_name_raw,LS7,LS7,LS7,old-64-Word97--0-30,1
CSA6501LBEV4,29,range_raw,550,550,550,old-64-Word97--0-30,1
CSA6501LBEV4,29,curb_mass_raw,2490,2490,2490,old-64-Word97--0-30,1
CSA6501LBEV4,29,battery_mass_raw,480,480,480,old-64-Word97--0-30,1
CSA6501LBEV4,29,battery_energy_raw,90,90,90,old-64-Word97--0-30,1
CSA6501LBEV4,29,remarks_raw,,,,old-64-Word97--0-30,1
DFM7002G1FCBEV,6,model_raw,DFM7002G1FCBEV,DFM7002G1FCBEV,DFM7002G1FCBEV,old-64-Word97--0-7,1
DFM7002G1FCBEV,6,trade_name_raw,风神E70,风神E70,风神E70,old-64-Word97--0-7,1
DFM7002G1FCBEV,6,range_raw,401,401,401,old-64-Word97--0-7,1
DFM7002G1FCBEV,6,curb_mass_raw,1465,1465,1465,old-64-Word97--0-7,1
DFM7002G1FCBEV,6,battery_mass_raw,360,360,360,old-64-Word97--0-7,1
DFM7002G1FCBEV,6,battery_energy_raw,47.58,47.58,47.58,old-64-Word97--0-7,1
DFM7002G1FCBEV,6,remarks_raw,,,,old-64-Word97--0-7,1
DHW7006DHBEV,7,model_raw,DHW7006DHBEV,DHW7006DHBEV,DHW7006DHBEV,old-64-Word97--0-8,1
DHW7006DHBEV,7,trade_name_raw,M-NV,M-NV,M-NV,old-64-Word97--0-8,1
DHW7006DHBEV,7,range_raw,500,500,500,old-64-Word97--0-8,1
DHW7006DHBEV,7,curb_mass_raw,1619/1654,1619/1654,1619/1654,old-64-Word97--0-8,1
DHW7006DHBEV,7,battery_mass_raw,417,417,417,old-64-Word97--0-8,1
DHW7006DHBEV,7,battery_energy_raw,58.69,58.69,58.69,old-64-Word97--0-8,1
DHW7006DHBEV,7,remarks_raw,,,,old-64-Word97--0-8,1
GAM7001BEVA1E,27,model_raw,GAM7001BEVA1E,GAM7001BEVA1E,GAM7001BEVA1E,old-64-Word97--0-28,1
GAM7001BEVA1E,27,trade_name_raw,AION S,AION S,AION S,old-64-Word97--0-28,1
GAM7001BEVA1E,27,range_raw,480,480,480,old-64-Word97--0-28,1
GAM7001BEVA1E,27,curb_mass_raw,1645/1665,1645/1665,1645/1665,old-64-Word97--0-28,1
GAM7001BEVA1E,27,battery_mass_raw,417,417,417,old-64-Word97--0-28,1
GAM7001BEVA1E,27,battery_energy_raw,55.507,55.507,55.507,old-64-Word97--0-28,1
GAM7001BEVA1E,27,remarks_raw,,,,old-64-Word97--0-28,1
HFC7002EWEV1,22,model_raw,HFC7002EWEV1,HFC7002EWEV1,HFC7002EWEV1,old-64-Word97--0-23,1
HFC7002EWEV1,22,trade_name_raw,"EV3,钇威3","EV3,钇威3","EV3,钇威3",old-64-Word97--0-23,1
HFC7002EWEV1,22,range_raw,405,405,405,old-64-Word97--0-23,1
HFC7002EWEV1,22,curb_mass_raw,1365,1365,1365,old-64-Word97--0-23,1
HFC7002EWEV1,22,battery_mass_raw,328,328,328,old-64-Word97--0-23,1
HFC7002EWEV1,22,battery_energy_raw,41,41,41,old-64-Word97--0-23,1
HFC7002EWEV1,22,remarks_raw,,,,old-64-Word97--0-23,1
HFC7002EWEV2,23,model_raw,HFC7002EWEV2,HFC7002EWEV2,HFC7002EWEV2,old-64-Word97--0-24,1
HFC7002EWEV2,23,trade_name_raw,"EV3,钇威3","EV3,钇威3","EV3,钇威3",old-64-Word97--0-24,1
HFC7002EWEV2,23,range_raw,505,505,505,old-64-Word97--0-24,1
HFC7002EWEV2,23,curb_mass_raw,1445,1445,1445,old-64-Word97--0-24,1
HFC7002EWEV2,23,battery_mass_raw,408,408,408,old-64-Word97--0-24,1
HFC7002EWEV2,23,battery_energy_raw,51.5,51.5,51.5,old-64-Word97--0-24,1
HFC7002EWEV2,23,remarks_raw,,,,old-64-Word97--0-24,1
HFC7004CSEV1-W,24,model_raw,HFC7004CSEV1-W,HFC7004CSEV1-W,HFC7004CSEV1-W,old-64-Word97--0-25,1
HFC7004CSEV1-W,24,trade_name_raw,ET5,ET5,ET5,old-64-Word97--0-25,1
HFC7004CSEV1-W,24,range_raw,530/475/680/610,530/475/680/610,530/475/680/610,old-64-Word97--0-25,1
HFC7004CSEV1-W,24,curb_mass_raw,2195/2205/2225/2245,2195/2205/2225/2245,2195/2205/2225/2245,old-64-Word97--0-25,1
HFC7004CSEV1-W,24,battery_mass_raw,525/535/555,525/535/555,525/535/555,old-64-Word97--0-25,1
HFC7004CSEV1-W,24,battery_energy_raw,70/75/100,70/75/100,70/75/100,old-64-Word97--0-25,1
HFC7004CSEV1-W,24,remarks_raw,,,,old-64-Word97--0-25,1
JWEV2WD,1,model_raw,JWEV2WD,JWEV2WD,JWEV2WD,old-64-Word97--0-2,1
JWEV2WD,1,trade_name_raw,纯电动乘用车(GV60)(新能源汽车),纯电动乘用车(GV60)(新能源汽车),纯电动乘用车(GV60)(新能源汽车),old-64-Word97--0-2,1
JWEV2WD,1,range_raw,645,645,645,old-64-Word97--0-2,1
JWEV2WD,1,curb_mass_raw,2016,2016,2016,old-64-Word97--0-2,1
JWEV2WD,1,battery_mass_raw,472,472,472,old-64-Word97--0-2,1
JWEV2WD,1,battery_energy_raw,76.4,76.4,76.4,old-64-Word97--0-2,1
JWEV2WD,1,remarks_raw,,,,old-64-Word97--0-2,1
JWEV4WD,3,model_raw,JWEV4WD,JWEV4WD,JWEV4WD,old-64-Word97--0-4,1
JWEV4WD,3,trade_name_raw,纯电动乘用车(GV60)(新能源汽车),纯电动乘用车(GV60)(新能源汽车),纯电动乘用车(GV60)(新能源汽车),old-64-Word97--0-4,1
JWEV4WD,3,range_raw,618/580,618/580,618/580,old-64-Word97--0-4,1
JWEV4WD,3,curb_mass_raw,2145,2145,2145,old-64-Word97--0-4,1
JWEV4WD,3,battery_mass_raw,472,472,472,old-64-Word97--0-4,1
JWEV4WD,3,battery_energy_raw,76.4,76.4,76.4,old-64-Word97--0-4,1
JWEV4WD,3,remarks_raw,,,,old-64-Word97--0-4,1
JWEVP4WD,2,model_raw,JWEVP4WD,JWEVP4WD,JWEVP4WD,old-64-Word97--0-3,1
JWEVP4WD,2,trade_name_raw,纯电动乘用车(GV60)(新能源汽车),纯电动乘用车(GV60)(新能源汽车),纯电动乘用车(GV60)(新能源汽车),old-64-Word97--0-3,1
JWEVP4WD,2,range_raw,551,551,551,old-64-Word97--0-3,1
JWEVP4WD,2,curb_mass_raw,2207,2207,2207,old-64-Word97--0-3,1
JWEVP4WD,2,battery_mass_raw,472,472,472,old-64-Word97--0-3,1
JWEVP4WD,2,battery_energy_raw,76.4,76.4,76.4,old-64-Word97--0-3,1
JWEVP4WD,2,remarks_raw,,,,old-64-Word97--0-3,1
LZ7000SKD6EV,28,model_raw,LZ7000SKD6EV,LZ7000SKD6EV,LZ7000SKD6EV,old-64-Word97--0-29,1
LZ7000SKD6EV,28,trade_name_raw,"S50EV,S60EV,S50EVPRO,S60EVPRO","S50EV,S60EV,S50EVPRO,S60EVPRO","S50EV,S60EV,S50EVPRO,S60EVPRO",old-64-Word97--0-29,1
LZ7000SKD6EV,28,range_raw,430(CLTC),430(CLTC),430(CLTC),old-64-Word97--0-29,1
LZ7000SKD6EV,28,curb_mass_raw,1635,1635,1635,old-64-Word97--0-29,1
LZ7000SKD6EV,28,battery_mass_raw,369,369,369,old-64-Word97--0-29,1
LZ7000SKD6EV,28,battery_energy_raw,50.646,50.646,50.646,old-64-Word97--0-29,1
LZ7000SKD6EV,28,remarks_raw,,,,old-64-Word97--0-29,1
LZW6520EVC7EBNC,32,model_raw,LZW6520EVC7EBNC,LZW6520EVC7EBNC,LZW6520EVC7EBNC,old-64-Word97--0-33,1
LZW6520EVC7EBNC,32,trade_name_raw,五菱征程EV,五菱征程EV,五菱征程EV,old-64-Word97--0-33,1
LZW6520EVC7EBNC,32,range_raw,360(CLTC),360(CLTC),360(CLTC),old-64-Word97--0-33,1
LZW6520EVC7EBNC,32,curb_mass_raw,1875,1875,1875,old-64-Word97--0-33,1
LZW6520EVC7EBNC,32,battery_mass_raw,449,449,449,old-64-Word97--0-33,1
LZW6520EVC7EBNC,32,battery_energy_raw,56.6,56.6,56.6,old-64-Word97--0-33,1
LZW6520EVC7EBNC,32,remarks_raw,,,,old-64-Word97--0-33,1
LZW7007EVB3UAB,31,model_raw,LZW7007EVB3UAB,LZW7007EVB3UAB,LZW7007EVB3UAB,old-64-Word97--0-32,1
LZW7007EVB3UAB,31,trade_name_raw,五菱缤果,五菱缤果,五菱缤果,old-64-Word97--0-32,1
LZW7007EVB3UAB,31,range_raw,333(CLTC),333(CLTC),333(CLTC),old-64-Word97--0-32,1
LZW7007EVB3UAB,31,curb_mass_raw,1120/1125,1120/1125,1120/1125,old-64-Word97--0-32,1
LZW7007EVB3UAB,31,battery_mass_raw,257,257,257,old-64-Word97--0-32,1
LZW7007EVB3UAB,31,battery_energy_raw,31.9,31.9,31.9,old-64-Word97--0-32,1
LZW7007EVB3UAB,31,remarks_raw,,,,old-64-Word97--0-32,1
NEQ6470BEVS61,40,model_raw,NEQ6470BEVS61,NEQ6470BEVS61,NEQ6470BEVS61,old-64-Word97--0-41,1
NEQ6470BEVS61,40,trade_name_raw,eQ7,eQ7,eQ7,old-64-Word97--0-41,1
NEQ6470BEVS61,40,range_raw,512,512,512,old-64-Word97--0-41,1
NEQ6470BEVS61,40,curb_mass_raw,1850,1850,1850,old-64-Word97--0-41,1
NEQ6470BEVS61,40,battery_mass_raw,515,515,515,old-64-Word97--0-41,1
NEQ6470BEVS61,40,battery_energy_raw,67.12,67.12,67.12,old-64-Word97--0-41,1
NEQ6470BEVS61,40,remarks_raw,,,,old-64-Word97--0-41,1
NHQ6480BEVFA,33,model_raw,NHQ6480BEVFA,NHQ6480BEVFA,NHQ6480BEVFA,old-64-Word97--0-34,1
NHQ6480BEVFA,33,trade_name_raw,小鹏G6,小鹏G6,小鹏G6,old-64-Word97--0-34,1
NHQ6480BEVFA,33,range_raw,580/560,580/560,580/560,old-64-Word97--0-34,1
NHQ6480BEVFA,33,curb_mass_raw,1995/2000,1995/2000,1995/2000,old-64-Word97--0-34,1
NHQ6480BEVFA,33,battery_mass_raw,564,564,564,old-64-Word97--0-34,1
NHQ6480BEVFA,33,battery_energy_raw,66.0,66.0,66.0,old-64-Word97--0-34,1
NHQ6480BEVFA,33,remarks_raw,,,,old-64-Word97--0-34,1
NHQ6480BEVFB,34,model_raw,NHQ6480BEVFB,NHQ6480BEVFB,NHQ6480BEVFB,old-64-Word97--0-35,1
NHQ6480BEVFB,34,trade_name_raw,小鹏G6,小鹏G6,小鹏G6,old-64-Word97--0-35,1
NHQ6480BEVFB,34,range_raw,755/725,755/725,755/725,old-64-Word97--0-35,1
NHQ6480BEVFB,34,curb_mass_raw,1995/2000,1995/2000,1995/2000,old-64-Word97--0-35,1
NHQ6480BEVFB,34,battery_mass_raw,554,554,554,old-64-Word97--0-35,1
NHQ6480BEVFB,34,battery_energy_raw,87.5,87.5,87.5,old-64-Word97--0-35,1
NHQ6480BEVFB,34,remarks_raw,,,,old-64-Word97--0-35,1
NHQ6480BEVFC,35,model_raw,NHQ6480BEVFC,NHQ6480BEVFC,NHQ6480BEVFC,old-64-Word97--0-36,1
NHQ6480BEVFC,35,trade_name_raw,小鹏G6,小鹏G6,小鹏G6,old-64-Word97--0-36,1
NHQ6480BEVFC,35,range_raw,700/660,700/660,700/660,old-64-Word97--0-36,1
NHQ6480BEVFC,35,curb_mass_raw,2095/2100,2095/2100,2095/2100,old-64-Word97--0-36,1
NHQ6480BEVFC,35,battery_mass_raw,556,556,556,old-64-Word97--0-36,1
NHQ6480BEVFC,35,battery_energy_raw,87.5,87.5,87.5,old-64-Word97--0-36,1
NHQ6480BEVFC,35,remarks_raw,,,,old-64-Word97--0-36,1
QCJ6491SBEV3,26,model_raw,QCJ6491SBEV3,QCJ6491SBEV3,QCJ6491SBEV3,old-64-Word97--0-27,1
QCJ6491SBEV3,26,trade_name_raw,腾势N7,腾势N7,腾势N7,old-64-Word97--0-27,1
QCJ6491SBEV3,26,range_raw,630(CLTC),630(CLTC),630(CLTC),old-64-Word97--0-27,1
QCJ6491SBEV3,26,curb_mass_raw,2440,2440,2440,old-64-Word97--0-27,1
QCJ6491SBEV3,26,battery_mass_raw,650.2,650.2,650.2,old-64-Word97--0-27,1
QCJ6491SBEV3,26,battery_energy_raw,91.392,91.392,91.392,old-64-Word97--0-27,1
QCJ6491SBEV3,26,remarks_raw,,,,old-64-Word97--0-27,1
QCJ6491SBEV4,25,model_raw,QCJ6491SBEV4,QCJ6491SBEV4,QCJ6491SBEV4,old-64-Word97--0-26,1
QCJ6491SBEV4,25,trade_name_raw,腾势N7,腾势N7,腾势N7,old-64-Word97--0-26,1
QCJ6491SBEV4,25,range_raw,702(CLTC),702(CLTC),702(CLTC),old-64-Word97--0-26,1
QCJ6491SBEV4,25,curb_mass_raw,2320,2320,2320,old-64-Word97--0-26,1
QCJ6491SBEV4,25,battery_mass_raw,650.2,650.2,650.2,old-64-Word97--0-26,1
QCJ6491SBEV4,25,battery_energy_raw,91.392,91.392,91.392,old-64-Word97--0-26,1
QCJ6491SBEV4,25,remarks_raw,,,,old-64-Word97--0-26,1
SC6483ABEBEV,12,model_raw,SC6483ABEBEV,SC6483ABEBEV,SC6483ABEBEV,old-64-Word97--0-13,1
SC6483ABEBEV,12,trade_name_raw,睿行EM80Ⅱ,睿行EM80Ⅱ,睿行EM80Ⅱ,old-64-Word97--0-13,1
SC6483ABEBEV,12,range_raw,240,240,240,old-64-Word97--0-13,1
SC6483ABEBEV,12,curb_mass_raw,1610,1610,1610,old-64-Word97--0-13,1
SC6483ABEBEV,12,battery_mass_raw,284±7,284±7,284±7,old-64-Word97--0-13,1
SC6483ABEBEV,12,battery_energy_raw,38.7,38.7,38.7,old-64-Word97--0-13,1
SC6483ABEBEV,12,remarks_raw,,,,old-64-Word97--0-13,1
SGM6491BBBEV,8,model_raw,SGM6491BBBEV,SGM6491BBBEV,SGM6491BBBEV,old-64-Word97--0-9,1
SGM6491BBBEV,8,trade_name_raw,ELECTRA E5,ELECTRA E5,ELECTRA E5,old-64-Word97--0-9,1
SGM6491BBBEV,8,range_raw,620,620,620,old-64-Word97--0-9,1
SGM6491BBBEV,8,curb_mass_raw,2210,2210,2210,old-64-Word97--0-9,1
SGM6491BBBEV,8,battery_mass_raw,523.0,523.0,523.0,old-64-Word97--0-9,1
SGM6491BBBEV,8,battery_energy_raw,79.7,79.7,79.7,old-64-Word97--0-9,1
SGM6491BBBEV,8,remarks_raw,,,,old-64-Word97--0-9,1
THZ6460BEVS30K,39,model_raw,THZ6460BEVS30K,THZ6460BEVS30K,THZ6460BEVS30K,old-64-Word97--0-40,1
THZ6460BEVS30K,39,trade_name_raw,"哪吒U,哪吒U Pro,哪吒U-Ⅱ","哪吒U,哪吒U Pro,哪吒U-Ⅱ","哪吒U,哪吒U Pro,哪吒U-Ⅱ",old-64-Word97--0-40,1
THZ6460BEVS30K,39,range_raw,401,401,401,old-64-Word97--0-40,1
THZ6460BEVS30K,39,curb_mass_raw,1675,1675,1675,old-64-Word97--0-40,1
THZ6460BEVS30K,39,battery_mass_raw,411,411,411,old-64-Word97--0-40,1
THZ6460BEVS30K,39,battery_energy_raw,55.8,55.8,55.8,old-64-Word97--0-40,1
THZ6460BEVS30K,39,remarks_raw,,,,old-64-Word97--0-40,1
THZ7000BEVS364,38,model_raw,THZ7000BEVS364,THZ7000BEVS364,THZ7000BEVS364,old-64-Word97--0-39,1
THZ7000BEVS364,38,trade_name_raw,"哪吒E,哪吒GT","哪吒E,哪吒GT","哪吒E,哪吒GT",old-64-Word97--0-39,1
THZ7000BEVS364,38,range_raw,707,707,707,old-64-Word97--0-39,1
THZ7000BEVS364,38,curb_mass_raw,1840,1840,1840,old-64-Word97--0-39,1
THZ7000BEVS364,38,battery_mass_raw,450±14,450±14,450±14,old-64-Word97--0-39,1
THZ7000BEVS364,38,battery_energy_raw,77.9,77.9,77.9,old-64-Word97--0-39,1
THZ7000BEVS364,38,remarks_raw,,,,old-64-Word97--0-39,1
THZ7000BEVS404,37,model_raw,THZ7000BEVS404,THZ7000BEVS404,THZ7000BEVS404,old-64-Word97--0-38,1
THZ7000BEVS404,37,trade_name_raw,哪吒S,哪吒S,哪吒S,old-64-Word97--0-38,1
THZ7000BEVS404,37,range_raw,520,520,520,old-64-Word97--0-38,1
THZ7000BEVS404,37,curb_mass_raw,1940,1940,1940,old-64-Word97--0-38,1
THZ7000BEVS404,37,battery_mass_raw,473,473,473,old-64-Word97--0-38,1
THZ7000BEVS404,37,battery_energy_raw,64.24,64.24,64.24,old-64-Word97--0-38,1
THZ7000BEVS404,37,remarks_raw,,,,old-64-Word97--0-38,1
THZ7000BEVS405,36,model_raw,THZ7000BEVS405,THZ7000BEVS405,THZ7000BEVS405,old-64-Word97--0-37,1
THZ7000BEVS405,36,trade_name_raw,哪吒S,哪吒S,哪吒S,old-64-Word97--0-37,1
THZ7000BEVS405,36,range_raw,520,520,520,old-64-Word97--0-37,1
THZ7000BEVS405,36,curb_mass_raw,1940,1940,1940,old-64-Word97--0-37,1
THZ7000BEVS405,36,battery_mass_raw,473,473,473,old-64-Word97--0-37,1
THZ7000BEVS405,36,battery_energy_raw,64.46,64.46,64.46,old-64-Word97--0-37,1
THZ7000BEVS405,36,remarks_raw,,,,old-64-Word97--0-37,1
VCC7002F21VBEV,16,model_raw,VCC7002F21VBEV,VCC7002F21VBEV,VCC7002F21VBEV,old-64-Word97--0-17,1
VCC7002F21VBEV,16,trade_name_raw,极星2,极星2,极星2,old-64-Word97--0-17,1
VCC7002F21VBEV,16,range_raw,650,650,650,old-64-Word97--0-17,1
VCC7002F21VBEV,16,curb_mass_raw,2132,2132,2132,old-64-Word97--0-17,1
VCC7002F21VBEV,16,battery_mass_raw,493,493,493,old-64-Word97--0-17,1
VCC7002F21VBEV,16,battery_energy_raw,78,78,78,old-64-Word97--0-17,1
VCC7002F21VBEV,16,remarks_raw,,,,old-64-Word97--0-17,1
VCC7002F22VBEV,15,model_raw,VCC7002F22VBEV,VCC7002F22VBEV,VCC7002F22VBEV,old-64-Word97--0-16,1
VCC7002F22VBEV,15,trade_name_raw,极星2,极星2,极星2,old-64-Word97--0-16,1
VCC7002F22VBEV,15,range_raw,610,610,610,old-64-Word97--0-16,1
VCC7002F22VBEV,15,curb_mass_raw,2134,2134,2134,old-64-Word97--0-16,1
VCC7002F22VBEV,15,battery_mass_raw,493,493,493,old-64-Word97--0-16,1
VCC7002F22VBEV,15,battery_energy_raw,78,78,78,old-64-Word97--0-16,1
VCC7002F22VBEV,15,remarks_raw,,,,old-64-Word97--0-16,1
VCC7002F23VBEV,14,model_raw,VCC7002F23VBEV,VCC7002F23VBEV,VCC7002F23VBEV,old-64-Word97--0-15,1
VCC7002F23VBEV,14,trade_name_raw,极星2,极星2,极星2,old-64-Word97--0-15,1
VCC7002F23VBEV,14,range_raw,780,780,780,old-64-Word97--0-15,1
VCC7002F23VBEV,14,curb_mass_raw,2034,2034,2034,old-64-Word97--0-15,1
VCC7002F23VBEV,14,battery_mass_raw,495,495,495,old-64-Word97--0-15,1
VCC7002F23VBEV,14,battery_energy_raw,82,82,82,old-64-Word97--0-15,1
VCC7002F23VBEV,14,remarks_raw,,,,old-64-Word97--0-15,1
VCC7002F24VBEV,17,model_raw,VCC7002F24VBEV,VCC7002F24VBEV,VCC7002F24VBEV,old-64-Word97--0-18,1
VCC7002F24VBEV,17,trade_name_raw,极星2,极星2,极星2,old-64-Word97--0-18,1
VCC7002F24VBEV,17,range_raw,740,740,740,old-64-Word97--0-18,1
VCC7002F24VBEV,17,curb_mass_raw,2043,2043,2043,old-64-Word97--0-18,1
VCC7002F24VBEV,17,battery_mass_raw,495,495,495,old-64-Word97--0-18,1
VCC7002F24VBEV,17,battery_energy_raw,82,82,82,old-64-Word97--0-18,1
VCC7002F24VBEV,17,remarks_raw,,,,old-64-Word97--0-18,1
VCC7003F06XBEV,21,model_raw,VCC7003F06XBEV,VCC7003F06XBEV,VCC7003F06XBEV,old-64-Word97--0-22,1
VCC7003F06XBEV,21,trade_name_raw,XC40,XC40,XC40,old-64-Word97--0-22,1
VCC7003F06XBEV,21,range_raw,660,660,660,old-64-Word97--0-22,1
VCC7003F06XBEV,21,curb_mass_raw,2019,2019,2019,old-64-Word97--0-22,1
VCC7003F06XBEV,21,battery_mass_raw,455,455,455,old-64-Word97--0-22,1
VCC7003F06XBEV,21,battery_energy_raw,73,73,73,old-64-Word97--0-22,1
VCC7003F06XBEV,21,remarks_raw,,,,old-64-Word97--0-22,1
VCC7003F07XBEV,18,model_raw,VCC7003F07XBEV,VCC7003F07XBEV,VCC7003F07XBEV,old-64-Word97--0-19,1
VCC7003F07XBEV,18,trade_name_raw,XC40,XC40,XC40,old-64-Word97--0-19,1
VCC7003F07XBEV,18,range_raw,640,640,640,old-64-Word97--0-19,1
VCC7003F07XBEV,18,curb_mass_raw,2021,2021,2021,old-64-Word97--0-19,1
VCC7003F07XBEV,18,battery_mass_raw,455,455,455,old-64-Word97--0-19,1
VCC7003F07XBEV,18,battery_energy_raw,73,73,73,old-64-Word97--0-19,1
VCC7003F07XBEV,18,remarks_raw,,,,old-64-Word97--0-19,1
VCC7003F44XBEV,19,model_raw,VCC7003F44XBEV,VCC7003F44XBEV,VCC7003F44XBEV,old-64-Word97--0-20,1
VCC7003F44XBEV,19,trade_name_raw,C40,C40,C40,old-64-Word97--0-20,1
VCC7003F44XBEV,19,range_raw,685,685,685,old-64-Word97--0-20,1
VCC7003F44XBEV,19,curb_mass_raw,1994,1994,1994,old-64-Word97--0-20,1
VCC7003F44XBEV,19,battery_mass_raw,455,455,455,old-64-Word97--0-20,1
VCC7003F44XBEV,19,battery_energy_raw,73,73,73,old-64-Word97--0-20,1
VCC7003F44XBEV,19,remarks_raw,,,,old-64-Word97--0-20,1
VCC7003F45XBEV,20,model_raw,VCC7003F45XBEV,VCC7003F45XBEV,VCC7003F45XBEV,old-64-Word97--0-21,1
VCC7003F45XBEV,20,trade_name_raw,C40,C40,C40,old-64-Word97--0-21,1
VCC7003F45XBEV,20,range_raw,660,660,660,old-64-Word97--0-21,1
VCC7003F45XBEV,20,curb_mass_raw,1996,1996,1996,old-64-Word97--0-21,1
VCC7003F45XBEV,20,battery_mass_raw,455,455,455,old-64-Word97--0-21,1
VCC7003F45XBEV,20,battery_energy_raw,73,73,73,old-64-Word97--0-21,1
VCC7003F45XBEV,20,remarks_raw,,,,old-64-Word97--0-21,1
