cell_0based,raw_value_verbatim,classification
398,,边界附近原文
399,,边界附近原文
400,,第40条乘用车列入记录
401,奇瑞新能源汽车股份有限公司,第40条乘用车列入记录
402,NEQ6470BEVS61,第40条乘用车列入记录
403,eQ7,第40条乘用车列入记录
404,512,第40条乘用车列入记录
405,1850,第40条乘用车列入记录
406,515,第40条乘用车列入记录
407,67.12,第40条乘用车列入记录
408,,第40条乘用车列入记录
409,,第40条乘用车列入记录
410,"勘误：《免征车辆购置税的新能源汽车车型目录》（第六十二批）纯电动乘用车部分第6项，上汽通用汽车有限公司凯迪拉克(CADILLAC)牌SGM6500BEBEV纯电动多用途乘用车，纯电动续驶里程应为608km。

（二）客车
序号",独立勘误段落＋客车小节标题＋客车表头序号
411,汽车生产企业名称,客车表头
412,车辆型号,客车表头
413,产品名称,客车表头
414,纯电动续驶里程(km),客车表头
415,整车整备质量(kg),客车表头
416,动力蓄电池组总质量(kg),客车表头
417,动力蓄电池组总能量(kWh),客车表头
418,备注,客车表头
419,,客车表头
420,,边界附近原文
421,上海申沃客车有限公司,边界附近原文
422,SWB6859EV01G,边界附近原文
