body_index_0based,node_kind,table_index_0based,text_verbatim
0,paragraph,,附件3
1,paragraph,,
2,paragraph,,免征车辆购置税的新能源汽车车型目录
3,paragraph,,（第六十四批）
4,paragraph,,
5,paragraph,,一、纯电动汽车
6,paragraph,,（一）乘用车
7,table,0,物理行 41；当前前置标题 一、纯电动汽车 / （一）乘用车
8,paragraph,,勘误：《免征车辆购置税的新能源汽车车型目录》（第六十二批）纯电动乘用车部分第6项，上汽通用汽车有限公司凯迪拉克(CADILLAC)牌SGM6500BEBEV纯电动多用途乘用车，纯电动续驶里程应为608km。
9,paragraph,,
10,paragraph,,（二）客车
11,table,1,物理行 8；当前前置标题 一、纯电动汽车 / （一）乘用车 / （二）客车
12,paragraph,,
13,paragraph,,（三）货车
14,table,2,物理行 29；当前前置标题 一、纯电动汽车 / （一）乘用车 / （二）客车
15,paragraph,,
16,paragraph,,（四）专用车
17,table,3,物理行 113；当前前置标题 一、纯电动汽车 / （一）乘用车 / （二）客车
18,paragraph,,
19,paragraph,,二、插电式混合动力汽车
20,paragraph,,（一）乘用车
21,table,4,物理行 16；当前前置标题 二、插电式混合动力汽车 / （一）乘用车
22,paragraph,,注：插电式混合动力汽车燃料消耗量仅包括传统燃料/不含电能折算。
23,paragraph,,勘误：《免征车辆购置税的新能源汽车车型目录》（第六十二批）插电式混合动力乘用车部分第4项，长城汽车股份有限公司魏牌牌CC6470AP02CPHEV插电式混合动力多用途乘用车，燃料消耗量应为5.4L/100km。
24,paragraph,,
25,paragraph,,（二）货车
26,table,5,物理行 2；当前前置标题 二、插电式混合动力汽车 / （一）乘用车
27,paragraph,,注：插电式混合动力汽车燃料消耗量仅包括传统燃料/不含电能折算。
28,paragraph,,
29,paragraph,,（三）专用车
30,table,6,物理行 10；当前前置标题 二、插电式混合动力汽车 / （一）乘用车
31,paragraph,,注：插电式混合动力汽车燃料消耗量仅包括传统燃料/不含电能折算。
32,paragraph,,
33,paragraph,,三、燃料电池汽车
34,paragraph,,（一）客车
35,table,7,物理行 5；当前前置标题 三、燃料电池汽车 / （一）客车
36,paragraph,,
37,paragraph,,（二）货车
38,table,8,物理行 4；当前前置标题 三、燃料电池汽车 / （一）客车
39,paragraph,,
40,paragraph,,（三）专用车
41,table,9,物理行 9；当前前置标题 三、燃料电池汽车 / （一）客车
42,paragraph,,
