observation_version_key,model_key,config_id,source_id,source_sha256,source_location,field,raw,nfkc_whitespace_removed,numbers,annotations,min,max,parse_method,original_single_field,original_single_field_updated
rec2022_12|rec2022_12-p20-t3|NC025187,JX6482UBEV,NC025187,rec2022_12,dae8aac7e9ccbe9c046bc0be62323deddcb91e52ed3fb3202e0fbe0e5e7993e7,"{""column_1based"": 2, ""page_1based"": 20, ""row_1based"": 8, ""table_0based"": 3, ""value_bbox"": ""[168.82918401227963, 613.0362999688163, 551.7977689804252, 623.8581366139055]""}",max_speed_30min_kmh,160,160,"[""160""]","[""""]",160,160,full_string_grammar_only_no_annotation_digit_harvest,160.0,0
rec2022_12|rec2022_12-p20-t3|NC025187,JX6482UBEV,NC025187,rec2022_12,dae8aac7e9ccbe9c046bc0be62323deddcb91e52ed3fb3202e0fbe0e5e7993e7,"{""column_1based"": 2, ""page_1based"": 20, ""row_1based"": 9, ""table_0based"": 3, ""value_bbox"": ""[168.82918401227963, 623.8581366139055, 551.7977689804252, 634.6799732589965]""}",range_km,505（CLTC工况，缩短法）,"505(CLTC工况,缩短法)","[""505""]","[""CLTC工况,缩短法""]",505,505,full_string_grammar_only_no_annotation_digit_harvest,,0
rec2022_12|rec2022_12-p20-t3|NC025187,JX6482UBEV,NC025187,rec2022_12,dae8aac7e9ccbe9c046bc0be62323deddcb91e52ed3fb3202e0fbe0e5e7993e7,"{""column_1based"": 2, ""page_1based"": 20, ""row_1based"": 10, ""table_0based"": 3, ""value_bbox"": ""[168.82918401227963, 634.6799732589965, 551.7977689804252, 645.5018099040857]""}",density_whkg,171.96,171.96,"[""171.96""]","[""""]",171.96,171.96,full_string_grammar_only_no_annotation_digit_harvest,171.96,0
rec2022_12|rec2022_12-p20-t3|NC025187,JX6482UBEV,NC025187,rec2022_12,dae8aac7e9ccbe9c046bc0be62323deddcb91e52ed3fb3202e0fbe0e5e7993e7,"{""column_1based"": 2, ""page_1based"": 20, ""row_1based"": 6, ""table_0based"": 3, ""value_bbox"": ""[168.82918401227963, 591.392626678636, 551.7977689804252, 602.2144633237252]""}",curb_mass_kg,1730/1790,1730/1790,"[""1730"", ""1790""]","["""", """"]",1730,1790,full_string_grammar_only_no_annotation_digit_harvest,,0
rec2022_12|rec2022_12-p20-t3|NC025187,JX6482UBEV,NC025187,rec2022_12,dae8aac7e9ccbe9c046bc0be62323deddcb91e52ed3fb3202e0fbe0e5e7993e7,"{""column_1based"": 2, ""page_1based"": 20, ""row_1based"": 11, ""table_0based"": 3, ""value_bbox"": ""[168.82918401227963, 645.5018099040857, 551.7977689804252, 666.6301576397387]""}",consumption_kwh100km,13.90,13.90,"[""13.90""]","[""""]",13.90,13.90,full_string_grammar_only_no_annotation_digit_harvest,13.9,0
rec2022_12|rec2022_12-p60-t1|NC026300,YQZ6520BEVHIPHI1A,NC026300,rec2022_12,dae8aac7e9ccbe9c046bc0be62323deddcb91e52ed3fb3202e0fbe0e5e7993e7,"{""column_1based"": 3, ""page_1based"": 60, ""row_1based"": 8, ""table_0based"": 1, ""value_bbox"": ""[247.24036625431762, 495.58796208077564, 322.2202344381563, 506.40979872586485]""}",max_speed_30min_kmh,180,180,"[""180""]","[""""]",180,180,full_string_grammar_only_no_annotation_digit_harvest,180.0,0
rec2022_12|rec2022_12-p60-t1|NC026300,YQZ6520BEVHIPHI1A,NC026300,rec2022_12,dae8aac7e9ccbe9c046bc0be62323deddcb91e52ed3fb3202e0fbe0e5e7993e7,"{""column_1based"": 3, ""page_1based"": 60, ""row_1based"": 9, ""table_0based"": 1, ""value_bbox"": ""[247.24036625431762, 506.40979872586485, 322.2202344381563, 517.2316353709582]""}",range_km,690(CLTC工况),690(CLTC工况),"[""690""]","[""CLTC工况""]",690,690,full_string_grammar_only_no_annotation_digit_harvest,690.0,0
rec2022_12|rec2022_12-p60-t1|NC026300,YQZ6520BEVHIPHI1A,NC026300,rec2022_12,dae8aac7e9ccbe9c046bc0be62323deddcb91e52ed3fb3202e0fbe0e5e7993e7,"{""column_1based"": 3, ""page_1based"": 60, ""row_1based"": 10, ""table_0based"": 1, ""value_bbox"": ""[247.24036625431762, 517.2316353709582, 322.2202344381563, 528.0534720160474]""}",density_whkg,194.80,194.80,"[""194.80""]","[""""]",194.80,194.80,full_string_grammar_only_no_annotation_digit_harvest,194.8,0
rec2022_12|rec2022_12-p60-t1|NC026300,YQZ6520BEVHIPHI1A,NC026300,rec2022_12,dae8aac7e9ccbe9c046bc0be62323deddcb91e52ed3fb3202e0fbe0e5e7993e7,"{""column_1based"": 3, ""page_1based"": 60, ""row_1based"": 6, ""table_0based"": 1, ""value_bbox"": ""[247.24036625431762, 473.9442887905972, 322.2202344381563, 484.76612543568643]""}",curb_mass_kg,2650/2680,2650/2680,"[""2650"", ""2680""]","["""", """"]",2650,2680,full_string_grammar_only_no_annotation_digit_harvest,,0
rec2022_12|rec2022_12-p60-t1|NC026300,YQZ6520BEVHIPHI1A,NC026300,rec2022_12,dae8aac7e9ccbe9c046bc0be62323deddcb91e52ed3fb3202e0fbe0e5e7993e7,"{""column_1based"": 3, ""page_1based"": 60, ""row_1based"": 11, ""table_0based"": 1, ""value_bbox"": ""[247.24036625431762, 528.0534720160474, 322.2202344381563, 549.1818197516989]""}",consumption_kwh100km,18.2(CLTC工况),18.2(CLTC工况),"[""18.2""]","[""CLTC工况""]",18.2,18.2,full_string_grammar_only_no_annotation_digit_harvest,18.2,0
rec2022_12|rec2022_12-p60-t1|NC023012,YQZ6520BEVHIPHI1A,NC023012,rec2022_12,dae8aac7e9ccbe9c046bc0be62323deddcb91e52ed3fb3202e0fbe0e5e7993e7,"{""column_1based"": 4, ""page_1based"": 60, ""row_1based"": 8, ""table_0based"": 1, ""value_bbox"": ""[322.2202344381563, 495.58796208077564, 400.54971872642767, 506.40979872586485]""}",max_speed_30min_kmh,180,180,"[""180""]","[""""]",180,180,full_string_grammar_only_no_annotation_digit_harvest,180.0,0
rec2022_12|rec2022_12-p60-t1|NC023012,YQZ6520BEVHIPHI1A,NC023012,rec2022_12,dae8aac7e9ccbe9c046bc0be62323deddcb91e52ed3fb3202e0fbe0e5e7993e7,"{""column_1based"": 4, ""page_1based"": 60, ""row_1based"": 9, ""table_0based"": 1, ""value_bbox"": ""[322.2202344381563, 506.40979872586485, 400.54971872642767, 517.2316353709582]""}",range_km,690(CLTC工况),690(CLTC工况),"[""690""]","[""CLTC工况""]",690,690,full_string_grammar_only_no_annotation_digit_harvest,690.0,0
rec2022_12|rec2022_12-p60-t1|NC023012,YQZ6520BEVHIPHI1A,NC023012,rec2022_12,dae8aac7e9ccbe9c046bc0be62323deddcb91e52ed3fb3202e0fbe0e5e7993e7,"{""column_1based"": 4, ""page_1based"": 60, ""row_1based"": 10, ""table_0based"": 1, ""value_bbox"": ""[322.2202344381563, 517.2316353709582, 400.54971872642767, 528.0534720160474]""}",density_whkg,194.80,194.80,"[""194.80""]","[""""]",194.80,194.80,full_string_grammar_only_no_annotation_digit_harvest,194.8,0
rec2022_12|rec2022_12-p60-t1|NC023012,YQZ6520BEVHIPHI1A,NC023012,rec2022_12,dae8aac7e9ccbe9c046bc0be62323deddcb91e52ed3fb3202e0fbe0e5e7993e7,"{""column_1based"": 4, ""page_1based"": 60, ""row_1based"": 6, ""table_0based"": 1, ""value_bbox"": ""[322.2202344381563, 473.9442887905972, 400.54971872642767, 484.76612543568643]""}",curb_mass_kg,2650/2680,2650/2680,"[""2650"", ""2680""]","["""", """"]",2650,2680,full_string_grammar_only_no_annotation_digit_harvest,,0
rec2022_12|rec2022_12-p60-t1|NC023012,YQZ6520BEVHIPHI1A,NC023012,rec2022_12,dae8aac7e9ccbe9c046bc0be62323deddcb91e52ed3fb3202e0fbe0e5e7993e7,"{""column_1based"": 4, ""page_1based"": 60, ""row_1based"": 11, ""table_0based"": 1, ""value_bbox"": ""[322.2202344381563, 528.0534720160474, 400.54971872642767, 549.1818197516989]""}",consumption_kwh100km,18.2(CLTC工况),18.2(CLTC工况),"[""18.2""]","[""CLTC工况""]",18.2,18.2,full_string_grammar_only_no_annotation_digit_harvest,18.2,0
rec2022_12|rec2022_12-p60-t1|NC003295,YQZ6520BEVHIPHI1A,NC003295,rec2022_12,dae8aac7e9ccbe9c046bc0be62323deddcb91e52ed3fb3202e0fbe0e5e7993e7,"{""column_1based"": 5, ""page_1based"": 60, ""row_1based"": 8, ""table_0based"": 1, ""value_bbox"": ""[400.54971872642767, 495.58796208077564, 475.52958691026635, 506.40979872586485]""}",max_speed_30min_kmh,180,180,"[""180""]","[""""]",180,180,full_string_grammar_only_no_annotation_digit_harvest,180.0,0
rec2022_12|rec2022_12-p60-t1|NC003295,YQZ6520BEVHIPHI1A,NC003295,rec2022_12,dae8aac7e9ccbe9c046bc0be62323deddcb91e52ed3fb3202e0fbe0e5e7993e7,"{""column_1based"": 5, ""page_1based"": 60, ""row_1based"": 9, ""table_0based"": 1, ""value_bbox"": ""[400.54971872642767, 506.40979872586485, 475.52958691026635, 517.2316353709582]""}",range_km,550,550,"[""550""]","[""""]",550,550,full_string_grammar_only_no_annotation_digit_harvest,550.0,0
rec2022_12|rec2022_12-p60-t1|NC003295,YQZ6520BEVHIPHI1A,NC003295,rec2022_12,dae8aac7e9ccbe9c046bc0be62323deddcb91e52ed3fb3202e0fbe0e5e7993e7,"{""column_1based"": 5, ""page_1based"": 60, ""row_1based"": 10, ""table_0based"": 1, ""value_bbox"": ""[400.54971872642767, 517.2316353709582, 475.52958691026635, 528.0534720160474]""}",density_whkg,180.83,180.83,"[""180.83""]","[""""]",180.83,180.83,full_string_grammar_only_no_annotation_digit_harvest,180.83,0
rec2022_12|rec2022_12-p60-t1|NC003295,YQZ6520BEVHIPHI1A,NC003295,rec2022_12,dae8aac7e9ccbe9c046bc0be62323deddcb91e52ed3fb3202e0fbe0e5e7993e7,"{""column_1based"": 5, ""page_1based"": 60, ""row_1based"": 6, ""table_0based"": 1, ""value_bbox"": ""[400.54971872642767, 473.9442887905972, 475.52958691026635, 484.76612543568643]""}",curb_mass_kg,2580/2650,2580/2650,"[""2580"", ""2650""]","["""", """"]",2580,2650,full_string_grammar_only_no_annotation_digit_harvest,,0
rec2022_12|rec2022_12-p60-t1|NC003295,YQZ6520BEVHIPHI1A,NC003295,rec2022_12,dae8aac7e9ccbe9c046bc0be62323deddcb91e52ed3fb3202e0fbe0e5e7993e7,"{""column_1based"": 5, ""page_1based"": 60, ""row_1based"": 11, ""table_0based"": 1, ""value_bbox"": ""[400.54971872642767, 528.0534720160474, 475.52958691026635, 549.1818197516989]""}",consumption_kwh100km,17.80,17.80,"[""17.80""]","[""""]",17.80,17.80,full_string_grammar_only_no_annotation_digit_harvest,17.8,0
rec2022_12|rec2022_12-p60-t1|NC011183,YQZ6520BEVHIPHI1A,NC011183,rec2022_12,dae8aac7e9ccbe9c046bc0be62323deddcb91e52ed3fb3202e0fbe0e5e7993e7,"{""column_1based"": 6, ""page_1based"": 60, ""row_1based"": 8, ""table_0based"": 1, ""value_bbox"": ""[475.52958691026635, 495.58796208077564, 551.7977689804252, 506.40979872586485]""}",max_speed_30min_kmh,180,180,"[""180""]","[""""]",180,180,full_string_grammar_only_no_annotation_digit_harvest,180.0,0
rec2022_12|rec2022_12-p60-t1|NC011183,YQZ6520BEVHIPHI1A,NC011183,rec2022_12,dae8aac7e9ccbe9c046bc0be62323deddcb91e52ed3fb3202e0fbe0e5e7993e7,"{""column_1based"": 6, ""page_1based"": 60, ""row_1based"": 9, ""table_0based"": 1, ""value_bbox"": ""[475.52958691026635, 506.40979872586485, 551.7977689804252, 517.2316353709582]""}",range_km,560(CLTC工况),560(CLTC工况),"[""560""]","[""CLTC工况""]",560,560,full_string_grammar_only_no_annotation_digit_harvest,560.0,0
rec2022_12|rec2022_12-p60-t1|NC011183,YQZ6520BEVHIPHI1A,NC011183,rec2022_12,dae8aac7e9ccbe9c046bc0be62323deddcb91e52ed3fb3202e0fbe0e5e7993e7,"{""column_1based"": 6, ""page_1based"": 60, ""row_1based"": 10, ""table_0based"": 1, ""value_bbox"": ""[475.52958691026635, 517.2316353709582, 551.7977689804252, 528.0534720160474]""}",density_whkg,180.83,180.83,"[""180.83""]","[""""]",180.83,180.83,full_string_grammar_only_no_annotation_digit_harvest,180.83,0
rec2022_12|rec2022_12-p60-t1|NC011183,YQZ6520BEVHIPHI1A,NC011183,rec2022_12,dae8aac7e9ccbe9c046bc0be62323deddcb91e52ed3fb3202e0fbe0e5e7993e7,"{""column_1based"": 6, ""page_1based"": 60, ""row_1based"": 6, ""table_0based"": 1, ""value_bbox"": ""[475.52958691026635, 473.9442887905972, 551.7977689804252, 484.76612543568643]""}",curb_mass_kg,2580/2650,2580/2650,"[""2580"", ""2650""]","["""", """"]",2580,2650,full_string_grammar_only_no_annotation_digit_harvest,,0
rec2022_12|rec2022_12-p60-t1|NC011183,YQZ6520BEVHIPHI1A,NC011183,rec2022_12,dae8aac7e9ccbe9c046bc0be62323deddcb91e52ed3fb3202e0fbe0e5e7993e7,"{""column_1based"": 6, ""page_1based"": 60, ""row_1based"": 11, ""table_0based"": 1, ""value_bbox"": ""[475.52958691026635, 528.0534720160474, 551.7977689804252, 549.1818197516989]""}",consumption_kwh100km,17.7(CLTC工况),17.7(CLTC工况),"[""17.7""]","[""CLTC工况""]",17.7,17.7,full_string_grammar_only_no_annotation_digit_harvest,17.7,0
rec2022_12|rec2022_12-p64-t1|NC009116,HFC7002CSEV1-W,NC009116,rec2022_12,dae8aac7e9ccbe9c046bc0be62323deddcb91e52ed3fb3202e0fbe0e5e7993e7,"{""column_1based"": 2, ""page_1based"": 64, ""row_1based"": 8, ""table_0based"": 1, ""value_bbox"": ""[85.86176973325536, 302.35453081508297, 144.69058090322554, 323.4828785507352]""}",max_speed_30min_kmh,180,180,"[""180""]","[""""]",180,180,full_string_grammar_only_no_annotation_digit_harvest,180.0,0
rec2022_12|rec2022_12-p64-t1|NC009116,HFC7002CSEV1-W,NC009116,rec2022_12,dae8aac7e9ccbe9c046bc0be62323deddcb91e52ed3fb3202e0fbe0e5e7993e7,"{""column_1based"": 2, ""page_1based"": 64, ""row_1based"": 9, ""table_0based"": 1, ""value_bbox"": ""[85.86176973325536, 323.4828785507352, 144.69058090322554, 344.6112262863868]""}",range_km,705,705,"[""705""]","[""""]",705,705,full_string_grammar_only_no_annotation_digit_harvest,705.0,0
rec2022_12|rec2022_12-p64-t1|NC009116,HFC7002CSEV1-W,NC009116,rec2022_12,dae8aac7e9ccbe9c046bc0be62323deddcb91e52ed3fb3202e0fbe0e5e7993e7,"{""column_1based"": 2, ""page_1based"": 64, ""row_1based"": 10, ""table_0based"": 1, ""value_bbox"": ""[85.86176973325536, 344.6112262863868, 144.69058090322554, 365.73957402203905]""}",density_whkg,185.44,185.44,"[""185.44""]","[""""]",185.44,185.44,full_string_grammar_only_no_annotation_digit_harvest,185.44,0
rec2022_12|rec2022_12-p64-t1|NC009116,HFC7002CSEV1-W,NC009116,rec2022_12,dae8aac7e9ccbe9c046bc0be62323deddcb91e52ed3fb3202e0fbe0e5e7993e7,"{""column_1based"": 2, ""page_1based"": 64, ""row_1based"": 6, ""table_0based"": 1, ""value_bbox"": ""[85.86176973325536, 270.4043464343382, 144.69058090322554, 281.2261830794274]""}",curb_mass_kg,2379/2414,2379/2414,"[""2379"", ""2414""]","["""", """"]",2379,2414,full_string_grammar_only_no_annotation_digit_harvest,,0
rec2022_12|rec2022_12-p64-t1|NC009116,HFC7002CSEV1-W,NC009116,rec2022_12,dae8aac7e9ccbe9c046bc0be62323deddcb91e52ed3fb3202e0fbe0e5e7993e7,"{""column_1based"": 2, ""page_1based"": 64, ""row_1based"": 11, ""table_0based"": 1, ""value_bbox"": ""[85.86176973325536, 365.73957402203905, 144.69058090322554, 397.1744328482537]""}",consumption_kwh100km,15.20,15.20,"[""15.20""]","[""""]",15.20,15.20,full_string_grammar_only_no_annotation_digit_harvest,15.2,0
rec2022_12|rec2022_12-p64-t1|NC012203,HFC7002CSEV1-W,NC012203,rec2022_12,dae8aac7e9ccbe9c046bc0be62323deddcb91e52ed3fb3202e0fbe0e5e7993e7,"{""column_1based"": 5, ""page_1based"": 64, ""row_1based"": 8, ""table_0based"": 1, ""value_bbox"": ""[262.8031980010662, 302.35453081508297, 320.931920551836, 323.4828785507352]""}",max_speed_30min_kmh,180,180,"[""180""]","[""""]",180,180,full_string_grammar_only_no_annotation_digit_harvest,180.0,0
rec2022_12|rec2022_12-p64-t1|NC012203,HFC7002CSEV1-W,NC012203,rec2022_12,dae8aac7e9ccbe9c046bc0be62323deddcb91e52ed3fb3202e0fbe0e5e7993e7,"{""column_1based"": 5, ""page_1based"": 64, ""row_1based"": 9, ""table_0based"": 1, ""value_bbox"": ""[262.8031980010662, 323.4828785507352, 320.931920551836, 344.6112262863868]""}",range_km,480,480,"[""480""]","[""""]",480,480,full_string_grammar_only_no_annotation_digit_harvest,480.0,0
rec2022_12|rec2022_12-p64-t1|NC012203,HFC7002CSEV1-W,NC012203,rec2022_12,dae8aac7e9ccbe9c046bc0be62323deddcb91e52ed3fb3202e0fbe0e5e7993e7,"{""column_1based"": 5, ""page_1based"": 64, ""row_1based"": 10, ""table_0based"": 1, ""value_bbox"": ""[262.8031980010662, 344.6112262863868, 320.931920551836, 365.73957402203905]""}",density_whkg,142.10,142.10,"[""142.10""]","[""""]",142.10,142.10,full_string_grammar_only_no_annotation_digit_harvest,142.1,0
rec2022_12|rec2022_12-p64-t1|NC012203,HFC7002CSEV1-W,NC012203,rec2022_12,dae8aac7e9ccbe9c046bc0be62323deddcb91e52ed3fb3202e0fbe0e5e7993e7,"{""column_1based"": 5, ""page_1based"": 64, ""row_1based"": 6, ""table_0based"": 1, ""value_bbox"": ""[262.8031980010662, 270.4043464343382, 320.931920551836, 281.2261830794274]""}",curb_mass_kg,2369/2404,2369/2404,"[""2369"", ""2404""]","["""", """"]",2369,2404,full_string_grammar_only_no_annotation_digit_harvest,,0
rec2022_12|rec2022_12-p64-t1|NC012203,HFC7002CSEV1-W,NC012203,rec2022_12,dae8aac7e9ccbe9c046bc0be62323deddcb91e52ed3fb3202e0fbe0e5e7993e7,"{""column_1based"": 5, ""page_1based"": 64, ""row_1based"": 11, ""table_0based"": 1, ""value_bbox"": ""[262.8031980010662, 365.73957402203905, 320.931920551836, 397.1744328482537]""}",consumption_kwh100km,17.60,17.60,"[""17.60""]","[""""]",17.60,17.60,full_string_grammar_only_no_annotation_digit_harvest,17.6,0
rec2022_12|rec2022_12-p64-t1|NC012201,HFC7002CSEV1-W,NC012201,rec2022_12,dae8aac7e9ccbe9c046bc0be62323deddcb91e52ed3fb3202e0fbe0e5e7993e7,"{""column_1based"": 6, ""page_1based"": 64, ""row_1based"": 8, ""table_0based"": 1, ""value_bbox"": ""[320.931920551836, 302.35453081508297, 379.6790337680395, 323.4828785507352]""}",max_speed_30min_kmh,180,180,"[""180""]","[""""]",180,180,full_string_grammar_only_no_annotation_digit_harvest,180.0,0
rec2022_12|rec2022_12-p64-t1|NC012201,HFC7002CSEV1-W,NC012201,rec2022_12,dae8aac7e9ccbe9c046bc0be62323deddcb91e52ed3fb3202e0fbe0e5e7993e7,"{""column_1based"": 6, ""page_1based"": 64, ""row_1based"": 9, ""table_0based"": 1, ""value_bbox"": ""[320.931920551836, 323.4828785507352, 379.6790337680395, 344.6112262863868]""}",range_km,615,615,"[""615""]","[""""]",615,615,full_string_grammar_only_no_annotation_digit_harvest,615.0,0
rec2022_12|rec2022_12-p64-t1|NC012201,HFC7002CSEV1-W,NC012201,rec2022_12,dae8aac7e9ccbe9c046bc0be62323deddcb91e52ed3fb3202e0fbe0e5e7993e7,"{""column_1based"": 6, ""page_1based"": 64, ""row_1based"": 10, ""table_0based"": 1, ""value_bbox"": ""[320.931920551836, 344.6112262863868, 379.6790337680395, 365.73957402203905]""}",density_whkg,185.44,185.44,"[""185.44""]","[""""]",185.44,185.44,full_string_grammar_only_no_annotation_digit_harvest,185.44,0
rec2022_12|rec2022_12-p64-t1|NC012201,HFC7002CSEV1-W,NC012201,rec2022_12,dae8aac7e9ccbe9c046bc0be62323deddcb91e52ed3fb3202e0fbe0e5e7993e7,"{""column_1based"": 6, ""page_1based"": 64, ""row_1based"": 6, ""table_0based"": 1, ""value_bbox"": ""[320.931920551836, 270.4043464343382, 379.6790337680395, 281.2261830794274]""}",curb_mass_kg,2399/2434,2399/2434,"[""2399"", ""2434""]","["""", """"]",2399,2434,full_string_grammar_only_no_annotation_digit_harvest,,0
rec2022_12|rec2022_12-p64-t1|NC012201,HFC7002CSEV1-W,NC012201,rec2022_12,dae8aac7e9ccbe9c046bc0be62323deddcb91e52ed3fb3202e0fbe0e5e7993e7,"{""column_1based"": 6, ""page_1based"": 64, ""row_1based"": 11, ""table_0based"": 1, ""value_bbox"": ""[320.931920551836, 365.73957402203905, 379.6790337680395, 397.1744328482537]""}",consumption_kwh100km,17.40,17.40,"[""17.40""]","[""""]",17.40,17.40,full_string_grammar_only_no_annotation_digit_harvest,17.4,0
rec2022_12|rec2022_12-p64-t1|NC009134,HFC7002CSEV1-W,NC009134,rec2022_12,dae8aac7e9ccbe9c046bc0be62323deddcb91e52ed3fb3202e0fbe0e5e7993e7,"{""column_1based"": 7, ""page_1based"": 64, ""row_1based"": 8, ""table_0based"": 1, ""value_bbox"": ""[379.6790337680395, 302.35453081508297, 438.4261469842431, 323.4828785507352]""}",max_speed_30min_kmh,180,180,"[""180""]","[""""]",180,180,full_string_grammar_only_no_annotation_digit_harvest,180.0,0
rec2022_12|rec2022_12-p64-t1|NC009134,HFC7002CSEV1-W,NC009134,rec2022_12,dae8aac7e9ccbe9c046bc0be62323deddcb91e52ed3fb3202e0fbe0e5e7993e7,"{""column_1based"": 7, ""page_1based"": 64, ""row_1based"": 9, ""table_0based"": 1, ""value_bbox"": ""[379.6790337680395, 323.4828785507352, 438.4261469842431, 344.6112262863868]""}",range_km,530,530,"[""530""]","[""""]",530,530,full_string_grammar_only_no_annotation_digit_harvest,530.0,0
rec2022_12|rec2022_12-p64-t1|NC009134,HFC7002CSEV1-W,NC009134,rec2022_12,dae8aac7e9ccbe9c046bc0be62323deddcb91e52ed3fb3202e0fbe0e5e7993e7,"{""column_1based"": 7, ""page_1based"": 64, ""row_1based"": 10, ""table_0based"": 1, ""value_bbox"": ""[379.6790337680395, 344.6112262863868, 438.4261469842431, 365.73957402203905]""}",density_whkg,142.10,142.10,"[""142.10""]","[""""]",142.10,142.10,full_string_grammar_only_no_annotation_digit_harvest,142.1,0
rec2022_12|rec2022_12-p64-t1|NC009134,HFC7002CSEV1-W,NC009134,rec2022_12,dae8aac7e9ccbe9c046bc0be62323deddcb91e52ed3fb3202e0fbe0e5e7993e7,"{""column_1based"": 7, ""page_1based"": 64, ""row_1based"": 6, ""table_0based"": 1, ""value_bbox"": ""[379.6790337680395, 270.4043464343382, 438.4261469842431, 281.2261830794274]""}",curb_mass_kg,2349/2384,2349/2384,"[""2349"", ""2384""]","["""", """"]",2349,2384,full_string_grammar_only_no_annotation_digit_harvest,,0
rec2022_12|rec2022_12-p64-t1|NC009134,HFC7002CSEV1-W,NC009134,rec2022_12,dae8aac7e9ccbe9c046bc0be62323deddcb91e52ed3fb3202e0fbe0e5e7993e7,"{""column_1based"": 7, ""page_1based"": 64, ""row_1based"": 11, ""table_0based"": 1, ""value_bbox"": ""[379.6790337680395, 365.73957402203905, 438.4261469842431, 397.1744328482537]""}",consumption_kwh100km,16.20,16.20,"[""16.20""]","[""""]",16.20,16.20,full_string_grammar_only_no_annotation_digit_harvest,16.2,0
rec2022_12|rec2022_12-p64-t1|NC009123,HFC7002CSEV1-W,NC009123,rec2022_12,dae8aac7e9ccbe9c046bc0be62323deddcb91e52ed3fb3202e0fbe0e5e7993e7,"{""column_1based"": 8, ""page_1based"": 64, ""row_1based"": 8, ""table_0based"": 1, ""value_bbox"": ""[438.4261469842431, 302.35453081508297, 497.1732602004466, 323.4828785507352]""}",max_speed_30min_kmh,180,180,"[""180""]","[""""]",180,180,full_string_grammar_only_no_annotation_digit_harvest,180.0,0
rec2022_12|rec2022_12-p64-t1|NC009123,HFC7002CSEV1-W,NC009123,rec2022_12,dae8aac7e9ccbe9c046bc0be62323deddcb91e52ed3fb3202e0fbe0e5e7993e7,"{""column_1based"": 8, ""page_1based"": 64, ""row_1based"": 9, ""table_0based"": 1, ""value_bbox"": ""[438.4261469842431, 323.4828785507352, 497.1732602004466, 344.6112262863868]""}",range_km,550,550,"[""550""]","[""""]",550,550,full_string_grammar_only_no_annotation_digit_harvest,550.0,0
rec2022_12|rec2022_12-p64-t1|NC009123,HFC7002CSEV1-W,NC009123,rec2022_12,dae8aac7e9ccbe9c046bc0be62323deddcb91e52ed3fb3202e0fbe0e5e7993e7,"{""column_1based"": 8, ""page_1based"": 64, ""row_1based"": 10, ""table_0based"": 1, ""value_bbox"": ""[438.4261469842431, 344.6112262863868, 497.1732602004466, 365.73957402203905]""}",density_whkg,142.10,142.10,"[""142.10""]","[""""]",142.10,142.10,full_string_grammar_only_no_annotation_digit_harvest,142.1,0
rec2022_12|rec2022_12-p64-t1|NC009123,HFC7002CSEV1-W,NC009123,rec2022_12,dae8aac7e9ccbe9c046bc0be62323deddcb91e52ed3fb3202e0fbe0e5e7993e7,"{""column_1based"": 8, ""page_1based"": 64, ""row_1based"": 6, ""table_0based"": 1, ""value_bbox"": ""[438.4261469842431, 270.4043464343382, 497.1732602004466, 281.2261830794274]""}",curb_mass_kg,2349/2384,2349/2384,"[""2349"", ""2384""]","["""", """"]",2349,2384,full_string_grammar_only_no_annotation_digit_harvest,,0
rec2022_12|rec2022_12-p64-t1|NC009123,HFC7002CSEV1-W,NC009123,rec2022_12,dae8aac7e9ccbe9c046bc0be62323deddcb91e52ed3fb3202e0fbe0e5e7993e7,"{""column_1based"": 8, ""page_1based"": 64, ""row_1based"": 11, ""table_0based"": 1, ""value_bbox"": ""[438.4261469842431, 365.73957402203905, 497.1732602004466, 397.1744328482537]""}",consumption_kwh100km,15.60,15.60,"[""15.60""]","[""""]",15.60,15.60,full_string_grammar_only_no_annotation_digit_harvest,15.6,0
rec2022_12|rec2022_12-p64-t1|NC009120,HFC7002CSEV1-W,NC009120,rec2022_12,dae8aac7e9ccbe9c046bc0be62323deddcb91e52ed3fb3202e0fbe0e5e7993e7,"{""column_1based"": 9, ""page_1based"": 64, ""row_1based"": 8, ""table_0based"": 1, ""value_bbox"": ""[497.1732602004466, 302.35453081508297, 555.92037341665, 323.4828785507352]""}",max_speed_30min_kmh,180,180,"[""180""]","[""""]",180,180,full_string_grammar_only_no_annotation_digit_harvest,180.0,0
rec2022_12|rec2022_12-p64-t1|NC009120,HFC7002CSEV1-W,NC009120,rec2022_12,dae8aac7e9ccbe9c046bc0be62323deddcb91e52ed3fb3202e0fbe0e5e7993e7,"{""column_1based"": 9, ""page_1based"": 64, ""row_1based"": 9, ""table_0based"": 1, ""value_bbox"": ""[497.1732602004466, 323.4828785507352, 555.92037341665, 344.6112262863868]""}",range_km,675,675,"[""675""]","[""""]",675,675,full_string_grammar_only_no_annotation_digit_harvest,675.0,0
rec2022_12|rec2022_12-p64-t1|NC009120,HFC7002CSEV1-W,NC009120,rec2022_12,dae8aac7e9ccbe9c046bc0be62323deddcb91e52ed3fb3202e0fbe0e5e7993e7,"{""column_1based"": 9, ""page_1based"": 64, ""row_1based"": 10, ""table_0based"": 1, ""value_bbox"": ""[497.1732602004466, 344.6112262863868, 555.92037341665, 365.73957402203905]""}",density_whkg,185.44,185.44,"[""185.44""]","[""""]",185.44,185.44,full_string_grammar_only_no_annotation_digit_harvest,185.44,0
rec2022_12|rec2022_12-p64-t1|NC009120,HFC7002CSEV1-W,NC009120,rec2022_12,dae8aac7e9ccbe9c046bc0be62323deddcb91e52ed3fb3202e0fbe0e5e7993e7,"{""column_1based"": 9, ""page_1based"": 64, ""row_1based"": 6, ""table_0based"": 1, ""value_bbox"": ""[497.1732602004466, 270.4043464343382, 555.92037341665, 281.2261830794274]""}",curb_mass_kg,2379/2414,2379/2414,"[""2379"", ""2414""]","["""", """"]",2379,2414,full_string_grammar_only_no_annotation_digit_harvest,,0
rec2022_12|rec2022_12-p64-t1|NC009120,HFC7002CSEV1-W,NC009120,rec2022_12,dae8aac7e9ccbe9c046bc0be62323deddcb91e52ed3fb3202e0fbe0e5e7993e7,"{""column_1based"": 9, ""page_1based"": 64, ""row_1based"": 11, ""table_0based"": 1, ""value_bbox"": ""[497.1732602004466, 365.73957402203905, 555.92037341665, 397.1744328482537]""}",consumption_kwh100km,16.00,16.00,"[""16.00""]","[""""]",16.00,16.00,full_string_grammar_only_no_annotation_digit_harvest,16.0,0
rec2022_12|rec2022_12-p70-t3|NC003362,JX7001ERABEV,NC003362,rec2022_12,dae8aac7e9ccbe9c046bc0be62323deddcb91e52ed3fb3202e0fbe0e5e7993e7,"{""column_1based"": 2, ""page_1based"": 70, ""row_1based"": 8, ""table_0based"": 3, ""value_bbox"": ""[168.82926208008064, 583.1447502062911, 551.7977689804252, 593.9665868513803]""}",max_speed_30min_kmh,120,120,"[""120""]","[""""]",120,120,full_string_grammar_only_no_annotation_digit_harvest,120.0,0
rec2022_12|rec2022_12-p70-t3|NC003362,JX7001ERABEV,NC003362,rec2022_12,dae8aac7e9ccbe9c046bc0be62323deddcb91e52ed3fb3202e0fbe0e5e7993e7,"{""column_1based"": 2, ""page_1based"": 70, ""row_1based"": 9, ""table_0based"": 3, ""value_bbox"": ""[168.82926208008064, 593.9665868513803, 551.7977689804252, 604.7884234964744]""}",range_km,401(NEDC)/450(CLTC),401(NEDC)/450(CLTC),"[""401"", ""450""]","[""NEDC"", ""CLTC""]",401,450,full_string_grammar_only_no_annotation_digit_harvest,,0
rec2022_12|rec2022_12-p70-t3|NC003362,JX7001ERABEV,NC003362,rec2022_12,dae8aac7e9ccbe9c046bc0be62323deddcb91e52ed3fb3202e0fbe0e5e7993e7,"{""column_1based"": 2, ""page_1based"": 70, ""row_1based"": 10, ""table_0based"": 3, ""value_bbox"": ""[168.82926208008064, 604.7884234964744, 551.7977689804252, 615.6102601415636]""}",density_whkg,175.48,175.48,"[""175.48""]","[""""]",175.48,175.48,full_string_grammar_only_no_annotation_digit_harvest,175.48,0
rec2022_12|rec2022_12-p70-t3|NC003362,JX7001ERABEV,NC003362,rec2022_12,dae8aac7e9ccbe9c046bc0be62323deddcb91e52ed3fb3202e0fbe0e5e7993e7,"{""column_1based"": 2, ""page_1based"": 70, ""row_1based"": 6, ""table_0based"": 3, ""value_bbox"": ""[168.82926208008064, 561.5010769161127, 551.7977689804252, 572.3229135612019]""}",curb_mass_kg,1460,1460,"[""1460""]","[""""]",1460,1460,full_string_grammar_only_no_annotation_digit_harvest,1460.0,0
rec2022_12|rec2022_12-p70-t3|NC003362,JX7001ERABEV,NC003362,rec2022_12,dae8aac7e9ccbe9c046bc0be62323deddcb91e52ed3fb3202e0fbe0e5e7993e7,"{""column_1based"": 2, ""page_1based"": 70, ""row_1based"": 11, ""table_0based"": 3, ""value_bbox"": ""[168.82926208008064, 615.6102601415636, 551.7977689804252, 636.7386078772142]""}",consumption_kwh100km,12.9(NEDC)/12.2(CLTC),12.9(NEDC)/12.2(CLTC),"[""12.9"", ""12.2""]","[""NEDC"", ""CLTC""]",12.2,12.9,full_string_grammar_only_no_annotation_digit_harvest,,0
rec2022_12|rec2022_12-p77-t4|NC573180,FV6494AA1BEV,NC573180,rec2022_12,dae8aac7e9ccbe9c046bc0be62323deddcb91e52ed3fb3202e0fbe0e5e7993e7,"{""column_1based"": 2, ""page_1based"": 78, ""row_1based"": 5, ""table_0based"": 0, ""value_bbox"": ""[168.82951477322607, 71.94221809840023, 551.7977689804252, 82.76405474349428]""}",max_speed_30min_kmh,185,185,"[""185""]","[""""]",185,185,full_string_grammar_only_no_annotation_digit_harvest,185.0,0
rec2022_12|rec2022_12-p77-t4|NC573180,FV6494AA1BEV,NC573180,rec2022_12,dae8aac7e9ccbe9c046bc0be62323deddcb91e52ed3fb3202e0fbe0e5e7993e7,"{""column_1based"": 2, ""page_1based"": 78, ""row_1based"": 6, ""table_0based"": 0, ""value_bbox"": ""[168.82951477322607, 82.76405474349428, 551.7977689804252, 93.58589138858349]""}",range_km,500(NEDC)/466(CLTC),500(NEDC)/466(CLTC),"[""500"", ""466""]","[""NEDC"", ""CLTC""]",466,500,full_string_grammar_only_no_annotation_digit_harvest,,0
rec2022_12|rec2022_12-p77-t4|NC573180,FV6494AA1BEV,NC573180,rec2022_12,dae8aac7e9ccbe9c046bc0be62323deddcb91e52ed3fb3202e0fbe0e5e7993e7,"{""column_1based"": 2, ""page_1based"": 78, ""row_1based"": 7, ""table_0based"": 0, ""value_bbox"": ""[168.82951477322607, 93.58589138858349, 551.7977689804252, 104.40772803367513]""}",density_whkg,142.00,142.00,"[""142.00""]","[""""]",142.00,142.00,full_string_grammar_only_no_annotation_digit_harvest,142.0,0
rec2022_12|rec2022_12-p77-t4|NC573180,FV6494AA1BEV,NC573180,rec2022_12,dae8aac7e9ccbe9c046bc0be62323deddcb91e52ed3fb3202e0fbe0e5e7993e7,"{""column_1based"": 2, ""page_1based"": 78, ""row_1based"": 3, ""table_0based"": 0, ""value_bbox"": ""[168.82951477322607, 50.29854480822181, 551.7977689804252, 61.12038145331102]""}",curb_mass_kg,2625,2625,"[""2625""]","[""""]",2625,2625,full_string_grammar_only_no_annotation_digit_harvest,2625.0,0
rec2022_12|rec2022_12-p77-t4|NC573180,FV6494AA1BEV,NC573180,rec2022_12,dae8aac7e9ccbe9c046bc0be62323deddcb91e52ed3fb3202e0fbe0e5e7993e7,"{""column_1based"": 2, ""page_1based"": 78, ""row_1based"": 8, ""table_0based"": 0, ""value_bbox"": ""[168.82951477322607, 104.40772803367513, 551.7977689804252, 125.5360757693234]""}",consumption_kwh100km,19.4(NEDC)/21.2(CLTC),19.4(NEDC)/21.2(CLTC),"[""19.4"", ""21.2""]","[""NEDC"", ""CLTC""]",19.4,21.2,full_string_grammar_only_no_annotation_digit_harvest,,0
rec2020_04|rec2020_04-p18-t2|NC507855,GAM7000BEVA0L,NC507855,rec2020_04,ec5b42f7c8cdcea71f0fdecdee67b8d4a161f2389527f41ee3e4ed431cbd2736,"{""column_1based"": 2, ""page_1based"": 18, ""row_1based"": 8, ""table_0based"": 2, ""value_bbox"": ""[232.59917814073413, 743.5835768653506, 544.8646715173044, 759.3408978167954]""}",max_speed_30min_kmh,130,130,"[""130""]","[""""]",130,130,full_string_grammar_only_no_annotation_digit_harvest,130.0,0
rec2020_04|rec2020_04-p18-t2|NC507855,GAM7000BEVA0L,NC507855,rec2020_04,ec5b42f7c8cdcea71f0fdecdee67b8d4a161f2389527f41ee3e4ed431cbd2736,"{""column_1based"": 2, ""page_1based"": 18, ""row_1based"": 9, ""table_0based"": 2, ""value_bbox"": ""[232.59917814073413, 759.3408978167954, 544.8646715173044, 775.0982187682403]""}",range_km,460,460,"[""460""]","[""""]",460,460,full_string_grammar_only_no_annotation_digit_harvest,460.0,0
rec2020_04|rec2020_04-p18-t2|NC507855,GAM7000BEVA0L,NC507855,rec2020_04,ec5b42f7c8cdcea71f0fdecdee67b8d4a161f2389527f41ee3e4ed431cbd2736,"{""column_1based"": 2, ""page_1based"": 18, ""row_1based"": 10, ""table_0based"": 2, ""value_bbox"": ""[232.59917814073413, 775.0982187682403, 544.8646715173044, 790.8555397196851]""}",density_whkg,163.00,163.00,"[""163.00""]","[""""]",163.00,163.00,full_string_grammar_only_no_annotation_digit_harvest,163.0,0
rec2020_04|rec2020_04-p18-t2|NC507855,GAM7000BEVA0L,NC507855,rec2020_04,ec5b42f7c8cdcea71f0fdecdee67b8d4a161f2389527f41ee3e4ed431cbd2736,"{""column_1based"": 2, ""page_1based"": 18, ""row_1based"": 6, ""table_0based"": 2, ""value_bbox"": ""[232.59917814073413, 712.0689349624608, 544.8646715173044, 727.8262559139057]""}",curb_mass_kg,"1610,1660","1610,1660","[""1610"", ""1660""]","["""", """"]",1610,1660,full_string_grammar_only_no_annotation_digit_harvest,,0
rec2020_04|rec2020_04-p18-t2|NC507855,GAM7000BEVA0L,NC507855,rec2020_04,ec5b42f7c8cdcea71f0fdecdee67b8d4a161f2389527f41ee3e4ed431cbd2736,"{""column_1based"": 2, ""page_1based"": 18, ""row_1based"": 11, ""table_0based"": 2, ""value_bbox"": ""[232.59917814073413, 790.8555397196851, 544.8646715173044, 828.8732029676152]""}",consumption_kwh100km,12.90,12.90,"[""12.90""]","[""""]",12.90,12.90,full_string_grammar_only_no_annotation_digit_harvest,12.9,0
rec2022_04|rec2022_04-p23-t2|NC015700,GAH7001BEVN0A,NC015700,rec2022_04,022b14b038c2f782fc35988b08756c262187f1dccaeccd65edef82af8566a4d2,"{""column_1based"": 2, ""page_1based"": 23, ""row_1based"": 8, ""table_0based"": 2, ""value_bbox"": ""[181.06336033334006, 533.5619769042496, 550.4676295278479, 545.3307251818842]""}",max_speed_30min_kmh,130,130,"[""130""]","[""""]",130,130,full_string_grammar_only_no_annotation_digit_harvest,130.0,0
rec2022_04|rec2022_04-p23-t2|NC015700,GAH7001BEVN0A,NC015700,rec2022_04,022b14b038c2f782fc35988b08756c262187f1dccaeccd65edef82af8566a4d2,"{""column_1based"": 2, ""page_1based"": 23, ""row_1based"": 9, ""table_0based"": 2, ""value_bbox"": ""[181.06336033334006, 545.3307251818842, 550.4676295278479, 557.09947345952]""}",range_km,410,410,"[""410""]","[""""]",410,410,full_string_grammar_only_no_annotation_digit_harvest,410.0,0
rec2022_04|rec2022_04-p23-t2|NC015700,GAH7001BEVN0A,NC015700,rec2022_04,022b14b038c2f782fc35988b08756c262187f1dccaeccd65edef82af8566a4d2,"{""column_1based"": 2, ""page_1based"": 23, ""row_1based"": 10, ""table_0based"": 2, ""value_bbox"": ""[181.06336033334006, 557.09947345952, 550.4676295278479, 568.868221737157]""}",density_whkg,125.00,125.00,"[""125.00""]","[""""]",125.00,125.00,full_string_grammar_only_no_annotation_digit_harvest,125.0,0
rec2022_04|rec2022_04-p23-t2|NC015700,GAH7001BEVN0A,NC015700,rec2022_04,022b14b038c2f782fc35988b08756c262187f1dccaeccd65edef82af8566a4d2,"{""column_1based"": 2, ""page_1based"": 23, ""row_1based"": 6, ""table_0based"": 2, ""value_bbox"": ""[181.06336033334006, 510.024480348978, 550.4676295278479, 521.793228626615]""}",curb_mass_kg,1625/1645,1625/1645,"[""1625"", ""1645""]","["""", """"]",1625,1645,full_string_grammar_only_no_annotation_digit_harvest,,0
rec2022_04|rec2022_04-p23-t2|NC015700,GAH7001BEVN0A,NC015700,rec2022_04,022b14b038c2f782fc35988b08756c262187f1dccaeccd65edef82af8566a4d2,"{""column_1based"": 2, ""page_1based"": 23, ""row_1based"": 11, ""table_0based"": 2, ""value_bbox"": ""[181.06336033334006, 568.868221737157, 550.4676295278479, 591.8453017077773]""}",consumption_kwh100km,12.90,12.90,"[""12.90""]","[""""]",12.90,12.90,full_string_grammar_only_no_annotation_digit_harvest,12.9,0
rec2022_04|rec2022_04-p74-t2|NC490755,SVW6451AEV,NC490755,rec2022_04,022b14b038c2f782fc35988b08756c262187f1dccaeccd65edef82af8566a4d2,"{""column_1based"": 2, ""page_1based"": 74, ""row_1based"": 8, ""table_0based"": 2, ""value_bbox"": ""[181.06425371224114, 670.3055147586043, 550.4676295278479, 682.0742630362378]""}",max_speed_30min_kmh,150,150,"[""150""]","[""""]",150,150,full_string_grammar_only_no_annotation_digit_harvest,150.0,0
rec2022_04|rec2022_04-p74-t2|NC490755,SVW6451AEV,NC490755,rec2022_04,022b14b038c2f782fc35988b08756c262187f1dccaeccd65edef82af8566a4d2,"{""column_1based"": 2, ""page_1based"": 74, ""row_1based"": 9, ""table_0based"": 2, ""value_bbox"": ""[181.06425371224114, 682.0742630362378, 550.4676295278479, 693.8430113138735]""}",range_km,315(NEDC)/320(CLTC),315(NEDC)/320(CLTC),"[""315"", ""320""]","[""NEDC"", ""CLTC""]",315,320,full_string_grammar_only_no_annotation_digit_harvest,,0
rec2022_04|rec2022_04-p74-t2|NC490755,SVW6451AEV,NC490755,rec2022_04,022b14b038c2f782fc35988b08756c262187f1dccaeccd65edef82af8566a4d2,"{""column_1based"": 2, ""page_1based"": 74, ""row_1based"": 10, ""table_0based"": 2, ""value_bbox"": ""[181.06425371224114, 693.8430113138735, 550.4676295278479, 705.6117595915069]""}",density_whkg,140.00,140.00,"[""140.00""]","[""""]",140.00,140.00,full_string_grammar_only_no_annotation_digit_harvest,140.0,0
rec2022_04|rec2022_04-p74-t2|NC490755,SVW6451AEV,NC490755,rec2022_04,022b14b038c2f782fc35988b08756c262187f1dccaeccd65edef82af8566a4d2,"{""column_1based"": 2, ""page_1based"": 74, ""row_1based"": 6, ""table_0based"": 2, ""value_bbox"": ""[181.06425371224114, 646.7680182033304, 550.4676295278479, 658.5367664809686]""}",curb_mass_kg,1640,1640,"[""1640""]","[""""]",1640,1640,full_string_grammar_only_no_annotation_digit_harvest,1640.0,0
rec2022_04|rec2022_04-p74-t2|NC490755,SVW6451AEV,NC490755,rec2022_04,022b14b038c2f782fc35988b08756c262187f1dccaeccd65edef82af8566a4d2,"{""column_1based"": 2, ""page_1based"": 74, ""row_1based"": 11, ""table_0based"": 2, ""value_bbox"": ""[181.06425371224114, 705.6117595915069, 550.4676295278479, 728.5888395621308]""}",consumption_kwh100km,14.5(NEDC)/14.3(CLTC),14.5(NEDC)/14.3(CLTC),"[""14.5"", ""14.3""]","[""NEDC"", ""CLTC""]",14.3,14.5,full_string_grammar_only_no_annotation_digit_harvest,,0
rec2022_04|rec2022_04-p75-t0|NC496406,SVW7005AEV,NC496406,rec2022_04,022b14b038c2f782fc35988b08756c262187f1dccaeccd65edef82af8566a4d2,"{""column_1based"": 2, ""page_1based"": 75, ""row_1based"": 8, ""table_0based"": 0, ""value_bbox"": ""[181.0647123933548, 132.86286128005187, 550.4676295278479, 144.63160955768524]""}",max_speed_30min_kmh,150,150,"[""150""]","[""""]",150,150,full_string_grammar_only_no_annotation_digit_harvest,150.0,0
rec2022_04|rec2022_04-p75-t0|NC496406,SVW7005AEV,NC496406,rec2022_04,022b14b038c2f782fc35988b08756c262187f1dccaeccd65edef82af8566a4d2,"{""column_1based"": 2, ""page_1based"": 75, ""row_1based"": 9, ""table_0based"": 0, ""value_bbox"": ""[181.0647123933548, 144.63160955768524, 550.4676295278479, 156.40035783532105]""}",range_km,346(NEDC)/346(CLTC),346(NEDC)/346(CLTC),"[""346"", ""346""]","[""NEDC"", ""CLTC""]",346,346,full_string_grammar_only_no_annotation_digit_harvest,,0
rec2022_04|rec2022_04-p75-t0|NC496406,SVW7005AEV,NC496406,rec2022_04,022b14b038c2f782fc35988b08756c262187f1dccaeccd65edef82af8566a4d2,"{""column_1based"": 2, ""page_1based"": 75, ""row_1based"": 10, ""table_0based"": 0, ""value_bbox"": ""[181.0647123933548, 156.40035783532105, 550.4676295278479, 168.1691061129544]""}",density_whkg,140.00,140.00,"[""140.00""]","[""""]",140.00,140.00,full_string_grammar_only_no_annotation_digit_harvest,140.0,0
rec2022_04|rec2022_04-p75-t0|NC496406,SVW7005AEV,NC496406,rec2022_04,022b14b038c2f782fc35988b08756c262187f1dccaeccd65edef82af8566a4d2,"{""column_1based"": 2, ""page_1based"": 75, ""row_1based"": 6, ""table_0based"": 0, ""value_bbox"": ""[181.0647123933548, 109.32536472477784, 550.4676295278479, 121.09411300241607]""}",curb_mass_kg,1560,1560,"[""1560""]","[""""]",1560,1560,full_string_grammar_only_no_annotation_digit_harvest,1560.0,0
rec2022_04|rec2022_04-p75-t0|NC496406,SVW7005AEV,NC496406,rec2022_04,022b14b038c2f782fc35988b08756c262187f1dccaeccd65edef82af8566a4d2,"{""column_1based"": 2, ""page_1based"": 75, ""row_1based"": 11, ""table_0based"": 0, ""value_bbox"": ""[181.0647123933548, 168.1691061129544, 550.4676295278479, 191.1461860835783]""}",consumption_kwh100km,13.2(NEDC)/13.2(CLTC),13.2(NEDC)/13.2(CLTC),"[""13.2"", ""13.2""]","[""NEDC"", ""CLTC""]",13.2,13.2,full_string_grammar_only_no_annotation_digit_harvest,,0
rec2022_04|rec2022_04-p82-t0|NC016881,HQ7003BEV01,NC016881,rec2022_04,022b14b038c2f782fc35988b08756c262187f1dccaeccd65edef82af8566a4d2,"{""column_1based"": 2, ""page_1based"": 82, ""row_1based"": 8, ""table_0based"": 0, ""value_bbox"": ""[181.06503478065179, 132.89057037089094, 365.2499483012515, 144.65931864852462]""}",max_speed_30min_kmh,150,150,"[""150""]","[""""]",150,150,full_string_grammar_only_no_annotation_digit_harvest,150.0,0
rec2022_04|rec2022_04-p82-t0|NC016881,HQ7003BEV01,NC016881,rec2022_04,022b14b038c2f782fc35988b08756c262187f1dccaeccd65edef82af8566a4d2,"{""column_1based"": 2, ""page_1based"": 82, ""row_1based"": 9, ""table_0based"": 0, ""value_bbox"": ""[181.06503478065179, 144.65931864852462, 365.2499483012515, 156.42806692616284]""}",range_km,428(CLTC),428(CLTC),"[""428""]","[""CLTC""]",428,428,full_string_grammar_only_no_annotation_digit_harvest,428.0,0
rec2022_04|rec2022_04-p82-t0|NC016881,HQ7003BEV01,NC016881,rec2022_04,022b14b038c2f782fc35988b08756c262187f1dccaeccd65edef82af8566a4d2,"{""column_1based"": 2, ""page_1based"": 82, ""row_1based"": 10, ""table_0based"": 0, ""value_bbox"": ""[181.06503478065179, 156.42806692616284, 365.2499483012515, 168.19681520379834]""}",density_whkg,160.28,160.28,"[""160.28""]","[""""]",160.28,160.28,full_string_grammar_only_no_annotation_digit_harvest,160.28,0
rec2022_04|rec2022_04-p82-t0|NC016881,HQ7003BEV01,NC016881,rec2022_04,022b14b038c2f782fc35988b08756c262187f1dccaeccd65edef82af8566a4d2,"{""column_1based"": 2, ""page_1based"": 82, ""row_1based"": 6, ""table_0based"": 0, ""value_bbox"": ""[181.06503478065179, 109.35307381562177, 365.2499483012515, 121.12182209325545]""}",curb_mass_kg,1545/1607,1545/1607,"[""1545"", ""1607""]","["""", """"]",1545,1607,full_string_grammar_only_no_annotation_digit_harvest,,0
rec2022_04|rec2022_04-p82-t0|NC016881,HQ7003BEV01,NC016881,rec2022_04,022b14b038c2f782fc35988b08756c262187f1dccaeccd65edef82af8566a4d2,"{""column_1based"": 2, ""page_1based"": 82, ""row_1based"": 11, ""table_0based"": 0, ""value_bbox"": ""[181.06503478065179, 168.19681520379834, 365.2499483012515, 191.17389517441768]""}",consumption_kwh100km,13.4(CLTC),13.4(CLTC),"[""13.4""]","[""CLTC""]",13.4,13.4,full_string_grammar_only_no_annotation_digit_harvest,13.4,0
rec2022_04|rec2022_04-p82-t0|NC002583,HQ7003BEV01,NC002583,rec2022_04,022b14b038c2f782fc35988b08756c262187f1dccaeccd65edef82af8566a4d2,"{""column_1based"": 3, ""page_1based"": 82, ""row_1based"": 8, ""table_0based"": 0, ""value_bbox"": ""[365.2499483012515, 132.89057037089094, 550.4676295278479, 144.65931864852462]""}",max_speed_30min_kmh,150,150,"[""150""]","[""""]",150,150,full_string_grammar_only_no_annotation_digit_harvest,150.0,0
rec2022_04|rec2022_04-p82-t0|NC002583,HQ7003BEV01,NC002583,rec2022_04,022b14b038c2f782fc35988b08756c262187f1dccaeccd65edef82af8566a4d2,"{""column_1based"": 3, ""page_1based"": 82, ""row_1based"": 9, ""table_0based"": 0, ""value_bbox"": ""[365.2499483012515, 144.65931864852462, 550.4676295278479, 156.42806692616284]""}",range_km,400,400,"[""400""]","[""""]",400,400,full_string_grammar_only_no_annotation_digit_harvest,400.0,0
rec2022_04|rec2022_04-p82-t0|NC002583,HQ7003BEV01,NC002583,rec2022_04,022b14b038c2f782fc35988b08756c262187f1dccaeccd65edef82af8566a4d2,"{""column_1based"": 3, ""page_1based"": 82, ""row_1based"": 10, ""table_0based"": 0, ""value_bbox"": ""[365.2499483012515, 156.42806692616284, 550.4676295278479, 168.19681520379834]""}",density_whkg,160.28,160.28,"[""160.28""]","[""""]",160.28,160.28,full_string_grammar_only_no_annotation_digit_harvest,160.28,0
rec2022_04|rec2022_04-p82-t0|NC002583,HQ7003BEV01,NC002583,rec2022_04,022b14b038c2f782fc35988b08756c262187f1dccaeccd65edef82af8566a4d2,"{""column_1based"": 3, ""page_1based"": 82, ""row_1based"": 6, ""table_0based"": 0, ""value_bbox"": ""[365.2499483012515, 109.35307381562177, 550.4676295278479, 121.12182209325545]""}",curb_mass_kg,1545/1607,1545/1607,"[""1545"", ""1607""]","["""", """"]",1545,1607,full_string_grammar_only_no_annotation_digit_harvest,,0
rec2022_04|rec2022_04-p82-t0|NC002583,HQ7003BEV01,NC002583,rec2022_04,022b14b038c2f782fc35988b08756c262187f1dccaeccd65edef82af8566a4d2,"{""column_1based"": 3, ""page_1based"": 82, ""row_1based"": 11, ""table_0based"": 0, ""value_bbox"": ""[365.2499483012515, 168.19681520379834, 550.4676295278479, 191.17389517441768]""}",consumption_kwh100km,13.90,13.90,"[""13.90""]","[""""]",13.90,13.90,full_string_grammar_only_no_annotation_digit_harvest,13.9,0
rec2022_04|rec2022_04-p87-t3|NC004482,GAM7001BEVA0D,NC004482,rec2022_04,022b14b038c2f782fc35988b08756c262187f1dccaeccd65edef82af8566a4d2,"{""column_1based"": 2, ""page_1based"": 87, ""row_1based"": 8, ""table_0based"": 3, ""value_bbox"": ""[181.06451826767056, 767.8154660876886, 550.4676295278479, 779.5842143653268]""}",max_speed_30min_kmh,150,150,"[""150""]","[""""]",150,150,full_string_grammar_only_no_annotation_digit_harvest,150.0,0
rec2022_04|rec2022_04-p87-t3|NC004482,GAM7001BEVA0D,NC004482,rec2022_04,022b14b038c2f782fc35988b08756c262187f1dccaeccd65edef82af8566a4d2,"{""column_1based"": 2, ""page_1based"": 87, ""row_1based"": 9, ""table_0based"": 3, ""value_bbox"": ""[181.06451826767056, 779.5842143653268, 550.4676295278479, 791.3529626429554]""}",range_km,510,510,"[""510""]","[""""]",510,510,full_string_grammar_only_no_annotation_digit_harvest,510.0,0
rec2022_04|rec2022_04-p87-t3|NC004482,GAM7001BEVA0D,NC004482,rec2022_04,022b14b038c2f782fc35988b08756c262187f1dccaeccd65edef82af8566a4d2,"{""column_1based"": 2, ""page_1based"": 87, ""row_1based"": 10, ""table_0based"": 3, ""value_bbox"": ""[181.06451826767056, 791.3529626429554, 550.4676295278479, 803.1217109205936]""}",density_whkg,170.00,170.00,"[""170.00""]","[""""]",170.00,170.00,full_string_grammar_only_no_annotation_digit_harvest,170.0,0
rec2022_04|rec2022_04-p87-t3|NC004482,GAM7001BEVA0D,NC004482,rec2022_04,022b14b038c2f782fc35988b08756c262187f1dccaeccd65edef82af8566a4d2,"{""column_1based"": 2, ""page_1based"": 87, ""row_1based"": 6, ""table_0based"": 3, ""value_bbox"": ""[181.06451826767056, 744.2779695324122, 550.4676295278479, 756.0467178100504]""}",curb_mass_kg,1660/1680,1660/1680,"[""1660"", ""1680""]","["""", """"]",1660,1680,full_string_grammar_only_no_annotation_digit_harvest,,0
rec2022_04|rec2022_04-p87-t3|NC004482,GAM7001BEVA0D,NC004482,rec2022_04,022b14b038c2f782fc35988b08756c262187f1dccaeccd65edef82af8566a4d2,"{""column_1based"": 2, ""page_1based"": 88, ""row_1based"": 1, ""table_0based"": 0, ""value_bbox"": ""[181.06451826767056, 18.353338083260837, 550.4676295278479, 51.60472210579493]""}",consumption_kwh100km,12.90,12.90,"[""12.90""]","[""""]",12.90,12.90,full_string_grammar_only_no_annotation_digit_harvest,12.9,0
rec2022_04|rec2022_04-p101-t0|NC560417,NEQ7000BEVJ72P,NC560417,rec2022_04,022b14b038c2f782fc35988b08756c262187f1dccaeccd65edef82af8566a4d2,"{""column_1based"": 2, ""page_1based"": 101, ""row_1based"": 8, ""table_0based"": 0, ""value_bbox"": ""[181.0655351526024, 173.24073726561744, 365.49150717394514, 185.00948554325566]""}",max_speed_30min_kmh,100,100,"[""100""]","[""""]",100,100,full_string_grammar_only_no_annotation_digit_harvest,100.0,0
rec2022_04|rec2022_04-p101-t0|NC560417,NEQ7000BEVJ72P,NC560417,rec2022_04,022b14b038c2f782fc35988b08756c262187f1dccaeccd65edef82af8566a4d2,"{""column_1based"": 2, ""page_1based"": 101, ""row_1based"": 9, ""table_0based"": 0, ""value_bbox"": ""[181.0655351526024, 185.00948554325566, 365.49150717394514, 196.77823382088843]""}",range_km,301,301,"[""301""]","[""""]",301,301,full_string_grammar_only_no_annotation_digit_harvest,301.0,0
rec2022_04|rec2022_04-p101-t0|NC560417,NEQ7000BEVJ72P,NC560417,rec2022_04,022b14b038c2f782fc35988b08756c262187f1dccaeccd65edef82af8566a4d2,"{""column_1based"": 2, ""page_1based"": 101, ""row_1based"": 10, ""table_0based"": 0, ""value_bbox"": ""[181.0655351526024, 196.77823382088843, 365.49150717394514, 208.54698209852666]""}",density_whkg,140.10,140.10,"[""140.10""]","[""""]",140.10,140.10,full_string_grammar_only_no_annotation_digit_harvest,140.1,0
rec2022_04|rec2022_04-p101-t0|NC560417,NEQ7000BEVJ72P,NC560417,rec2022_04,022b14b038c2f782fc35988b08756c262187f1dccaeccd65edef82af8566a4d2,"{""column_1based"": 2, ""page_1based"": 101, ""row_1based"": 6, ""table_0based"": 0, ""value_bbox"": ""[181.0655351526024, 149.7032407103501, 365.49150717394514, 161.4719889879883]""}",curb_mass_kg,955/975,955/975,"[""955"", ""975""]","["""", """"]",955,975,full_string_grammar_only_no_annotation_digit_harvest,,0
rec2022_04|rec2022_04-p101-t0|NC560417,NEQ7000BEVJ72P,NC560417,rec2022_04,022b14b038c2f782fc35988b08756c262187f1dccaeccd65edef82af8566a4d2,"{""column_1based"": 2, ""page_1based"": 101, ""row_1based"": 11, ""table_0based"": 0, ""value_bbox"": ""[181.0655351526024, 208.54698209852666, 365.49150717394514, 231.52406206914327]""}",consumption_kwh100km,9.40,9.40,"[""9.40""]","[""""]",9.40,9.40,full_string_grammar_only_no_annotation_digit_harvest,9.4,0
rec2022_04|rec2022_04-p101-t0|NC015326,NEQ7000BEVJ72P,NC015326,rec2022_04,022b14b038c2f782fc35988b08756c262187f1dccaeccd65edef82af8566a4d2,"{""column_1based"": 3, ""page_1based"": 101, ""row_1based"": 8, ""table_0based"": 0, ""value_bbox"": ""[365.49150717394514, 173.24073726561744, 550.4676295278479, 185.00948554325566]""}",max_speed_30min_kmh,100,100,"[""100""]","[""""]",100,100,full_string_grammar_only_no_annotation_digit_harvest,100.0,0
rec2022_04|rec2022_04-p101-t0|NC015326,NEQ7000BEVJ72P,NC015326,rec2022_04,022b14b038c2f782fc35988b08756c262187f1dccaeccd65edef82af8566a4d2,"{""column_1based"": 3, ""page_1based"": 101, ""row_1based"": 9, ""table_0based"": 0, ""value_bbox"": ""[365.49150717394514, 185.00948554325566, 550.4676295278479, 196.77823382088843]""}",range_km,301,301,"[""301""]","[""""]",301,301,full_string_grammar_only_no_annotation_digit_harvest,301.0,0
rec2022_04|rec2022_04-p101-t0|NC015326,NEQ7000BEVJ72P,NC015326,rec2022_04,022b14b038c2f782fc35988b08756c262187f1dccaeccd65edef82af8566a4d2,"{""column_1based"": 3, ""page_1based"": 101, ""row_1based"": 10, ""table_0based"": 0, ""value_bbox"": ""[365.49150717394514, 196.77823382088843, 550.4676295278479, 208.54698209852666]""}",density_whkg,140.10,140.10,"[""140.10""]","[""""]",140.10,140.10,full_string_grammar_only_no_annotation_digit_harvest,140.1,0
rec2022_04|rec2022_04-p101-t0|NC015326,NEQ7000BEVJ72P,NC015326,rec2022_04,022b14b038c2f782fc35988b08756c262187f1dccaeccd65edef82af8566a4d2,"{""column_1based"": 3, ""page_1based"": 101, ""row_1based"": 6, ""table_0based"": 0, ""value_bbox"": ""[365.49150717394514, 149.7032407103501, 550.4676295278479, 161.4719889879883]""}",curb_mass_kg,955/975,955/975,"[""955"", ""975""]","["""", """"]",955,975,full_string_grammar_only_no_annotation_digit_harvest,,0
rec2022_04|rec2022_04-p101-t0|NC015326,NEQ7000BEVJ72P,NC015326,rec2022_04,022b14b038c2f782fc35988b08756c262187f1dccaeccd65edef82af8566a4d2,"{""column_1based"": 3, ""page_1based"": 101, ""row_1based"": 11, ""table_0based"": 0, ""value_bbox"": ""[365.49150717394514, 208.54698209852666, 550.4676295278479, 231.52406206914327]""}",consumption_kwh100km,9.40,9.40,"[""9.40""]","[""""]",9.40,9.40,full_string_grammar_only_no_annotation_digit_harvest,9.4,0
rec2022_04|rec2022_04-p101-t1|NC576257,NEQ7000BEVJ72Q,NC576257,rec2022_04,022b14b038c2f782fc35988b08756c262187f1dccaeccd65edef82af8566a4d2,"{""column_1based"": 2, ""page_1based"": 101, ""row_1based"": 8, ""table_0based"": 1, ""value_bbox"": ""[181.0655351526024, 410.8573691569285, 365.49150717394514, 422.6261174345667]""}",max_speed_30min_kmh,100,100,"[""100""]","[""""]",100,100,full_string_grammar_only_no_annotation_digit_harvest,100.0,0
rec2022_04|rec2022_04-p101-t1|NC576257,NEQ7000BEVJ72Q,NC576257,rec2022_04,022b14b038c2f782fc35988b08756c262187f1dccaeccd65edef82af8566a4d2,"{""column_1based"": 2, ""page_1based"": 101, ""row_1based"": 9, ""table_0based"": 1, ""value_bbox"": ""[181.0655351526024, 422.6261174345667, 365.49150717394514, 434.39486571219584]""}",range_km,301,301,"[""301""]","[""""]",301,301,full_string_grammar_only_no_annotation_digit_harvest,301.0,0
rec2022_04|rec2022_04-p101-t1|NC576257,NEQ7000BEVJ72Q,NC576257,rec2022_04,022b14b038c2f782fc35988b08756c262187f1dccaeccd65edef82af8566a4d2,"{""column_1based"": 2, ""page_1based"": 101, ""row_1based"": 10, ""table_0based"": 1, ""value_bbox"": ""[181.0655351526024, 434.39486571219584, 365.49150717394514, 446.1636139898286]""}",density_whkg,140.10,140.10,"[""140.10""]","[""""]",140.10,140.10,full_string_grammar_only_no_annotation_digit_harvest,140.1,0
rec2022_04|rec2022_04-p101-t1|NC576257,NEQ7000BEVJ72Q,NC576257,rec2022_04,022b14b038c2f782fc35988b08756c262187f1dccaeccd65edef82af8566a4d2,"{""column_1based"": 2, ""page_1based"": 101, ""row_1based"": 6, ""table_0based"": 1, ""value_bbox"": ""[181.0655351526024, 387.31987260165204, 365.49150717394514, 399.08862087929026]""}",curb_mass_kg,935/955/975,935/955/975,"[""935"", ""955"", ""975""]","["""", """", """"]",935,975,full_string_grammar_only_no_annotation_digit_harvest,,0
rec2022_04|rec2022_04-p101-t1|NC576257,NEQ7000BEVJ72Q,NC576257,rec2022_04,022b14b038c2f782fc35988b08756c262187f1dccaeccd65edef82af8566a4d2,"{""column_1based"": 2, ""page_1based"": 101, ""row_1based"": 11, ""table_0based"": 1, ""value_bbox"": ""[181.0655351526024, 446.1636139898286, 365.49150717394514, 469.14069396045977]""}",consumption_kwh100km,9.40,9.40,"[""9.40""]","[""""]",9.40,9.40,full_string_grammar_only_no_annotation_digit_harvest,9.4,0
rec2022_04|rec2022_04-p101-t1|NC018159,NEQ7000BEVJ72Q,NC018159,rec2022_04,022b14b038c2f782fc35988b08756c262187f1dccaeccd65edef82af8566a4d2,"{""column_1based"": 3, ""page_1based"": 101, ""row_1based"": 8, ""table_0based"": 1, ""value_bbox"": ""[365.49150717394514, 410.8573691569285, 550.4676295278479, 422.6261174345667]""}",max_speed_30min_kmh,100,100,"[""100""]","[""""]",100,100,full_string_grammar_only_no_annotation_digit_harvest,100.0,0
rec2022_04|rec2022_04-p101-t1|NC018159,NEQ7000BEVJ72Q,NC018159,rec2022_04,022b14b038c2f782fc35988b08756c262187f1dccaeccd65edef82af8566a4d2,"{""column_1based"": 3, ""page_1based"": 101, ""row_1based"": 9, ""table_0based"": 1, ""value_bbox"": ""[365.49150717394514, 422.6261174345667, 550.4676295278479, 434.39486571219584]""}",range_km,301,301,"[""301""]","[""""]",301,301,full_string_grammar_only_no_annotation_digit_harvest,301.0,0
rec2022_04|rec2022_04-p101-t1|NC018159,NEQ7000BEVJ72Q,NC018159,rec2022_04,022b14b038c2f782fc35988b08756c262187f1dccaeccd65edef82af8566a4d2,"{""column_1based"": 3, ""page_1based"": 101, ""row_1based"": 10, ""table_0based"": 1, ""value_bbox"": ""[365.49150717394514, 434.39486571219584, 550.4676295278479, 446.1636139898286]""}",density_whkg,140.10,140.10,"[""140.10""]","[""""]",140.10,140.10,full_string_grammar_only_no_annotation_digit_harvest,140.1,0
rec2022_04|rec2022_04-p101-t1|NC018159,NEQ7000BEVJ72Q,NC018159,rec2022_04,022b14b038c2f782fc35988b08756c262187f1dccaeccd65edef82af8566a4d2,"{""column_1based"": 3, ""page_1based"": 101, ""row_1based"": 6, ""table_0based"": 1, ""value_bbox"": ""[365.49150717394514, 387.31987260165204, 550.4676295278479, 399.08862087929026]""}",curb_mass_kg,935/955/975,935/955/975,"[""935"", ""955"", ""975""]","["""", """", """"]",935,975,full_string_grammar_only_no_annotation_digit_harvest,,0
rec2022_04|rec2022_04-p101-t1|NC018159,NEQ7000BEVJ72Q,NC018159,rec2022_04,022b14b038c2f782fc35988b08756c262187f1dccaeccd65edef82af8566a4d2,"{""column_1based"": 3, ""page_1based"": 101, ""row_1based"": 11, ""table_0based"": 1, ""value_bbox"": ""[365.49150717394514, 446.1636139898286, 550.4676295278479, 469.14069396045977]""}",consumption_kwh100km,9.40,9.40,"[""9.40""]","[""""]",9.40,9.40,full_string_grammar_only_no_annotation_digit_harvest,9.4,0
rec2022_04|rec2022_04-p101-t2|NC005151,NEQ7000BEVJ72T,NC005151,rec2022_04,022b14b038c2f782fc35988b08756c262187f1dccaeccd65edef82af8566a4d2,"{""column_1based"": 2, ""page_1based"": 101, ""row_1based"": 8, ""table_0based"": 2, ""value_bbox"": ""[181.0655351526024, 648.4506503572035, 550.4676295278479, 660.2193986348417]""}",max_speed_30min_kmh,120,120,"[""120""]","[""""]",120,120,full_string_grammar_only_no_annotation_digit_harvest,120.0,0
rec2022_04|rec2022_04-p101-t2|NC005151,NEQ7000BEVJ72T,NC005151,rec2022_04,022b14b038c2f782fc35988b08756c262187f1dccaeccd65edef82af8566a4d2,"{""column_1based"": 2, ""page_1based"": 101, ""row_1based"": 9, ""table_0based"": 2, ""value_bbox"": ""[181.0655351526024, 660.2193986348417, 550.4676295278479, 671.9881469124799]""}",range_km,408,408,"[""408""]","[""""]",408,408,full_string_grammar_only_no_annotation_digit_harvest,408.0,0
rec2022_04|rec2022_04-p101-t2|NC005151,NEQ7000BEVJ72T,NC005151,rec2022_04,022b14b038c2f782fc35988b08756c262187f1dccaeccd65edef82af8566a4d2,"{""column_1based"": 2, ""page_1based"": 101, ""row_1based"": 10, ""table_0based"": 2, ""value_bbox"": ""[181.0655351526024, 671.9881469124799, 550.4676295278479, 683.7568951901181]""}",density_whkg,170.10,170.10,"[""170.10""]","[""""]",170.10,170.10,full_string_grammar_only_no_annotation_digit_harvest,170.1,0
rec2022_04|rec2022_04-p101-t2|NC005151,NEQ7000BEVJ72T,NC005151,rec2022_04,022b14b038c2f782fc35988b08756c262187f1dccaeccd65edef82af8566a4d2,"{""column_1based"": 2, ""page_1based"": 101, ""row_1based"": 6, ""table_0based"": 2, ""value_bbox"": ""[181.0655351526024, 624.9131538019319, 550.4676295278479, 636.6819020795701]""}",curb_mass_kg,985/995,985/995,"[""985"", ""995""]","["""", """"]",985,995,full_string_grammar_only_no_annotation_digit_harvest,,0
rec2022_04|rec2022_04-p101-t2|NC005151,NEQ7000BEVJ72T,NC005151,rec2022_04,022b14b038c2f782fc35988b08756c262187f1dccaeccd65edef82af8566a4d2,"{""column_1based"": 2, ""page_1based"": 101, ""row_1based"": 11, ""table_0based"": 2, ""value_bbox"": ""[181.0655351526024, 683.7568951901181, 550.4676295278479, 706.7339751607348]""}",consumption_kwh100km,9.70,9.70,"[""9.70""]","[""""]",9.70,9.70,full_string_grammar_only_no_annotation_digit_harvest,9.7,0
rec2022_04|rec2022_04-p101-t3|NC009555,NEQ7000BEVJ72U,NC009555,rec2022_04,022b14b038c2f782fc35988b08756c262187f1dccaeccd65edef82af8566a4d2,"{""column_1based"": 2, ""page_1based"": 102, ""row_1based"": 7, ""table_0based"": 0, ""value_bbox"": ""[181.15310024395384, 101.48331493951632, 550.4676295278477, 113.25206321714968]""}",max_speed_30min_kmh,100,100,"[""100""]","[""""]",100,100,full_string_grammar_only_no_annotation_digit_harvest,100.0,0
rec2022_04|rec2022_04-p101-t3|NC009555,NEQ7000BEVJ72U,NC009555,rec2022_04,022b14b038c2f782fc35988b08756c262187f1dccaeccd65edef82af8566a4d2,"{""column_1based"": 2, ""page_1based"": 102, ""row_1based"": 8, ""table_0based"": 0, ""value_bbox"": ""[181.15310024395384, 113.25206321714968, 550.4676295278477, 125.0208114947879]""}",range_km,301,301,"[""301""]","[""""]",301,301,full_string_grammar_only_no_annotation_digit_harvest,301.0,0
rec2022_04|rec2022_04-p101-t3|NC009555,NEQ7000BEVJ72U,NC009555,rec2022_04,022b14b038c2f782fc35988b08756c262187f1dccaeccd65edef82af8566a4d2,"{""column_1based"": 2, ""page_1based"": 102, ""row_1based"": 9, ""table_0based"": 0, ""value_bbox"": ""[181.15310024395384, 125.0208114947879, 550.4676295278477, 136.78955977242614]""}",density_whkg,140.00,140.00,"[""140.00""]","[""""]",140.00,140.00,full_string_grammar_only_no_annotation_digit_harvest,140.0,0
rec2022_04|rec2022_04-p101-t3|NC009555,NEQ7000BEVJ72U,NC009555,rec2022_04,022b14b038c2f782fc35988b08756c262187f1dccaeccd65edef82af8566a4d2,"{""column_1based"": 2, ""page_1based"": 102, ""row_1based"": 5, ""table_0based"": 0, ""value_bbox"": ""[181.15310024395384, 77.94581838424956, 550.4676295278477, 89.71456666188779]""}",curb_mass_kg,975/995,975/995,"[""975"", ""995""]","["""", """"]",975,995,full_string_grammar_only_no_annotation_digit_harvest,,0
rec2022_04|rec2022_04-p101-t3|NC009555,NEQ7000BEVJ72U,NC009555,rec2022_04,022b14b038c2f782fc35988b08756c262187f1dccaeccd65edef82af8566a4d2,"{""column_1based"": 2, ""page_1based"": 102, ""row_1based"": 10, ""table_0based"": 0, ""value_bbox"": ""[181.15310024395384, 136.78955977242614, 550.4676295278477, 159.76663974304276]""}",consumption_kwh100km,9.40,9.40,"[""9.40""]","[""""]",9.40,9.40,full_string_grammar_only_no_annotation_digit_harvest,9.4,0
rec2022_04|rec2022_04-p106-t2|NC530212,BMW6475ABEV,NC530212,rec2022_04,022b14b038c2f782fc35988b08756c262187f1dccaeccd65edef82af8566a4d2,"{""column_1based"": 2, ""page_1based"": 106, ""row_1based"": 8, ""table_0based"": 2, ""value_bbox"": ""[181.0667202440643, 628.8323258946366, 550.4676295278479, 640.6010741722699]""}",max_speed_30min_kmh,160,160,"[""160""]","[""""]",160,160,full_string_grammar_only_no_annotation_digit_harvest,160.0,0
rec2022_04|rec2022_04-p106-t2|NC530212,BMW6475ABEV,NC530212,rec2022_04,022b14b038c2f782fc35988b08756c262187f1dccaeccd65edef82af8566a4d2,"{""column_1based"": 2, ""page_1based"": 106, ""row_1based"": 9, ""table_0based"": 2, ""value_bbox"": ""[181.0667202440643, 640.6010741722699, 550.4676295278479, 652.3698224499082]""}",range_km,530(CLTC); 490(NEDC),530(CLTC);490(NEDC),"[""530"", ""490""]","[""CLTC"", ""NEDC""]",490,530,full_string_grammar_only_no_annotation_digit_harvest,,0
rec2022_04|rec2022_04-p106-t2|NC530212,BMW6475ABEV,NC530212,rec2022_04,022b14b038c2f782fc35988b08756c262187f1dccaeccd65edef82af8566a4d2,"{""column_1based"": 2, ""page_1based"": 106, ""row_1based"": 10, ""table_0based"": 2, ""value_bbox"": ""[181.0667202440643, 652.3698224499082, 550.4676295278479, 664.1385707275464]""}",density_whkg,154.00,154.00,"[""154.00""]","[""""]",154.00,154.00,full_string_grammar_only_no_annotation_digit_harvest,154.0,0
rec2022_04|rec2022_04-p106-t2|NC530212,BMW6475ABEV,NC530212,rec2022_04,022b14b038c2f782fc35988b08756c262187f1dccaeccd65edef82af8566a4d2,"{""column_1based"": 2, ""page_1based"": 106, ""row_1based"": 6, ""table_0based"": 2, ""value_bbox"": ""[181.0667202440643, 605.2948293393698, 550.4676295278479, 617.0635776169984]""}",curb_mass_kg,2205,2205,"[""2205""]","[""""]",2205,2205,full_string_grammar_only_no_annotation_digit_harvest,2205.0,0
rec2022_04|rec2022_04-p106-t2|NC530212,BMW6475ABEV,NC530212,rec2022_04,022b14b038c2f782fc35988b08756c262187f1dccaeccd65edef82af8566a4d2,"{""column_1based"": 2, ""page_1based"": 106, ""row_1based"": 11, ""table_0based"": 2, ""value_bbox"": ""[181.0667202440643, 664.1385707275464, 550.4676295278479, 687.115650698163]""}",consumption_kwh100km,15.6(CLTC); 16.9(NEDC),15.6(CLTC);16.9(NEDC),"[""15.6"", ""16.9""]","[""CLTC"", ""NEDC""]",15.6,16.9,full_string_grammar_only_no_annotation_digit_harvest,,0
rec2022_04|rec2022_04-p106-t3|NC005120,BMW6475ACEV,NC005120,rec2022_04,022b14b038c2f782fc35988b08756c262187f1dccaeccd65edef82af8566a4d2,"{""column_1based"": 2, ""page_1based"": 107, ""row_1based"": 6, ""table_0based"": 0, ""value_bbox"": ""[181.0667202440643, 87.46915632344103, 550.4676295278479, 99.23790460107439]""}",max_speed_30min_kmh,160,160,"[""160""]","[""""]",160,160,full_string_grammar_only_no_annotation_digit_harvest,160.0,0
rec2022_04|rec2022_04-p106-t3|NC005120,BMW6475ACEV,NC005120,rec2022_04,022b14b038c2f782fc35988b08756c262187f1dccaeccd65edef82af8566a4d2,"{""column_1based"": 2, ""page_1based"": 107, ""row_1based"": 7, ""table_0based"": 0, ""value_bbox"": ""[181.0667202440643, 99.23790460107439, 550.4676295278479, 111.00665287871261]""}",range_km,550(CLTC); 500(NEDC),550(CLTC);500(NEDC),"[""550"", ""500""]","[""CLTC"", ""NEDC""]",500,550,full_string_grammar_only_no_annotation_digit_harvest,,0
rec2022_04|rec2022_04-p106-t3|NC005120,BMW6475ACEV,NC005120,rec2022_04,022b14b038c2f782fc35988b08756c262187f1dccaeccd65edef82af8566a4d2,"{""column_1based"": 2, ""page_1based"": 107, ""row_1based"": 8, ""table_0based"": 0, ""value_bbox"": ""[181.0667202440643, 111.00665287871261, 550.4676295278479, 122.77540115635084]""}",density_whkg,154.00,154.00,"[""154.00""]","[""""]",154.00,154.00,full_string_grammar_only_no_annotation_digit_harvest,154.0,0
rec2022_04|rec2022_04-p106-t3|NC005120,BMW6475ACEV,NC005120,rec2022_04,022b14b038c2f782fc35988b08756c262187f1dccaeccd65edef82af8566a4d2,"{""column_1based"": 2, ""page_1based"": 107, ""row_1based"": 4, ""table_0based"": 0, ""value_bbox"": ""[181.0667202440643, 63.93165976817428, 550.4676295278479, 75.7004080458125]""}",curb_mass_kg,2190,2190,"[""2190""]","[""""]",2190,2190,full_string_grammar_only_no_annotation_digit_harvest,2190.0,0
rec2022_04|rec2022_04-p106-t3|NC005120,BMW6475ACEV,NC005120,rec2022_04,022b14b038c2f782fc35988b08756c262187f1dccaeccd65edef82af8566a4d2,"{""column_1based"": 2, ""page_1based"": 107, ""row_1based"": 9, ""table_0based"": 0, ""value_bbox"": ""[181.0667202440643, 122.77540115635084, 550.4676295278479, 145.75248112696747]""}",consumption_kwh100km,15.1(CLTC); 16.7(NEDC),15.1(CLTC);16.7(NEDC),"[""15.1"", ""16.7""]","[""CLTC"", ""NEDC""]",15.1,16.7,full_string_grammar_only_no_annotation_digit_harvest,,0
rec2022_04|rec2022_04-p108-t1|NC008570,NEQ7000BEVJH11D,NC008570,rec2022_04,022b14b038c2f782fc35988b08756c262187f1dccaeccd65edef82af8566a4d2,"{""column_1based"": 2, ""page_1based"": 108, ""row_1based"": 8, ""table_0based"": 1, ""value_bbox"": ""[181.06354914022123, 255.03536633351544, 550.4676295278479, 266.8041146111537]""}",max_speed_30min_kmh,100,100,"[""100""]","[""""]",100,100,full_string_grammar_only_no_annotation_digit_harvest,100.0,0
rec2022_04|rec2022_04-p108-t1|NC008570,NEQ7000BEVJH11D,NC008570,rec2022_04,022b14b038c2f782fc35988b08756c262187f1dccaeccd65edef82af8566a4d2,"{""column_1based"": 2, ""page_1based"": 108, ""row_1based"": 9, ""table_0based"": 1, ""value_bbox"": ""[181.06354914022123, 266.8041146111537, 550.4676295278479, 278.57286288878703]""}",range_km,120,120,"[""120""]","[""""]",120,120,full_string_grammar_only_no_annotation_digit_harvest,120.0,0
rec2022_04|rec2022_04-p108-t1|NC008570,NEQ7000BEVJH11D,NC008570,rec2022_04,022b14b038c2f782fc35988b08756c262187f1dccaeccd65edef82af8566a4d2,"{""column_1based"": 2, ""page_1based"": 108, ""row_1based"": 10, ""table_0based"": 1, ""value_bbox"": ""[181.06354914022123, 278.57286288878703, 550.4676295278479, 290.34161116642525]""}",density_whkg,105.00,105.00,"[""105.00""]","[""""]",105.00,105.00,full_string_grammar_only_no_annotation_digit_harvest,105.0,0
rec2022_04|rec2022_04-p108-t1|NC008570,NEQ7000BEVJH11D,NC008570,rec2022_04,022b14b038c2f782fc35988b08756c262187f1dccaeccd65edef82af8566a4d2,"{""column_1based"": 2, ""page_1based"": 108, ""row_1based"": 6, ""table_0based"": 1, ""value_bbox"": ""[181.06354914022123, 231.4978697782487, 550.4676295278479, 243.26661805588694]""}",curb_mass_kg,699/715,699/715,"[""699"", ""715""]","["""", """"]",699,715,full_string_grammar_only_no_annotation_digit_harvest,,0
rec2022_04|rec2022_04-p108-t1|NC008570,NEQ7000BEVJH11D,NC008570,rec2022_04,022b14b038c2f782fc35988b08756c262187f1dccaeccd65edef82af8566a4d2,"{""column_1based"": 2, ""page_1based"": 108, ""row_1based"": 11, ""table_0based"": 1, ""value_bbox"": ""[181.06354914022123, 290.34161116642525, 550.4676295278479, 313.31869113704676]""}",consumption_kwh100km,8.80,8.80,"[""8.80""]","[""""]",8.80,8.80,full_string_grammar_only_no_annotation_digit_harvest,8.8,0
