observation_version_key,source_id,source_sha256,source_public_date,model_key,config_id,firm_raw,max_speed_30min_kmh_raw,max_speed_30min_kmh_lower,max_speed_30min_kmh_upper,range_km_raw,range_km_lower,range_km_upper,density_whkg_raw,density_whkg_lower,density_whkg_upper,curb_mass_kg_raw,curb_mass_kg_lower,curb_mass_kg_upper,consumption_kwh100km_raw,consumption_kwh100km_lower,consumption_kwh100km_upper,consumption_target_lower,consumption_target_upper,speed_screen,range_screen,density_screen,energy_screen,four_requirement_interval_screen,all_failed_fields,crossed_fields,need_new_original_numeric_values_for_envelope,original_single_fields_updated,full_configuration_match_verified,policy_compliance_certified,scope
rec2022_12|rec2022_12-p20-t3|NC025187,rec2022_12,dae8aac7e9ccbe9c046bc0be62323deddcb91e52ed3fb3202e0fbe0e5e7993e7,2022-12-30,JX6482UBEV,NC025187,江铃控股有限公司,160,160,160,505（CLTC工况，缩短法）,505,505,171.96,171.96,171.96,1730/1790,1730,1790,13.90,13.90,13.90,16.9040,17.1920,全部达到常规门槛,全部达到常规门槛,全部达到常规门槛,所有选项均达到常规能耗门槛,四项声明值在全部外包络满足常规门槛,,,0,0,0,0,公开推荐声明值四条件保守外包络；不配对选项；未认证减免同配置或低温例外
rec2022_12|rec2022_12-p60-t1|NC026300,rec2022_12,dae8aac7e9ccbe9c046bc0be62323deddcb91e52ed3fb3202e0fbe0e5e7993e7,2022-12-30,YQZ6520BEVHIPHI1A,NC026300,江苏悦达起亚汽车有限公司,180,180,180,690(CLTC工况),690,690,194.80,194.80,194.80,2650/2680,2650,2680,18.2(CLTC工况),18.2,18.2,21.3200,21.4640,全部达到常规门槛,全部达到常规门槛,全部达到常规门槛,所有选项均达到常规能耗门槛,四项声明值在全部外包络满足常规门槛,,,0,0,0,0,公开推荐声明值四条件保守外包络；不配对选项；未认证减免同配置或低温例外
rec2022_12|rec2022_12-p60-t1|NC023012,rec2022_12,dae8aac7e9ccbe9c046bc0be62323deddcb91e52ed3fb3202e0fbe0e5e7993e7,2022-12-30,YQZ6520BEVHIPHI1A,NC023012,江苏悦达起亚汽车有限公司,180,180,180,690(CLTC工况),690,690,194.80,194.80,194.80,2650/2680,2650,2680,18.2(CLTC工况),18.2,18.2,21.3200,21.4640,全部达到常规门槛,全部达到常规门槛,全部达到常规门槛,所有选项均达到常规能耗门槛,四项声明值在全部外包络满足常规门槛,,,0,0,0,0,公开推荐声明值四条件保守外包络；不配对选项；未认证减免同配置或低温例外
rec2022_12|rec2022_12-p60-t1|NC003295,rec2022_12,dae8aac7e9ccbe9c046bc0be62323deddcb91e52ed3fb3202e0fbe0e5e7993e7,2022-12-30,YQZ6520BEVHIPHI1A,NC003295,江苏悦达起亚汽车有限公司,180,180,180,550,550,550,180.83,180.83,180.83,2580/2650,2580,2650,17.80,17.80,17.80,20.9840,21.3200,全部达到常规门槛,全部达到常规门槛,全部达到常规门槛,所有选项均达到常规能耗门槛,四项声明值在全部外包络满足常规门槛,,,0,0,0,0,公开推荐声明值四条件保守外包络；不配对选项；未认证减免同配置或低温例外
rec2022_12|rec2022_12-p60-t1|NC011183,rec2022_12,dae8aac7e9ccbe9c046bc0be62323deddcb91e52ed3fb3202e0fbe0e5e7993e7,2022-12-30,YQZ6520BEVHIPHI1A,NC011183,江苏悦达起亚汽车有限公司,180,180,180,560(CLTC工况),560,560,180.83,180.83,180.83,2580/2650,2580,2650,17.7(CLTC工况),17.7,17.7,20.9840,21.3200,全部达到常规门槛,全部达到常规门槛,全部达到常规门槛,所有选项均达到常规能耗门槛,四项声明值在全部外包络满足常规门槛,,,0,0,0,0,公开推荐声明值四条件保守外包络；不配对选项；未认证减免同配置或低温例外
rec2022_12|rec2022_12-p64-t1|NC009116,rec2022_12,dae8aac7e9ccbe9c046bc0be62323deddcb91e52ed3fb3202e0fbe0e5e7993e7,2022-12-30,HFC7002CSEV1-W,NC009116,安徽江淮汽车集团股份有限公司,180,180,180,705,705,705,185.44,185.44,185.44,2379/2414,2379,2414,15.20,15.20,15.20,20.0192,20.1872,全部达到常规门槛,全部达到常规门槛,全部达到常规门槛,所有选项均达到常规能耗门槛,四项声明值在全部外包络满足常规门槛,,,0,0,0,0,公开推荐声明值四条件保守外包络；不配对选项；未认证减免同配置或低温例外
rec2022_12|rec2022_12-p64-t1|NC012203,rec2022_12,dae8aac7e9ccbe9c046bc0be62323deddcb91e52ed3fb3202e0fbe0e5e7993e7,2022-12-30,HFC7002CSEV1-W,NC012203,安徽江淮汽车集团股份有限公司,180,180,180,480,480,480,142.10,142.10,142.10,2369/2404,2369,2404,17.60,17.60,17.60,19.9712,20.1392,全部达到常规门槛,全部达到常规门槛,全部达到常规门槛,所有选项均达到常规能耗门槛,四项声明值在全部外包络满足常规门槛,,,0,0,0,0,公开推荐声明值四条件保守外包络；不配对选项；未认证减免同配置或低温例外
rec2022_12|rec2022_12-p64-t1|NC012201,rec2022_12,dae8aac7e9ccbe9c046bc0be62323deddcb91e52ed3fb3202e0fbe0e5e7993e7,2022-12-30,HFC7002CSEV1-W,NC012201,安徽江淮汽车集团股份有限公司,180,180,180,615,615,615,185.44,185.44,185.44,2399/2434,2399,2434,17.40,17.40,17.40,20.1152,20.2832,全部达到常规门槛,全部达到常规门槛,全部达到常规门槛,所有选项均达到常规能耗门槛,四项声明值在全部外包络满足常规门槛,,,0,0,0,0,公开推荐声明值四条件保守外包络；不配对选项；未认证减免同配置或低温例外
rec2022_12|rec2022_12-p64-t1|NC009134,rec2022_12,dae8aac7e9ccbe9c046bc0be62323deddcb91e52ed3fb3202e0fbe0e5e7993e7,2022-12-30,HFC7002CSEV1-W,NC009134,安徽江淮汽车集团股份有限公司,180,180,180,530,530,530,142.10,142.10,142.10,2349/2384,2349,2384,16.20,16.20,16.20,19.8752,20.0432,全部达到常规门槛,全部达到常规门槛,全部达到常规门槛,所有选项均达到常规能耗门槛,四项声明值在全部外包络满足常规门槛,,,0,0,0,0,公开推荐声明值四条件保守外包络；不配对选项；未认证减免同配置或低温例外
rec2022_12|rec2022_12-p64-t1|NC009123,rec2022_12,dae8aac7e9ccbe9c046bc0be62323deddcb91e52ed3fb3202e0fbe0e5e7993e7,2022-12-30,HFC7002CSEV1-W,NC009123,安徽江淮汽车集团股份有限公司,180,180,180,550,550,550,142.10,142.10,142.10,2349/2384,2349,2384,15.60,15.60,15.60,19.8752,20.0432,全部达到常规门槛,全部达到常规门槛,全部达到常规门槛,所有选项均达到常规能耗门槛,四项声明值在全部外包络满足常规门槛,,,0,0,0,0,公开推荐声明值四条件保守外包络；不配对选项；未认证减免同配置或低温例外
rec2022_12|rec2022_12-p64-t1|NC009120,rec2022_12,dae8aac7e9ccbe9c046bc0be62323deddcb91e52ed3fb3202e0fbe0e5e7993e7,2022-12-30,HFC7002CSEV1-W,NC009120,安徽江淮汽车集团股份有限公司,180,180,180,675,675,675,185.44,185.44,185.44,2379/2414,2379,2414,16.00,16.00,16.00,20.0192,20.1872,全部达到常规门槛,全部达到常规门槛,全部达到常规门槛,所有选项均达到常规能耗门槛,四项声明值在全部外包络满足常规门槛,,,0,0,0,0,公开推荐声明值四条件保守外包络；不配对选项；未认证减免同配置或低温例外
rec2022_12|rec2022_12-p70-t3|NC003362,rec2022_12,dae8aac7e9ccbe9c046bc0be62323deddcb91e52ed3fb3202e0fbe0e5e7993e7,2022-12-30,JX7001ERABEV,NC003362,江西江铃集团新能源汽车有限公司,120,120,120,401(NEDC)/450(CLTC),401,450,175.48,175.48,175.48,1460,1460,1460,12.9(NEDC)/12.2(CLTC),12.2,12.9,15.1880,15.1880,全部达到常规门槛,全部达到常规门槛,全部达到常规门槛,所有选项均达到常规能耗门槛,四项声明值在全部外包络满足常规门槛,,,0,0,0,0,公开推荐声明值四条件保守外包络；不配对选项；未认证减免同配置或低温例外
rec2022_12|rec2022_12-p77-t4|NC573180,rec2022_12,dae8aac7e9ccbe9c046bc0be62323deddcb91e52ed3fb3202e0fbe0e5e7993e7,2022-12-30,FV6494AA1BEV,NC573180,一汽-大众汽车有限公司,185,185,185,500(NEDC)/466(CLTC),466,500,142.00,142.00,142.00,2625,2625,2625,19.4(NEDC)/21.2(CLTC),19.4,21.2,21.2000,21.2000,全部达到常规门槛,全部达到常规门槛,全部达到常规门槛,所有选项均达到常规能耗门槛,四项声明值在全部外包络满足常规门槛,,,0,0,0,0,公开推荐声明值四条件保守外包络；不配对选项；未认证减免同配置或低温例外
rec2020_04|rec2020_04-p18-t2|NC507855,rec2020_04,ec5b42f7c8cdcea71f0fdecdee67b8d4a161f2389527f41ee3e4ed431cbd2736,2020-04-01,GAM7000BEVA0L,NC507855,广汽乘用车有限公司,130,130,130,460,460,460,163.00,163.00,163.00,"1610,1660",1610,1660,12.90,12.90,12.90,16.3280,16.5680,全部达到常规门槛,全部达到常规门槛,全部达到常规门槛,所有选项均达到常规能耗门槛,四项声明值在全部外包络满足常规门槛,,,0,0,0,0,公开推荐声明值四条件保守外包络；不配对选项；未认证减免同配置或低温例外
rec2022_04|rec2022_04-p23-t2|NC015700,rec2022_04,022b14b038c2f782fc35988b08756c262187f1dccaeccd65edef82af8566a4d2,2022-05-12,GAH7001BEVN0A,NC015700,广汽乘用车(杭州)有限公司,130,130,130,410,410,410,125.00,125.00,125.00,1625/1645,1625,1645,12.90,12.90,12.90,16.4000,16.4960,全部达到常规门槛,全部达到常规门槛,全部达到常规门槛,所有选项均达到常规能耗门槛,四项声明值在全部外包络满足常规门槛,,,0,0,0,0,公开推荐声明值四条件保守外包络；不配对选项；未认证减免同配置或低温例外
rec2022_04|rec2022_04-p74-t2|NC490755,rec2022_04,022b14b038c2f782fc35988b08756c262187f1dccaeccd65edef82af8566a4d2,2022-05-12,SVW6451AEV,NC490755,上汽大众汽车有限公司,150,150,150,315(NEDC)/320(CLTC),315,320,140.00,140.00,140.00,1640,1640,1640,14.5(NEDC)/14.3(CLTC),14.3,14.5,16.4720,16.4720,全部达到常规门槛,全部达到常规门槛,全部达到常规门槛,所有选项均达到常规能耗门槛,四项声明值在全部外包络满足常规门槛,,,0,0,0,0,公开推荐声明值四条件保守外包络；不配对选项；未认证减免同配置或低温例外
rec2022_04|rec2022_04-p75-t0|NC496406,rec2022_04,022b14b038c2f782fc35988b08756c262187f1dccaeccd65edef82af8566a4d2,2022-05-12,SVW7005AEV,NC496406,上汽大众汽车有限公司,150,150,150,346(NEDC)/346(CLTC),346,346,140.00,140.00,140.00,1560,1560,1560,13.2(NEDC)/13.2(CLTC),13.2,13.2,15.9680,15.9680,全部达到常规门槛,全部达到常规门槛,全部达到常规门槛,所有选项均达到常规能耗门槛,四项声明值在全部外包络满足常规门槛,,,0,0,0,0,公开推荐声明值四条件保守外包络；不配对选项；未认证减免同配置或低温例外
rec2022_04|rec2022_04-p82-t0|NC016881,rec2022_04,022b14b038c2f782fc35988b08756c262187f1dccaeccd65edef82af8566a4d2,2022-05-12,HQ7003BEV01,NC016881,浙江豪情汽车制造有限公司,150,150,150,428(CLTC),428,428,160.28,160.28,160.28,1545/1607,1545,1607,13.4(CLTC),13.4,13.4,15.8510,16.3136,全部达到常规门槛,全部达到常规门槛,全部达到常规门槛,所有选项均达到常规能耗门槛,四项声明值在全部外包络满足常规门槛,,,0,0,0,0,公开推荐声明值四条件保守外包络；不配对选项；未认证减免同配置或低温例外
rec2022_04|rec2022_04-p82-t0|NC002583,rec2022_04,022b14b038c2f782fc35988b08756c262187f1dccaeccd65edef82af8566a4d2,2022-05-12,HQ7003BEV01,NC002583,浙江豪情汽车制造有限公司,150,150,150,400,400,400,160.28,160.28,160.28,1545/1607,1545,1607,13.90,13.90,13.90,15.8510,16.3136,全部达到常规门槛,全部达到常规门槛,全部达到常规门槛,所有选项均达到常规能耗门槛,四项声明值在全部外包络满足常规门槛,,,0,0,0,0,公开推荐声明值四条件保守外包络；不配对选项；未认证减免同配置或低温例外
rec2022_04|rec2022_04-p87-t3|NC004482,rec2022_04,022b14b038c2f782fc35988b08756c262187f1dccaeccd65edef82af8566a4d2,2022-05-12,GAM7001BEVA0D,NC004482,广汽乘用车有限公司,150,150,150,510,510,510,170.00,170.00,170.00,1660/1680,1660,1680,12.90,12.90,12.90,16.5680,16.6640,全部达到常规门槛,全部达到常规门槛,全部达到常规门槛,所有选项均达到常规能耗门槛,四项声明值在全部外包络满足常规门槛,,,0,0,0,0,公开推荐声明值四条件保守外包络；不配对选项；未认证减免同配置或低温例外
rec2022_04|rec2022_04-p101-t0|NC560417,rec2022_04,022b14b038c2f782fc35988b08756c262187f1dccaeccd65edef82af8566a4d2,2022-05-12,NEQ7000BEVJ72P,NC560417,奇瑞新能源汽车股份有限公司,100,100,100,301,301,301,140.10,140.10,140.10,955/975,955,975,9.40,9.40,9.40,11.0960,11.3200,全部达到常规门槛,全部达到常规门槛,全部达到常规门槛,所有选项均达到常规能耗门槛,四项声明值在全部外包络满足常规门槛,,,0,0,0,0,公开推荐声明值四条件保守外包络；不配对选项；未认证减免同配置或低温例外
rec2022_04|rec2022_04-p101-t0|NC015326,rec2022_04,022b14b038c2f782fc35988b08756c262187f1dccaeccd65edef82af8566a4d2,2022-05-12,NEQ7000BEVJ72P,NC015326,奇瑞新能源汽车股份有限公司,100,100,100,301,301,301,140.10,140.10,140.10,955/975,955,975,9.40,9.40,9.40,11.0960,11.3200,全部达到常规门槛,全部达到常规门槛,全部达到常规门槛,所有选项均达到常规能耗门槛,四项声明值在全部外包络满足常规门槛,,,0,0,0,0,公开推荐声明值四条件保守外包络；不配对选项；未认证减免同配置或低温例外
rec2022_04|rec2022_04-p101-t1|NC576257,rec2022_04,022b14b038c2f782fc35988b08756c262187f1dccaeccd65edef82af8566a4d2,2022-05-12,NEQ7000BEVJ72Q,NC576257,奇瑞新能源汽车股份有限公司,100,100,100,301,301,301,140.10,140.10,140.10,935/955/975,935,975,9.40,9.40,9.40,10.8720,11.3200,全部达到常规门槛,全部达到常规门槛,全部达到常规门槛,所有选项均达到常规能耗门槛,四项声明值在全部外包络满足常规门槛,,,0,0,0,0,公开推荐声明值四条件保守外包络；不配对选项；未认证减免同配置或低温例外
rec2022_04|rec2022_04-p101-t1|NC018159,rec2022_04,022b14b038c2f782fc35988b08756c262187f1dccaeccd65edef82af8566a4d2,2022-05-12,NEQ7000BEVJ72Q,NC018159,奇瑞新能源汽车股份有限公司,100,100,100,301,301,301,140.10,140.10,140.10,935/955/975,935,975,9.40,9.40,9.40,10.8720,11.3200,全部达到常规门槛,全部达到常规门槛,全部达到常规门槛,所有选项均达到常规能耗门槛,四项声明值在全部外包络满足常规门槛,,,0,0,0,0,公开推荐声明值四条件保守外包络；不配对选项；未认证减免同配置或低温例外
rec2022_04|rec2022_04-p101-t2|NC005151,rec2022_04,022b14b038c2f782fc35988b08756c262187f1dccaeccd65edef82af8566a4d2,2022-05-12,NEQ7000BEVJ72T,NC005151,奇瑞新能源汽车股份有限公司,120,120,120,408,408,408,170.10,170.10,170.10,985/995,985,995,9.70,9.70,9.70,11.4320,11.5440,全部达到常规门槛,全部达到常规门槛,全部达到常规门槛,所有选项均达到常规能耗门槛,四项声明值在全部外包络满足常规门槛,,,0,0,0,0,公开推荐声明值四条件保守外包络；不配对选项；未认证减免同配置或低温例外
rec2022_04|rec2022_04-p101-t3|NC009555,rec2022_04,022b14b038c2f782fc35988b08756c262187f1dccaeccd65edef82af8566a4d2,2022-05-12,NEQ7000BEVJ72U,NC009555,奇瑞新能源汽车股份有限公司,100,100,100,301,301,301,140.00,140.00,140.00,975/995,975,995,9.40,9.40,9.40,11.3200,11.5440,全部达到常规门槛,全部达到常规门槛,全部达到常规门槛,所有选项均达到常规能耗门槛,四项声明值在全部外包络满足常规门槛,,,0,0,0,0,公开推荐声明值四条件保守外包络；不配对选项；未认证减免同配置或低温例外
rec2022_04|rec2022_04-p106-t2|NC530212,rec2022_04,022b14b038c2f782fc35988b08756c262187f1dccaeccd65edef82af8566a4d2,2022-05-12,BMW6475ABEV,NC530212,华晨宝马汽车有限公司,160,160,160,530(CLTC); 490(NEDC),490,530,154.00,154.00,154.00,2205,2205,2205,15.6(CLTC); 16.9(NEDC),15.6,16.9,19.1840,19.1840,全部达到常规门槛,全部达到常规门槛,全部达到常规门槛,所有选项均达到常规能耗门槛,四项声明值在全部外包络满足常规门槛,,,0,0,0,0,公开推荐声明值四条件保守外包络；不配对选项；未认证减免同配置或低温例外
rec2022_04|rec2022_04-p106-t3|NC005120,rec2022_04,022b14b038c2f782fc35988b08756c262187f1dccaeccd65edef82af8566a4d2,2022-05-12,BMW6475ACEV,NC005120,华晨宝马汽车有限公司,160,160,160,550(CLTC); 500(NEDC),500,550,154.00,154.00,154.00,2190,2190,2190,15.1(CLTC); 16.7(NEDC),15.1,16.7,19.1120,19.1120,全部达到常规门槛,全部达到常规门槛,全部达到常规门槛,所有选项均达到常规能耗门槛,四项声明值在全部外包络满足常规门槛,,,0,0,0,0,公开推荐声明值四条件保守外包络；不配对选项；未认证减免同配置或低温例外
rec2022_04|rec2022_04-p108-t1|NC008570,rec2022_04,022b14b038c2f782fc35988b08756c262187f1dccaeccd65edef82af8566a4d2,2022-05-12,NEQ7000BEVJH11D,NC008570,奇瑞新能源汽车股份有限公司,100,100,100,120,120,120,105.00,105.00,105.00,699/715,699,715,8.80,8.80,8.80,8.2288,8.4080,全部达到常规门槛,全部低于常规门槛,全部低于常规门槛,所有选项均超过常规能耗门槛,至少一项在全部外包络不满足常规门槛,range_km;density_whkg;consumption_kwh100km,,0,0,0,0,公开推荐声明值四条件保守外包络；不配对选项；未认证减免同配置或低温例外
