model_key,in_core_2208,new_source_view_complete,old_source_view_complete,new_raw_rows,new_distinct_stable_ids,old_raw_rows,old_distinct_stable_ids,visible_match_state,new_standard_codes_raw_json,old_cycle_codes_raw_json,old_public_times_raw_json,new_issue_dates_raw_json,new_migration_notes_raw_json,new_abandon_times_raw_json,historical_public_availability_certified,same_tax_configuration_identity_certified,can_replace_frozen_scientific_input,scope_note
BAW6521MA51BEV,False,False,True,0,0,1,1,old_observed,[],"[""CATC""]","[""2023-06""]",[],[],[],False,False,False,指定公开energyType8/fuelType8筛选视图的已取得页精确匹配；不认证全行纯电。完整标志false时未命中未知，不得称零命中；旧工况仅原代码，不映射。
BAW6521MAJ1BEV,False,False,True,0,0,1,1,old_observed,[],"[""CATC""]","[""2023-09""]",[],[],[],False,False,False,指定公开energyType8/fuelType8筛选视图的已取得页精确匹配；不认证全行纯电。完整标志false时未命中未知，不得称零命中；旧工况仅原代码，不映射。
BAW6521MAJBEV,False,False,True,0,0,2,2,old_observed,[],"[""CATC""]","[""2023-09""]",[],[],[],False,False,False,指定公开energyType8/fuelType8筛选视图的已取得页精确匹配；不认证全行纯电。完整标志false时未命中未知，不得称零命中；旧工况仅原代码，不映射。
BAW6521MAK1BEV,False,False,True,0,0,2,2,old_observed,[],"[""CATC""]","[""2023-12""]",[],[],[],False,False,False,指定公开energyType8/fuelType8筛选视图的已取得页精确匹配；不认证全行纯电。完整标志false时未命中未知，不得称零命中；旧工况仅原代码，不映射。
BAW7000UL45BEV,False,False,True,0,0,0,0,no_match_in_pages_observed,[],[],[],[],[],[],False,False,False,指定公开energyType8/fuelType8筛选视图的已取得页精确匹配；不认证全行纯电。完整标志false时未命中未知，不得称零命中；旧工况仅原代码，不映射。
BJ6480A603BEV,False,False,True,0,0,1,1,old_observed,[],"[""CATC""]","[""2023-07""]",[],[],[],False,False,False,指定公开energyType8/fuelType8筛选视图的已取得页精确匹配；不认证全行纯电。完整标志false时未命中未知，不得称零命中；旧工况仅原代码，不映射。
BJ6480A604BEV,False,False,True,0,0,1,1,old_observed,[],"[""CATC""]","[""2023-07""]",[],[],[],False,False,False,指定公开energyType8/fuelType8筛选视图的已取得页精确匹配；不认证全行纯电。完整标志false时未命中未知，不得称零命中；旧工况仅原代码，不映射。
BJ6480A605BEV,False,False,True,0,0,1,1,old_observed,[],"[""CATC""]","[""2023-07""]",[],[],[],False,False,False,指定公开energyType8/fuelType8筛选视图的已取得页精确匹配；不认证全行纯电。完整标志false时未命中未知，不得称零命中；旧工况仅原代码，不映射。
BJ6539EVAA1,False,False,True,0,0,4,4,old_observed,[],"[""CATC""]","[""2023-07""]",[],[],[],False,False,False,指定公开energyType8/fuelType8筛选视图的已取得页精确匹配；不认证全行纯电。完整标志false时未命中未知，不得称零命中；旧工况仅原代码，不映射。
BJ6539EVAA2,False,False,True,0,0,6,6,old_observed,[],"[""CATC""]","[""2023-07""]",[],[],[],False,False,False,指定公开energyType8/fuelType8筛选视图的已取得页精确匹配；不认证全行纯电。完整标志false时未命中未知，不得称零命中；旧工况仅原代码，不映射。
BJ6552EVAA,False,False,True,0,0,1,1,old_observed,[],"[""CATC""]","[""2024-03""]",[],[],[],False,False,False,指定公开energyType8/fuelType8筛选视图的已取得页精确匹配；不认证全行纯电。完整标志false时未命中未知，不得称零命中；旧工况仅原代码，不映射。
BJ6552EVAA1,False,False,True,5,5,1,1,both_observed,"[""5""]","[""CATC""]","[""2024-03""]","[""2026-06-11""]",[],[],False,False,False,指定公开energyType8/fuelType8筛选视图的已取得页精确匹配；不认证全行纯电。完整标志false时未命中未知，不得称零命中；旧工况仅原代码，不映射。
BJ7001A617BEV,False,False,True,0,0,1,1,old_observed,[],"[""CATC""]","[""2023-09""]",[],[],[],False,False,False,指定公开energyType8/fuelType8筛选视图的已取得页精确匹配；不认证全行纯电。完整标志false时未命中未知，不得称零命中；旧工况仅原代码，不映射。
BJ7001A618BEV,False,False,True,0,0,1,1,old_observed,[],"[""CATC""]","[""2023-09""]",[],[],[],False,False,False,指定公开energyType8/fuelType8筛选视图的已取得页精确匹配；不认证全行纯电。完整标志false时未命中未知，不得称零命中；旧工况仅原代码，不映射。
BJ7003NBEV1,False,False,True,0,0,4,4,old_observed,[],"[""CATC""]","[""2023-06""]",[],[],[],False,False,False,指定公开energyType8/fuelType8筛选视图的已取得页精确匹配；不认证全行纯电。完整标志false时未命中未知，不得称零命中；旧工况仅原代码，不映射。
BJ7003NBEV2,False,False,True,0,0,12,12,old_observed,[],"[""CATC""]","[""2023-06""]",[],[],[],False,False,False,指定公开energyType8/fuelType8筛选视图的已取得页精确匹配；不认证全行纯电。完整标志false时未命中未知，不得称零命中；旧工况仅原代码，不映射。
BRX6490DB5X0BEV,False,False,True,0,0,2,2,old_observed,[],"[""CATC""]","[""2023-06""]",[],[],[],False,False,False,指定公开energyType8/fuelType8筛选视图的已取得页精确匹配；不认证全行纯电。完整标志false时未命中未知，不得称零命中；旧工况仅原代码，不映射。
BYD6470MBEV3,False,False,True,0,0,2,2,old_observed,[],"[""CATC""]","[""2023-06""]",[],[],[],False,False,False,指定公开energyType8/fuelType8筛选视图的已取得页精确匹配；不认证全行纯电。完整标志false时未命中未知，不得称零命中；旧工况仅原代码，不映射。
BYD7004BEV6,False,False,True,0,0,3,3,old_observed,[],"[""CATC""]","[""2023-06"", ""2023-12""]",[],[],[],False,False,False,指定公开energyType8/fuelType8筛选视图的已取得页精确匹配；不认证全行纯电。完整标志false时未命中未知，不得称零命中；旧工况仅原代码，不映射。
BYD7004BEV7,False,False,True,0,0,2,2,old_observed,[],"[""CATC""]","[""2023-06""]",[],[],[],False,False,False,指定公开energyType8/fuelType8筛选视图的已取得页精确匹配；不认证全行纯电。完整标志false时未命中未知，不得称零命中；旧工况仅原代码，不映射。
CA6467BSEVA,False,False,True,0,0,1,1,old_observed,[],"[""CATC""]","[""2023-07""]",[],[],[],False,False,False,指定公开energyType8/fuelType8筛选视图的已取得页精确匹配；不认证全行纯电。完整标志false时未命中未知，不得称零命中；旧工况仅原代码，不映射。
CA7000H0SEVA,False,False,True,0,0,2,2,old_observed,[],"[""CATC""]","[""2023-07""]",[],[],[],False,False,False,指定公开energyType8/fuelType8筛选视图的已取得页精确匹配；不认证全行纯电。完整标志false时未命中未知，不得称零命中；旧工况仅原代码，不映射。
CA7007BEVH,False,False,True,0,0,1,1,old_observed,[],"[""CATC""]","[""2023-07""]",[],[],[],False,False,False,指定公开energyType8/fuelType8筛选视图的已取得页精确匹配；不认证全行纯电。完整标志false时未命中未知，不得称零命中；旧工况仅原代码，不映射。
CA7007BSEVC,False,False,True,0,0,1,1,old_observed,[],"[""CATC""]","[""2023-07""]",[],[],[],False,False,False,指定公开energyType8/fuelType8筛选视图的已取得页精确匹配；不认证全行纯电。完整标志false时未命中未知，不得称零命中；旧工况仅原代码，不映射。
CC6470CA22ABEV,False,False,True,0,0,2,2,old_observed,[],"[""CATC""]","[""2023-06""]",[],[],[],False,False,False,指定公开energyType8/fuelType8筛选视图的已取得页精确匹配；不认证全行纯电。完整标志false时未命中未知，不得称零命中；旧工况仅原代码，不映射。
CC7000BJ00GABEV,False,False,True,0,0,8,8,old_observed,[],"[""CATC""]","[""2023-06""]",[],[],[],False,False,False,指定公开energyType8/fuelType8筛选视图的已取得页精确匹配；不认证全行纯电。完整标志false时未命中未知，不得称零命中；旧工况仅原代码，不映射。
CC7000BJ01GBEV,False,False,True,0,0,8,8,old_observed,[],"[""CATC"", ""NEDC""]","[""2023-06""]",[],[],[],False,False,False,指定公开energyType8/fuelType8筛选视图的已取得页精确匹配；不认证全行纯电。完整标志false时未命中未知，不得称零命中；旧工况仅原代码，不映射。
CC7000BJ01JBEV,False,False,True,0,0,4,4,old_observed,[],"[""CATC""]","[""2023-06""]",[],[],[],False,False,False,指定公开energyType8/fuelType8筛选视图的已取得页精确匹配；不认证全行纯电。完整标志false时未命中未知，不得称零命中；旧工况仅原代码，不映射。
CC7000CG00ABEV,False,False,True,0,0,7,7,old_observed,[],"[""CATC""]","[""2023-06""]",[],[],[],False,False,False,指定公开energyType8/fuelType8筛选视图的已取得页精确匹配；不认证全行纯电。完整标志false时未命中未知，不得称零命中；旧工况仅原代码，不映射。
CC7000CG00FBEV,False,False,True,0,0,0,0,no_match_in_pages_observed,[],[],[],[],[],[],False,False,False,指定公开energyType8/fuelType8筛选视图的已取得页精确匹配；不认证全行纯电。完整标志false时未命中未知，不得称零命中；旧工况仅原代码，不映射。
CC7000ZM00BBEV,False,False,True,0,0,8,8,old_observed,[],"[""NEDC""]","[""2021-11"", ""2023-06""]",[],[],[],False,False,False,指定公开energyType8/fuelType8筛选视图的已取得页精确匹配；不认证全行纯电。完整标志false时未命中未知，不得称零命中；旧工况仅原代码，不映射。
CC7000ZM00EBEV,False,False,True,0,0,10,10,old_observed,[],"[""NEDC""]","[""2021-11"", ""2023-06""]",[],[],[],False,False,False,指定公开energyType8/fuelType8筛选视图的已取得页精确匹配；不认证全行纯电。完整标志false时未命中未知，不得称零命中；旧工况仅原代码，不映射。
CC7000ZM00FBEV,False,False,True,0,0,8,8,old_observed,[],"[""NEDC""]","[""2021-11"", ""2023-06""]",[],[],[],False,False,False,指定公开energyType8/fuelType8筛选视图的已取得页精确匹配；不认证全行纯电。完整标志false时未命中未知，不得称零命中；旧工况仅原代码，不映射。
CC7000ZM02CBEV,False,False,True,0,0,9,9,old_observed,[],"[""NEDC""]","[""2021-11"", ""2023-06""]",[],[],[],False,False,False,指定公开energyType8/fuelType8筛选视图的已取得页精确匹配；不认证全行纯电。完整标志false时未命中未知，不得称零命中；旧工况仅原代码，不映射。
CC7000ZM02DBEV,False,False,True,0,0,8,8,old_observed,[],"[""NEDC""]","[""2021-11"", ""2023-06""]",[],[],[],False,False,False,指定公开energyType8/fuelType8筛选视图的已取得页精确匹配；不认证全行纯电。完整标志false时未命中未知，不得称零命中；旧工况仅原代码，不映射。
CC7000ZM02GBEV,False,False,True,0,0,9,9,old_observed,[],"[""NEDC""]","[""2021-11"", ""2023-06""]",[],[],[],False,False,False,指定公开energyType8/fuelType8筛选视图的已取得页精确匹配；不认证全行纯电。完整标志false时未命中未知，不得称零命中；旧工况仅原代码，不映射。
CC7000ZM05ABEV,False,False,True,0,0,7,7,old_observed,[],"[""NEDC""]","[""2021-11"", ""2023-06""]",[],[],[],False,False,False,指定公开energyType8/fuelType8筛选视图的已取得页精确匹配；不认证全行纯电。完整标志false时未命中未知，不得称零命中；旧工况仅原代码，不映射。
CC7001ZM00BBEV,False,False,True,0,0,9,9,old_observed,[],"[""NEDC""]","[""2021-11"", ""2023-06""]",[],[],[],False,False,False,指定公开energyType8/fuelType8筛选视图的已取得页精确匹配；不认证全行纯电。完整标志false时未命中未知，不得称零命中；旧工况仅原代码，不映射。
CC7001ZM00EBEV,False,False,True,0,0,7,7,old_observed,[],"[""NEDC""]","[""2021-11"", ""2023-06""]",[],[],[],False,False,False,指定公开energyType8/fuelType8筛选视图的已取得页精确匹配；不认证全行纯电。完整标志false时未命中未知，不得称零命中；旧工况仅原代码，不映射。
CC7001ZM01BBEV,False,False,True,0,0,7,7,old_observed,[],"[""NEDC""]","[""2021-11"", ""2023-06""]",[],[],[],False,False,False,指定公开energyType8/fuelType8筛选视图的已取得页精确匹配；不认证全行纯电。完整标志false时未命中未知，不得称零命中；旧工况仅原代码，不映射。
CC7001ZM01BEV,False,False,True,0,0,8,8,old_observed,[],"[""NEDC""]","[""2021-11"", ""2023-06""]",[],[],[],False,False,False,指定公开energyType8/fuelType8筛选视图的已取得页精确匹配；不认证全行纯电。完整标志false时未命中未知，不得称零命中；旧工况仅原代码，不映射。
CC7001ZM02CBEV,False,False,True,0,0,7,7,old_observed,[],"[""NEDC""]","[""2021-11"", ""2023-06""]",[],[],[],False,False,False,指定公开energyType8/fuelType8筛选视图的已取得页精确匹配；不认证全行纯电。完整标志false时未命中未知，不得称零命中；旧工况仅原代码，不映射。
CGC7000BEV2J3,False,False,True,0,0,5,5,old_observed,[],"[""NEDC""]","[""2021-12"", ""2023-06""]",[],[],[],False,False,False,指定公开energyType8/fuelType8筛选视图的已取得页精确匹配；不认证全行纯电。完整标志false时未命中未知，不得称零命中；旧工况仅原代码，不映射。
CGC7000BEV2J5,False,False,True,0,0,4,4,old_observed,[],"[""CATC""]","[""2023-06""]",[],[],[],False,False,False,指定公开energyType8/fuelType8筛选视图的已取得页精确匹配；不认证全行纯电。完整标志false时未命中未知，不得称零命中；旧工况仅原代码，不映射。
CSA6493YSEV1,False,False,True,0,0,10,10,old_observed,[],"[""CATC""]","[""2023-06"", ""2023-10""]",[],[],[],False,False,False,指定公开energyType8/fuelType8筛选视图的已取得页精确匹配；不认证全行纯电。完整标志false时未命中未知，不得称零命中；旧工况仅原代码，不映射。
CSA7001KBEV1,False,False,True,0,0,0,0,no_match_in_pages_observed,[],[],[],[],[],[],False,False,False,指定公开energyType8/fuelType8筛选视图的已取得页精确匹配；不认证全行纯电。完整标志false时未命中未知，不得称零命中；旧工况仅原代码，不映射。
CSA7005DSEV1,False,False,True,0,0,10,10,old_observed,[],"[""CATC""]","[""2023-06"", ""2023-10""]",[],[],[],False,False,False,指定公开energyType8/fuelType8筛选视图的已取得页精确匹配；不认证全行纯电。完整标志false时未命中未知，不得称零命中；旧工况仅原代码，不映射。
CSA7005DSEV4,False,False,True,0,0,1,1,old_observed,[],"[""CATC""]","[""2024-03""]",[],[],[],False,False,False,指定公开energyType8/fuelType8筛选视图的已取得页精确匹配；不认证全行纯电。完整标志false时未命中未知，不得称零命中；旧工况仅原代码，不映射。
CSA7005DSEV5,False,False,True,0,0,2,2,old_observed,[],"[""CATC""]","[""2024-03""]",[],[],[],False,False,False,指定公开energyType8/fuelType8筛选视图的已取得页精确匹配；不认证全行纯电。完整标志false时未命中未知，不得称零命中；旧工况仅原代码，不映射。
DC7002XAAXBEVR,False,False,True,0,0,1,1,old_observed,[],"[""CATC""]","[""2024-01""]",[],[],[],False,False,False,指定公开energyType8/fuelType8筛选视图的已取得页精确匹配；不认证全行纯电。完整标志false时未命中未知，不得称零命中；旧工况仅原代码，不映射。
DC7006XAAXBEVM,False,False,True,0,0,2,2,old_observed,[],"[""CATC""]","[""2023-06""]",[],[],[],False,False,False,指定公开energyType8/fuelType8筛选视图的已取得页精确匹配；不认证全行纯电。完整标志false时未命中未知，不得称零命中；旧工况仅原代码，不映射。
DC7006XAAXBEVN,False,False,True,0,0,1,1,old_observed,[],"[""CATC""]","[""2024-01""]",[],[],[],False,False,False,指定公开energyType8/fuelType8筛选视图的已取得页精确匹配；不认证全行纯电。完整标志false时未命中未知，不得称零命中；旧工况仅原代码，不映射。
DD7000BEVWRA,False,False,True,0,0,0,0,no_match_in_pages_observed,[],[],[],[],[],[],False,False,False,指定公开energyType8/fuelType8筛选视图的已取得页精确匹配；不认证全行纯电。完整标志false时未命中未知，不得称零命中；旧工况仅原代码，不映射。
DFM7002G1F9BEV,False,False,True,0,0,3,3,old_observed,[],"[""CATC""]","[""2023-06""]",[],[],[],False,False,False,指定公开energyType8/fuelType8筛选视图的已取得页精确匹配；不认证全行纯电。完整标志false时未命中未知，不得称零命中；旧工况仅原代码，不映射。
DFM7003G1F1BEV,False,False,True,0,0,1,1,old_observed,[],"[""CATC""]","[""2023-06""]",[],[],[],False,False,False,指定公开energyType8/fuelType8筛选视图的已取得页精确匹配；不认证全行纯电。完整标志false时未命中未知，不得称零命中；旧工况仅原代码，不映射。
DXK6460HF6BEV,False,False,True,0,0,1,1,old_observed,[],"[""CATC""]","[""2023-07""]",[],[],[],False,False,False,指定公开energyType8/fuelType8筛选视图的已取得页精确匹配；不认证全行纯电。完整标志false时未命中未知，不得称零命中；旧工况仅原代码，不映射。
DXK7001RD18BEV,False,False,True,0,0,4,4,old_observed,[],"[""CATC""]","[""2023-06""]",[],[],[],False,False,False,指定公开energyType8/fuelType8筛选视图的已取得页精确匹配；不认证全行纯电。完整标志false时未命中未知，不得称零命中；旧工况仅原代码，不映射。
FZ6470BEVC10A,False,False,True,0,0,4,4,old_observed,[],"[""CATC""]","[""2024-01""]",[],[],[],False,False,False,指定公开energyType8/fuelType8筛选视图的已取得页精确匹配；不认证全行纯电。完整标志false时未命中未知，不得称零命中；旧工况仅原代码，不映射。
FZ6480BEV13,False,False,True,0,0,4,4,old_observed,[],"[""CATC""]","[""2023-07"", ""2024-04""]",[],[],[],False,False,False,指定公开energyType8/fuelType8筛选视图的已取得页精确匹配；不认证全行纯电。完整标志false时未命中未知，不得称零命中；旧工况仅原代码，不映射。
FZ6480BEV17,False,False,True,0,0,4,4,old_observed,[],"[""CATC""]","[""2023-07"", ""2024-04""]",[],[],[],False,False,False,指定公开energyType8/fuelType8筛选视图的已取得页精确匹配；不认证全行纯电。完整标志false时未命中未知，不得称零命中；旧工况仅原代码，不映射。
FZ7000BEV11,False,False,True,0,0,2,2,old_observed,[],"[""CATC""]","[""2023-07""]",[],[],[],False,False,False,指定公开energyType8/fuelType8筛选视图的已取得页精确匹配；不认证全行纯电。完整标志false时未命中未知，不得称零命中；旧工况仅原代码，不映射。
FZ7000BEV13,False,False,True,0,0,2,2,old_observed,[],"[""CATC""]","[""2023-07""]",[],[],[],False,False,False,指定公开energyType8/fuelType8筛选视图的已取得页精确匹配；不认证全行纯电。完整标志false时未命中未知，不得称零命中；旧工况仅原代码，不映射。
FZ7000BEV14,False,False,True,0,0,1,1,old_observed,[],"[""CATC""]","[""2023-07""]",[],[],[],False,False,False,指定公开energyType8/fuelType8筛选视图的已取得页精确匹配；不认证全行纯电。完整标志false时未命中未知，不得称零命中；旧工况仅原代码，不映射。
FZ7000BEVC01A,False,False,True,0,0,2,2,old_observed,[],"[""CATC""]","[""2023-07""]",[],[],[],False,False,False,指定公开energyType8/fuelType8筛选视图的已取得页精确匹配；不认证全行纯电。完整标志false时未命中未知，不得称零命中；旧工况仅原代码，不映射。
FZ7000BEVC01D,False,False,True,0,0,4,4,old_observed,[],"[""CATC""]","[""2023-07"", ""2024-04""]",[],[],[],False,False,False,指定公开energyType8/fuelType8筛选视图的已取得页精确匹配；不认证全行纯电。完整标志false时未命中未知，不得称零命中；旧工况仅原代码，不映射。
FZ7000BEVC01F,False,False,True,0,0,4,4,old_observed,[],"[""CATC""]","[""2023-07"", ""2024-04""]",[],[],[],False,False,False,指定公开energyType8/fuelType8筛选视图的已取得页精确匹配；不认证全行纯电。完整标志false时未命中未知，不得称零命中；旧工况仅原代码，不映射。
GAM6490BEVH0G,False,False,True,0,0,0,0,no_match_in_pages_observed,[],[],[],[],[],[],False,False,False,指定公开energyType8/fuelType8筛选视图的已取得页精确匹配；不认证全行纯电。完整标志false时未命中未知，不得称零命中；旧工况仅原代码，不映射。
GTM6470BFBEV,False,False,True,0,0,2,2,old_observed,[],"[""CATC""]","[""2023-07""]",[],[],[],False,False,False,指定公开energyType8/fuelType8筛选视图的已取得页精确匹配；不认证全行纯电。完整标志false时未命中未知，不得称零命中；旧工况仅原代码，不映射。
GTM6470BFEBEV,False,False,True,0,0,2,2,old_observed,[],"[""CATC""]","[""2023-07""]",[],[],[],False,False,False,指定公开energyType8/fuelType8筛选视图的已取得页精确匹配；不认证全行纯电。完整标志false时未命中未知，不得称零命中；旧工况仅原代码，不映射。
GTM6470BWBEV,False,False,True,0,0,2,2,old_observed,[],"[""CATC""]","[""2023-07""]",[],[],[],False,False,False,指定公开energyType8/fuelType8筛选视图的已取得页精确匹配；不认证全行纯电。完整标志false时未命中未知，不得称零命中；旧工况仅原代码，不映射。
HFC6483EC1SEV1-W,False,False,True,0,0,15,15,old_observed,[],"[""CATC""]","[""2023-06"", ""2023-09"", ""2023-12"", ""2024-01""]",[],[],[],False,False,False,指定公开energyType8/fuelType8筛选视图的已取得页精确匹配；不认证全行纯电。完整标志false时未命中未知，不得称零命中；旧工况仅原代码，不映射。
HFC6493EC1SEV1-W,False,False,True,0,0,15,15,old_observed,[],"[""CATC""]","[""2023-06"", ""2023-09"", ""2023-12"", ""2024-01""]",[],[],[],False,False,False,指定公开energyType8/fuelType8筛选视图的已取得页精确匹配；不认证全行纯电。完整标志false时未命中未知，不得称零命中；旧工况仅原代码，不映射。
HFC6494ECSEV1-W,False,False,True,0,0,10,10,old_observed,[],"[""CATC""]","[""2023-06"", ""2023-12"", ""2024-01""]",[],[],[],False,False,False,指定公开energyType8/fuelType8筛选视图的已取得页精确匹配；不认证全行纯电。完整标志false时未命中未知，不得称零命中；旧工况仅原代码，不映射。
HFC6494ECSEV2-W,False,False,True,0,0,14,14,old_observed,[],"[""CATC""]","[""2023-06"", ""2023-09"", ""2023-12"", ""2024-01""]",[],[],[],False,False,False,指定公开energyType8/fuelType8筛选视图的已取得页精确匹配；不认证全行纯电。完整标志false时未命中未知，不得称零命中；旧工况仅原代码，不映射。
HFC6512ECSEV1-W,False,False,True,0,0,10,10,old_observed,[],"[""CATC""]","[""2023-06"", ""2023-12"", ""2024-01""]",[],[],[],False,False,False,指定公开energyType8/fuelType8筛选视图的已取得页精确匹配；不认证全行纯电。完整标志false时未命中未知，不得称零命中；旧工况仅原代码，不映射。
HFC7002CSEV1-W,False,False,True,0,0,29,29,old_observed,[],"[""CATC""]","[""2023-06"", ""2023-07"", ""2023-09"", ""2024-01""]",[],[],[],False,False,False,指定公开energyType8/fuelType8筛选视图的已取得页精确匹配；不认证全行纯电。完整标志false时未命中未知，不得称零命中；旧工况仅原代码，不映射。
HFC7003CSEV1-W,False,False,True,0,0,13,13,old_observed,[],"[""CATC""]","[""2023-06"", ""2023-12"", ""2024-01""]",[],[],[],False,False,False,指定公开energyType8/fuelType8筛选视图的已取得页精确匹配；不认证全行纯电。完整标志false时未命中未知，不得称零命中；旧工况仅原代码，不映射。
HFC7004CSEV1-W,False,False,True,0,0,21,21,old_observed,[],"[""CATC""]","[""2023-06"", ""2023-10"", ""2023-12"", ""2024-01""]",[],[],[],False,False,False,指定公开energyType8/fuelType8筛选视图的已取得页精确匹配；不认证全行纯电。完整标志false时未命中未知，不得称零命中；旧工况仅原代码，不映射。
HRQ6351BEV,False,False,True,0,0,0,0,no_match_in_pages_observed,[],[],[],[],[],[],False,False,False,指定公开energyType8/fuelType8筛选视图的已取得页精确匹配；不认证全行纯电。完整标志false时未命中未知，不得称零命中；旧工况仅原代码，不映射。
HRQ6352BEV,False,False,True,0,0,0,0,no_match_in_pages_observed,[],[],[],[],[],[],False,False,False,指定公开energyType8/fuelType8筛选视图的已取得页精确匹配；不认证全行纯电。完整标志false时未命中未知，不得称零命中；旧工况仅原代码，不映射。
HXK7000BEVA14,False,False,True,0,0,2,2,old_observed,[],"[""CATC""]","[""2023-07""]",[],[],[],False,False,False,指定公开energyType8/fuelType8筛选视图的已取得页精确匹配；不认证全行纯电。完整标志false时未命中未知，不得称零命中；旧工况仅原代码，不映射。
JKC6450A0X0BEV,False,False,True,0,0,2,2,old_observed,[],"[""CATC""]","[""2023-06""]",[],[],[],False,False,False,指定公开energyType8/fuelType8筛选视图的已取得页精确匹配；不认证全行纯电。完整标志false时未命中未知，不得称零命中；旧工况仅原代码，不映射。
JL7001SEV03,False,False,True,0,0,16,16,old_observed,[],"[""CATC""]","[""2023-06"", ""2024-04""]",[],[],[],False,False,False,指定公开energyType8/fuelType8筛选视图的已取得页精确匹配；不认证全行纯电。完整标志false时未命中未知，不得称零命中；旧工况仅原代码，不映射。
JNJ7000EVM1,False,False,True,0,0,0,0,no_match_in_pages_observed,[],[],[],[],[],[],False,False,False,指定公开energyType8/fuelType8筛选视图的已取得页精确匹配；不认证全行纯电。完整标志false时未命中未知，不得称零命中；旧工况仅原代码，不映射。
JWT6470SEV04,False,False,True,0,0,12,12,old_observed,[],"[""CATC""]","[""2023-07""]",[],[],[],False,False,False,指定公开energyType8/fuelType8筛选视图的已取得页精确匹配；不认证全行纯电。完整标志false时未命中未知，不得称零命中；旧工况仅原代码，不映射。
JWT7001SEV01,False,False,True,0,0,8,8,old_observed,[],"[""CATC""]","[""2023-07"", ""2023-09""]",[],[],[],False,False,False,指定公开energyType8/fuelType8筛选视图的已取得页精确匹配；不认证全行纯电。完整标志false时未命中未知，不得称零命中；旧工况仅原代码，不映射。
JX6480EUABEV,False,False,True,0,0,1,1,old_observed,[],"[""CATC""]","[""2024-04""]",[],[],[],False,False,False,指定公开energyType8/fuelType8筛选视图的已取得页精确匹配；不认证全行纯电。完整标志false时未命中未知，不得称零命中；旧工况仅原代码，不映射。
JX6482UBEV,False,False,True,0,0,0,0,no_match_in_pages_observed,[],[],[],[],[],[],False,False,False,指定公开energyType8/fuelType8筛选视图的已取得页精确匹配；不认证全行纯电。完整标志false时未命中未知，不得称零命中；旧工况仅原代码，不映射。
JX6526TA-L6BEV,False,False,True,0,0,2,2,old_observed,[],"[""CATC""]","[""2023-09"", ""2024-05""]",[],[],[],False,False,False,指定公开energyType8/fuelType8筛选视图的已取得页精确匹配；不认证全行纯电。完整标志false时未命中未知，不得称零命中；旧工况仅原代码，不映射。
JX6550T-M5BEV,False,False,True,0,0,2,2,old_observed,[],"[""CATC""]","[""2023-06""]",[],[],[],False,False,False,指定公开energyType8/fuelType8筛选视图的已取得页精确匹配；不认证全行纯电。完整标志false时未命中未知，不得称零命中；旧工况仅原代码，不映射。
LF6461SEV01,False,False,True,0,0,10,10,old_observed,[],"[""CATC""]","[""2023-09"", ""2023-12""]",[],[],[],False,False,False,指定公开energyType8/fuelType8筛选视图的已取得页精确匹配；不认证全行纯电。完整标志false时未命中未知，不得称零命中；旧工况仅原代码，不映射。
LF6462SEV01,False,False,True,0,0,2,2,old_observed,[],"[""CATC""]","[""2023-12""]",[],[],[],False,False,False,指定公开energyType8/fuelType8筛选视图的已取得页精确匹配；不认证全行纯电。完整标志false时未命中未知，不得称零命中；旧工况仅原代码，不映射。
LF6470SEV01,False,False,True,0,0,8,8,old_observed,[],"[""CATC""]","[""2023-07"", ""2023-10""]",[],[],[],False,False,False,指定公开energyType8/fuelType8筛选视图的已取得页精确匹配；不认证全行纯电。完整标志false时未命中未知，不得称零命中；旧工况仅原代码，不映射。
LF6470SEV02,False,False,True,0,0,12,12,old_observed,[],"[""CATC""]","[""2023-07"", ""2023-10""]",[],[],[],False,False,False,指定公开energyType8/fuelType8筛选视图的已取得页精确匹配；不认证全行纯电。完整标志false时未命中未知，不得称零命中；旧工况仅原代码，不映射。
LF6480SEV01,False,False,True,0,0,32,32,old_observed,[],"[""CATC""]","[""2023-07"", ""2024-04""]",[],[],[],False,False,False,指定公开energyType8/fuelType8筛选视图的已取得页精确匹配；不认证全行纯电。完整标志false时未命中未知，不得称零命中；旧工况仅原代码，不映射。
LZ6510NEB0EV,False,False,True,0,0,3,3,old_observed,[],"[""CATC""]","[""2023-07""]",[],[],[],False,False,False,指定公开energyType8/fuelType8筛选视图的已取得页精确匹配；不认证全行纯电。完整标志false时未命中未知，不得称零命中；旧工况仅原代码，不映射。
LZ6510NPD0EV,False,False,True,0,0,8,8,old_observed,[],"[""CATC""]","[""2023-07""]",[],[],[],False,False,False,指定公开energyType8/fuelType8筛选视图的已取得页精确匹配；不认证全行纯电。完整标志false时未命中未知，不得称零命中；旧工况仅原代码，不映射。
LZW7004EVPKAMB,False,False,True,0,0,1,1,old_observed,[],"[""CATC""]","[""2023-07""]",[],[],[],False,False,False,指定公开energyType8/fuelType8筛选视图的已取得页精确匹配；不认证全行纯电。完整标志false时未命中未知，不得称零命中；旧工况仅原代码，不映射。
LZW7005EVA5DBKA,False,False,True,0,0,1,1,old_observed,[],"[""CATC""]","[""2023-07""]",[],[],[],False,False,False,指定公开energyType8/fuelType8筛选视图的已取得页精确匹配；不认证全行纯电。完整标志false时未命中未知，不得称零命中；旧工况仅原代码，不映射。
LZW7005EVA5EBK,False,False,True,0,0,1,1,old_observed,[],"[""CATC""]","[""2023-07""]",[],[],[],False,False,False,指定公开energyType8/fuelType8筛选视图的已取得页精确匹配；不认证全行纯电。完整标志false时未命中未知，不得称零命中；旧工况仅原代码，不映射。
LZW7005EVA5KBJA,False,False,True,0,0,1,1,old_observed,[],"[""CATC""]","[""2023-07""]",[],[],[],False,False,False,指定公开energyType8/fuelType8筛选视图的已取得页精确匹配；不认证全行纯电。完整标志false时未命中未知，不得称零命中；旧工况仅原代码，不映射。
LZW7005EVC1DBKA,False,False,True,0,0,1,1,old_observed,[],"[""CATC""]","[""2023-07""]",[],[],[],False,False,False,指定公开energyType8/fuelType8筛选视图的已取得页精确匹配；不认证全行纯电。完整标志false时未命中未知，不得称零命中；旧工况仅原代码，不映射。
LZW7005EVC1EBJ,False,False,True,0,0,1,1,old_observed,[],"[""CATC""]","[""2023-07""]",[],[],[],False,False,False,指定公开energyType8/fuelType8筛选视图的已取得页精确匹配；不认证全行纯电。完整标志false时未命中未知，不得称零命中；旧工况仅原代码，不映射。
LZW7005EVC1HBKA,False,False,True,0,0,1,1,old_observed,[],"[""CATC""]","[""2023-07""]",[],[],[],False,False,False,指定公开energyType8/fuelType8筛选视图的已取得页精确匹配；不认证全行纯电。完整标志false时未命中未知，不得称零命中；旧工况仅原代码，不映射。
LZW7005EVC2CBM,False,False,True,0,0,1,1,old_observed,[],"[""CATC""]","[""2023-07""]",[],[],[],False,False,False,指定公开energyType8/fuelType8筛选视图的已取得页精确匹配；不认证全行纯电。完整标志false时未命中未知，不得称零命中；旧工况仅原代码，不映射。
NHQ6480BEVFA,False,False,True,0,0,2,2,old_observed,[],"[""CATC""]","[""2023-06""]",[],[],[],False,False,False,指定公开energyType8/fuelType8筛选视图的已取得页精确匹配；不认证全行纯电。完整标志false时未命中未知，不得称零命中；旧工况仅原代码，不映射。
NHQ7000BEVDH,False,False,True,0,0,8,8,old_observed,[],"[""CATC"", ""NEDC""]","[""2023-06"", ""2023-07""]",[],[],[],False,False,False,指定公开energyType8/fuelType8筛选视图的已取得页精确匹配；不认证全行纯电。完整标志false时未命中未知，不得称零命中；旧工况仅原代码，不映射。
SC6443PABBEV,False,False,True,0,0,0,0,no_match_in_pages_observed,[],[],[],[],[],[],False,False,False,指定公开energyType8/fuelType8筛选视图的已取得页精确匹配；不认证全行纯电。完整标志false时未命中未知，不得称零命中；旧工况仅原代码，不映射。
SC6471EACBEV,False,False,True,0,0,6,6,old_observed,[],"[""CATC""]","[""2023-06""]",[],[],[],False,False,False,指定公开energyType8/fuelType8筛选视图的已取得页精确匹配；不认证全行纯电。完整标志false时未命中未知，不得称零命中；旧工况仅原代码，不映射。
SC6480PQ6B1BEV,False,False,True,0,0,5,5,old_observed,[],"[""CATC""]","[""2023-10"", ""2024-05""]",[],[],[],False,False,False,指定公开energyType8/fuelType8筛选视图的已取得页精确匹配；不认证全行纯电。完整标志false时未命中未知，不得称零命中；旧工况仅原代码，不映射。
SC7001FAMBEV,False,False,True,0,0,5,5,old_observed,[],"[""CATC""]","[""2023-06""]",[],[],[],False,False,False,指定公开energyType8/fuelType8筛选视图的已取得页精确匹配；不认证全行纯电。完整标志false时未命中未知，不得称零命中；旧工况仅原代码，不映射。
SH6491N1SEV-9,False,False,True,0,0,3,3,old_observed,[],"[""CATC""]","[""2023-06""]",[],[],[],False,False,False,指定公开energyType8/fuelType8筛选视图的已取得页精确匹配；不认证全行纯电。完整标志false时未命中未知，不得称零命中；旧工况仅原代码，不映射。
SH6531T1SEV-9,False,False,True,0,0,3,3,old_observed,[],"[""CATC""]","[""2023-06""]",[],[],[],False,False,False,指定公开energyType8/fuelType8筛选视图的已取得页精确匹配；不认证全行纯电。完整标志false时未命中未知，不得称零命中；旧工况仅原代码，不映射。
THZ7000BEVS11M,False,False,True,0,0,1,1,old_observed,[],"[""CATC""]","[""2023-07""]",[],[],[],False,False,False,指定公开energyType8/fuelType8筛选视图的已取得页精确匹配；不认证全行纯电。完整标志false时未命中未知，不得称零命中；旧工况仅原代码，不映射。
THZ7000BEVS11S,False,False,True,0,0,1,1,old_observed,[],"[""CATC""]","[""2023-07""]",[],[],[],False,False,False,指定公开energyType8/fuelType8筛选视图的已取得页精确匹配；不认证全行纯电。完整标志false时未命中未知，不得称零命中；旧工况仅原代码，不映射。
THZ7000BEVS11T,False,False,True,0,0,1,1,old_observed,[],"[""CATC""]","[""2023-07""]",[],[],[],False,False,False,指定公开energyType8/fuelType8筛选视图的已取得页精确匹配；不认证全行纯电。完整标志false时未命中未知，不得称零命中；旧工况仅原代码，不映射。
THZ7000BEVS362,False,False,True,0,0,1,1,old_observed,[],"[""CATC""]","[""2023-07""]",[],[],[],False,False,False,指定公开energyType8/fuelType8筛选视图的已取得页精确匹配；不认证全行纯电。完整标志false时未命中未知，不得称零命中；旧工况仅原代码，不映射。
THZ7000BEVS363,False,False,True,0,0,4,4,old_observed,[],"[""CATC""]","[""2023-07"", ""2023-10"", ""2024-02""]",[],[],[],False,False,False,指定公开energyType8/fuelType8筛选视图的已取得页精确匹配；不认证全行纯电。完整标志false时未命中未知，不得称零命中；旧工况仅原代码，不映射。
TV6470BEVFFE,False,False,True,0,0,2,2,old_observed,[],"[""CATC""]","[""2023-07""]",[],[],[],False,False,False,指定公开energyType8/fuelType8筛选视图的已取得页精确匹配；不认证全行纯电。完整标志false时未命中未知，不得称零命中；旧工况仅原代码，不映射。
WHJ7000BEVHH111,False,False,True,0,0,2,2,old_observed,[],"[""CATC""]","[""2023-12""]",[],[],[],False,False,False,指定公开energyType8/fuelType8筛选视图的已取得页精确匹配；不认证全行纯电。完整标志false时未命中未知，不得称零命中；旧工况仅原代码，不映射。
XEBM15L-AWDCSC2,False,False,True,0,0,2,2,old_observed,[],"[""CATC""]","[""2023-02""]",[],[],[],False,False,False,指定公开energyType8/fuelType8筛选视图的已取得页精确匹配；不认证全行纯电。完整标志false时未命中未知，不得称零命中；旧工况仅原代码，不映射。
YGM7000BEVBD1,False,False,True,0,0,2,2,old_observed,[],"[""CATC""]","[""2023-10""]",[],[],[],False,False,False,指定公开energyType8/fuelType8筛选视图的已取得页精确匹配；不认证全行纯电。完整标志false时未命中未知，不得称零命中；旧工况仅原代码，不映射。
YGM7009BEVBA3,False,False,True,0,0,1,1,old_observed,[],"[""CATC""]","[""2023-12""]",[],[],[],False,False,False,指定公开energyType8/fuelType8筛选视图的已取得页精确匹配；不认证全行纯电。完整标志false时未命中未知，不得称零命中；旧工况仅原代码，不映射。
YQZ6460BEV,False,False,True,0,0,1,1,old_observed,[],"[""CATC""]","[""2023-10""]",[],[],[],False,False,False,指定公开energyType8/fuelType8筛选视图的已取得页精确匹配；不认证全行纯电。完整标志false时未命中未知，不得称零命中；旧工况仅原代码，不映射。
YQZ7005BEV,False,False,True,0,0,2,2,old_observed,[],"[""NEDC""]","[""2021-12""]",[],[],[],False,False,False,指定公开energyType8/fuelType8筛选视图的已取得页精确匹配；不认证全行纯电。完整标志false时未命中未知，不得称零命中；旧工况仅原代码，不映射。
