model_key,observed_reapplication_events,reapplication_event_ids,first_reapplication_observed_date_lower,first_reapplication_observed_date_upper,manufacture_condition_verified_source_sha256,individual_vehicle_manufacture_dates_available,individual_vehicle_eligibility_certified,needed_vehicle_identifier,needed_manufacture_date,needed_relisted_configuration_evidence,needed_purchase_date,needed_checked_tax_relief_flag,needed_vehicle_to_configuration_link,collection_grain
BAW6521MAJ1BEV,1,evt-0d64adf2e4cbee14,2024-05-20,2024-05-20,8017fdbcfa01dc3f5d2bd65fe4a06f5212edd78d39fee33fd47f6a2823eedcf7,0,0,VIN或项目内稳定车辆匿名键,整车出厂合格证/进口车辆电子信息单的制造日期,实际重新列入日期及整改配置对应原件,销售统一发票/有效凭证开具日期,工业和信息化部校验后的减免税标识,车辆电子信息与整改配置的可核查对应关系,model-level collection checklist; no VIN/date/vehicle eligibility invented
BAW6521MAJBEV,1,evt-8da54b99c2b22d2e,2024-05-31,2024-05-31,8017fdbcfa01dc3f5d2bd65fe4a06f5212edd78d39fee33fd47f6a2823eedcf7,0,0,VIN或项目内稳定车辆匿名键,整车出厂合格证/进口车辆电子信息单的制造日期,实际重新列入日期及整改配置对应原件,销售统一发票/有效凭证开具日期,工业和信息化部校验后的减免税标识,车辆电子信息与整改配置的可核查对应关系,model-level collection checklist; no VIN/date/vehicle eligibility invented
BH7000BEVDBA,1,evt-607883731417f2aa,2024-04-15,2024-04-15,8017fdbcfa01dc3f5d2bd65fe4a06f5212edd78d39fee33fd47f6a2823eedcf7,0,0,VIN或项目内稳定车辆匿名键,整车出厂合格证/进口车辆电子信息单的制造日期,实际重新列入日期及整改配置对应原件,销售统一发票/有效凭证开具日期,工业和信息化部校验后的减免税标识,车辆电子信息与整改配置的可核查对应关系,model-level collection checklist; no VIN/date/vehicle eligibility invented
BJ6552EVAA,1,evt-bf6033b4922cd979,2024-03-11,2024-03-11,8017fdbcfa01dc3f5d2bd65fe4a06f5212edd78d39fee33fd47f6a2823eedcf7,0,0,VIN或项目内稳定车辆匿名键,整车出厂合格证/进口车辆电子信息单的制造日期,实际重新列入日期及整改配置对应原件,销售统一发票/有效凭证开具日期,工业和信息化部校验后的减免税标识,车辆电子信息与整改配置的可核查对应关系,model-level collection checklist; no VIN/date/vehicle eligibility invented
BJ6552EVAA1,1,evt-035d03daf31b8141,2024-05-20,2024-05-20,8017fdbcfa01dc3f5d2bd65fe4a06f5212edd78d39fee33fd47f6a2823eedcf7,0,0,VIN或项目内稳定车辆匿名键,整车出厂合格证/进口车辆电子信息单的制造日期,实际重新列入日期及整改配置对应原件,销售统一发票/有效凭证开具日期,工业和信息化部校验后的减免税标识,车辆电子信息与整改配置的可核查对应关系,model-level collection checklist; no VIN/date/vehicle eligibility invented
BJ7000C5DEK-BEV,1,evt-c98bcc9879e7cfda,2024-05-31,2024-05-31,8017fdbcfa01dc3f5d2bd65fe4a06f5212edd78d39fee33fd47f6a2823eedcf7,0,0,VIN或项目内稳定车辆匿名键,整车出厂合格证/进口车辆电子信息单的制造日期,实际重新列入日期及整改配置对应原件,销售统一发票/有效凭证开具日期,工业和信息化部校验后的减免税标识,车辆电子信息与整改配置的可核查对应关系,model-level collection checklist; no VIN/date/vehicle eligibility invented
CA6467BSEVA,1,evt-aceb44a27ec455e7,2024-05-31,2024-05-31,8017fdbcfa01dc3f5d2bd65fe4a06f5212edd78d39fee33fd47f6a2823eedcf7,0,0,VIN或项目内稳定车辆匿名键,整车出厂合格证/进口车辆电子信息单的制造日期,实际重新列入日期及整改配置对应原件,销售统一发票/有效凭证开具日期,工业和信息化部校验后的减免税标识,车辆电子信息与整改配置的可核查对应关系,model-level collection checklist; no VIN/date/vehicle eligibility invented
CA6520H0EVXK,1,evt-28e1c84611957f45,2024-05-20,2024-05-20,8017fdbcfa01dc3f5d2bd65fe4a06f5212edd78d39fee33fd47f6a2823eedcf7,0,0,VIN或项目内稳定车辆匿名键,整车出厂合格证/进口车辆电子信息单的制造日期,实际重新列入日期及整改配置对应原件,销售统一发票/有效凭证开具日期,工业和信息化部校验后的减免税标识,车辆电子信息与整改配置的可核查对应关系,model-level collection checklist; no VIN/date/vehicle eligibility invented
CA6520H0EVXM,1,evt-974fffd28eeab63d,2024-05-20,2024-05-20,8017fdbcfa01dc3f5d2bd65fe4a06f5212edd78d39fee33fd47f6a2823eedcf7,0,0,VIN或项目内稳定车辆匿名键,整车出厂合格证/进口车辆电子信息单的制造日期,实际重新列入日期及整改配置对应原件,销售统一发票/有效凭证开具日期,工业和信息化部校验后的减免税标识,车辆电子信息与整改配置的可核查对应关系,model-level collection checklist; no VIN/date/vehicle eligibility invented
CA6520H0EVXN,1,evt-e5f760ca07331624,2024-05-20,2024-05-20,8017fdbcfa01dc3f5d2bd65fe4a06f5212edd78d39fee33fd47f6a2823eedcf7,0,0,VIN或项目内稳定车辆匿名键,整车出厂合格证/进口车辆电子信息单的制造日期,实际重新列入日期及整改配置对应原件,销售统一发票/有效凭证开具日期,工业和信息化部校验后的减免税标识,车辆电子信息与整改配置的可核查对应关系,model-level collection checklist; no VIN/date/vehicle eligibility invented
CA7000H0EVB,1,evt-ebaa34945263ee80,2024-04-15,2024-04-15,8017fdbcfa01dc3f5d2bd65fe4a06f5212edd78d39fee33fd47f6a2823eedcf7,0,0,VIN或项目内稳定车辆匿名键,整车出厂合格证/进口车辆电子信息单的制造日期,实际重新列入日期及整改配置对应原件,销售统一发票/有效凭证开具日期,工业和信息化部校验后的减免税标识,车辆电子信息与整改配置的可核查对应关系,model-level collection checklist; no VIN/date/vehicle eligibility invented
CA7000H0SEV,1,evt-bd0334d395453c94,2024-05-20,2024-05-20,8017fdbcfa01dc3f5d2bd65fe4a06f5212edd78d39fee33fd47f6a2823eedcf7,0,0,VIN或项目内稳定车辆匿名键,整车出厂合格证/进口车辆电子信息单的制造日期,实际重新列入日期及整改配置对应原件,销售统一发票/有效凭证开具日期,工业和信息化部校验后的减免税标识,车辆电子信息与整改配置的可核查对应关系,model-level collection checklist; no VIN/date/vehicle eligibility invented
CA7000H0SEVA,1,evt-0b54a54f389d5f1f,2024-05-20,2024-05-20,8017fdbcfa01dc3f5d2bd65fe4a06f5212edd78d39fee33fd47f6a2823eedcf7,0,0,VIN或项目内稳定车辆匿名键,整车出厂合格证/进口车辆电子信息单的制造日期,实际重新列入日期及整改配置对应原件,销售统一发票/有效凭证开具日期,工业和信息化部校验后的减免税标识,车辆电子信息与整改配置的可核查对应关系,model-level collection checklist; no VIN/date/vehicle eligibility invented
CA7007BEVA,1,evt-e0c620d9f2261904,2024-05-31,2024-05-31,8017fdbcfa01dc3f5d2bd65fe4a06f5212edd78d39fee33fd47f6a2823eedcf7,0,0,VIN或项目内稳定车辆匿名键,整车出厂合格证/进口车辆电子信息单的制造日期,实际重新列入日期及整改配置对应原件,销售统一发票/有效凭证开具日期,工业和信息化部校验后的减免税标识,车辆电子信息与整改配置的可核查对应关系,model-level collection checklist; no VIN/date/vehicle eligibility invented
CA7007BEVH,1,evt-019bb50e3f8db014,2024-05-31,2024-05-31,8017fdbcfa01dc3f5d2bd65fe4a06f5212edd78d39fee33fd47f6a2823eedcf7,0,0,VIN或项目内稳定车辆匿名键,整车出厂合格证/进口车辆电子信息单的制造日期,实际重新列入日期及整改配置对应原件,销售统一发票/有效凭证开具日期,工业和信息化部校验后的减免税标识,车辆电子信息与整改配置的可核查对应关系,model-level collection checklist; no VIN/date/vehicle eligibility invented
CA7007BSEVC,1,evt-534dd897163df947,2024-05-31,2024-05-31,8017fdbcfa01dc3f5d2bd65fe4a06f5212edd78d39fee33fd47f6a2823eedcf7,0,0,VIN或项目内稳定车辆匿名键,整车出厂合格证/进口车辆电子信息单的制造日期,实际重新列入日期及整改配置对应原件,销售统一发票/有效凭证开具日期,工业和信息化部校验后的减免税标识,车辆电子信息与整改配置的可核查对应关系,model-level collection checklist; no VIN/date/vehicle eligibility invented
CSA6493YSEV1,1,evt-b58a69147a334406,2024-04-15,2024-04-15,8017fdbcfa01dc3f5d2bd65fe4a06f5212edd78d39fee33fd47f6a2823eedcf7,0,0,VIN或项目内稳定车辆匿名键,整车出厂合格证/进口车辆电子信息单的制造日期,实际重新列入日期及整改配置对应原件,销售统一发票/有效凭证开具日期,工业和信息化部校验后的减免税标识,车辆电子信息与整改配置的可核查对应关系,model-level collection checklist; no VIN/date/vehicle eligibility invented
CSA6493YSEV2,1,evt-b9c02d9ed73ee56f,2024-04-15,2024-04-15,8017fdbcfa01dc3f5d2bd65fe4a06f5212edd78d39fee33fd47f6a2823eedcf7,0,0,VIN或项目内稳定车辆匿名键,整车出厂合格证/进口车辆电子信息单的制造日期,实际重新列入日期及整改配置对应原件,销售统一发票/有效凭证开具日期,工业和信息化部校验后的减免税标识,车辆电子信息与整改配置的可核查对应关系,model-level collection checklist; no VIN/date/vehicle eligibility invented
CSA7002FSEV1,1,evt-513394b35f9cdfc5,2024-04-15,2024-04-15,8017fdbcfa01dc3f5d2bd65fe4a06f5212edd78d39fee33fd47f6a2823eedcf7,0,0,VIN或项目内稳定车辆匿名键,整车出厂合格证/进口车辆电子信息单的制造日期,实际重新列入日期及整改配置对应原件,销售统一发票/有效凭证开具日期,工业和信息化部校验后的减免税标识,车辆电子信息与整改配置的可核查对应关系,model-level collection checklist; no VIN/date/vehicle eligibility invented
CSA7005DSEV1,1,evt-47b0a9f2c6f1960a,2024-04-15,2024-04-15,8017fdbcfa01dc3f5d2bd65fe4a06f5212edd78d39fee33fd47f6a2823eedcf7,0,0,VIN或项目内稳定车辆匿名键,整车出厂合格证/进口车辆电子信息单的制造日期,实际重新列入日期及整改配置对应原件,销售统一发票/有效凭证开具日期,工业和信息化部校验后的减免税标识,车辆电子信息与整改配置的可核查对应关系,model-level collection checklist; no VIN/date/vehicle eligibility invented
CSA7005DSEV2,1,evt-4e4b6fcd89c787bc,2024-04-15,2024-04-15,8017fdbcfa01dc3f5d2bd65fe4a06f5212edd78d39fee33fd47f6a2823eedcf7,0,0,VIN或项目内稳定车辆匿名键,整车出厂合格证/进口车辆电子信息单的制造日期,实际重新列入日期及整改配置对应原件,销售统一发票/有效凭证开具日期,工业和信息化部校验后的减免税标识,车辆电子信息与整改配置的可核查对应关系,model-level collection checklist; no VIN/date/vehicle eligibility invented
CSA7005DSEV3,1,evt-13e4b92f6924628e,2024-04-15,2024-04-15,8017fdbcfa01dc3f5d2bd65fe4a06f5212edd78d39fee33fd47f6a2823eedcf7,0,0,VIN或项目内稳定车辆匿名键,整车出厂合格证/进口车辆电子信息单的制造日期,实际重新列入日期及整改配置对应原件,销售统一发票/有效凭证开具日期,工业和信息化部校验后的减免税标识,车辆电子信息与整改配置的可核查对应关系,model-level collection checklist; no VIN/date/vehicle eligibility invented
CSA7005DSEV4,1,evt-33fae6ebb8420e3c,2024-04-15,2024-04-15,8017fdbcfa01dc3f5d2bd65fe4a06f5212edd78d39fee33fd47f6a2823eedcf7,0,0,VIN或项目内稳定车辆匿名键,整车出厂合格证/进口车辆电子信息单的制造日期,实际重新列入日期及整改配置对应原件,销售统一发票/有效凭证开具日期,工业和信息化部校验后的减免税标识,车辆电子信息与整改配置的可核查对应关系,model-level collection checklist; no VIN/date/vehicle eligibility invented
CSA7005DSEV5,1,evt-654a86cc2fc09ac1,2024-04-15,2024-04-15,8017fdbcfa01dc3f5d2bd65fe4a06f5212edd78d39fee33fd47f6a2823eedcf7,0,0,VIN或项目内稳定车辆匿名键,整车出厂合格证/进口车辆电子信息单的制造日期,实际重新列入日期及整改配置对应原件,销售统一发票/有效凭证开具日期,工业和信息化部校验后的减免税标识,车辆电子信息与整改配置的可核查对应关系,model-level collection checklist; no VIN/date/vehicle eligibility invented
CVEV2WD,1,evt-7dde7d46d597ff78,2024-04-15,2024-04-15,8017fdbcfa01dc3f5d2bd65fe4a06f5212edd78d39fee33fd47f6a2823eedcf7,0,0,VIN或项目内稳定车辆匿名键,整车出厂合格证/进口车辆电子信息单的制造日期,实际重新列入日期及整改配置对应原件,销售统一发票/有效凭证开具日期,工业和信息化部校验后的减免税标识,车辆电子信息与整改配置的可核查对应关系,model-level collection checklist; no VIN/date/vehicle eligibility invented
DC7002XAAXBEVR,1,evt-156136df24f6f0d1,2024-05-20,2024-05-20,8017fdbcfa01dc3f5d2bd65fe4a06f5212edd78d39fee33fd47f6a2823eedcf7,0,0,VIN或项目内稳定车辆匿名键,整车出厂合格证/进口车辆电子信息单的制造日期,实际重新列入日期及整改配置对应原件,销售统一发票/有效凭证开具日期,工业和信息化部校验后的减免税标识,车辆电子信息与整改配置的可核查对应关系,model-level collection checklist; no VIN/date/vehicle eligibility invented
DC7006XAAXBEVM,1,evt-8cc40bc41e8a98a3,2024-05-20,2024-05-20,8017fdbcfa01dc3f5d2bd65fe4a06f5212edd78d39fee33fd47f6a2823eedcf7,0,0,VIN或项目内稳定车辆匿名键,整车出厂合格证/进口车辆电子信息单的制造日期,实际重新列入日期及整改配置对应原件,销售统一发票/有效凭证开具日期,工业和信息化部校验后的减免税标识,车辆电子信息与整改配置的可核查对应关系,model-level collection checklist; no VIN/date/vehicle eligibility invented
DFL7000NA64SEV,1,evt-559babeb19807903,2024-05-20,2024-05-20,8017fdbcfa01dc3f5d2bd65fe4a06f5212edd78d39fee33fd47f6a2823eedcf7,0,0,VIN或项目内稳定车辆匿名键,整车出厂合格证/进口车辆电子信息单的制造日期,实际重新列入日期及整改配置对应原件,销售统一发票/有效凭证开具日期,工业和信息化部校验后的减免税标识,车辆电子信息与整改配置的可核查对应关系,model-level collection checklist; no VIN/date/vehicle eligibility invented
DFM7001G1F3BEV,1,evt-ec1c63aa7d691a83,2024-05-31,2024-05-31,8017fdbcfa01dc3f5d2bd65fe4a06f5212edd78d39fee33fd47f6a2823eedcf7,0,0,VIN或项目内稳定车辆匿名键,整车出厂合格证/进口车辆电子信息单的制造日期,实际重新列入日期及整改配置对应原件,销售统一发票/有效凭证开具日期,工业和信息化部校验后的减免税标识,车辆电子信息与整改配置的可核查对应关系,model-level collection checklist; no VIN/date/vehicle eligibility invented
DFM7002G1FBBEV,1,evt-5525999a51627e21,2024-05-20,2024-05-20,8017fdbcfa01dc3f5d2bd65fe4a06f5212edd78d39fee33fd47f6a2823eedcf7,0,0,VIN或项目内稳定车辆匿名键,整车出厂合格证/进口车辆电子信息单的制造日期,实际重新列入日期及整改配置对应原件,销售统一发票/有效凭证开具日期,工业和信息化部校验后的减免税标识,车辆电子信息与整改配置的可核查对应关系,model-level collection checklist; no VIN/date/vehicle eligibility invented
DXK6460HF6BEV,1,evt-eeb384fb1664f5c3,2024-09-19,2024-09-19,8017fdbcfa01dc3f5d2bd65fe4a06f5212edd78d39fee33fd47f6a2823eedcf7,0,0,VIN或项目内稳定车辆匿名键,整车出厂合格证/进口车辆电子信息单的制造日期,实际重新列入日期及整改配置对应原件,销售统一发票/有效凭证开具日期,工业和信息化部校验后的减免税标识,车辆电子信息与整改配置的可核查对应关系,model-level collection checklist; no VIN/date/vehicle eligibility invented
EQ6491AL5F2BEV,1,evt-aec4874e03231b38,2024-04-15,2024-04-15,8017fdbcfa01dc3f5d2bd65fe4a06f5212edd78d39fee33fd47f6a2823eedcf7,0,0,VIN或项目内稳定车辆匿名键,整车出厂合格证/进口车辆电子信息单的制造日期,实际重新列入日期及整改配置对应原件,销售统一发票/有效凭证开具日期,工业和信息化部校验后的减免税标识,车辆电子信息与整改配置的可核查对应关系,model-level collection checklist; no VIN/date/vehicle eligibility invented
EQ6530AL5F2BEV,1,evt-ee130159ccee5d74,2024-03-11,2024-03-11,8017fdbcfa01dc3f5d2bd65fe4a06f5212edd78d39fee33fd47f6a2823eedcf7,0,0,VIN或项目内稳定车辆匿名键,整车出厂合格证/进口车辆电子信息单的制造日期,实际重新列入日期及整改配置对应原件,销售统一发票/有效凭证开具日期,工业和信息化部校验后的减免税标识,车辆电子信息与整改配置的可核查对应关系,model-level collection checklist; no VIN/date/vehicle eligibility invented
EQ6531AL5F2BEV,1,evt-b1cc11b16068d309,2024-03-11,2024-03-11,8017fdbcfa01dc3f5d2bd65fe4a06f5212edd78d39fee33fd47f6a2823eedcf7,0,0,VIN或项目内稳定车辆匿名键,整车出厂合格证/进口车辆电子信息单的制造日期,实际重新列入日期及整改配置对应原件,销售统一发票/有效凭证开具日期,工业和信息化部校验后的减免税标识,车辆电子信息与整改配置的可核查对应关系,model-level collection checklist; no VIN/date/vehicle eligibility invented
EQ7000AL1F2BEV,1,evt-0ea5215104c65d27,2024-05-20,2024-05-20,8017fdbcfa01dc3f5d2bd65fe4a06f5212edd78d39fee33fd47f6a2823eedcf7,0,0,VIN或项目内稳定车辆匿名键,整车出厂合格证/进口车辆电子信息单的制造日期,实际重新列入日期及整改配置对应原件,销售统一发票/有效凭证开具日期,工业和信息化部校验后的减免税标识,车辆电子信息与整改配置的可核查对应关系,model-level collection checklist; no VIN/date/vehicle eligibility invented
EQ7001AL1F2BEV,1,evt-7b2f5bf299e2733a,2024-04-15,2024-04-15,8017fdbcfa01dc3f5d2bd65fe4a06f5212edd78d39fee33fd47f6a2823eedcf7,0,0,VIN或项目内稳定车辆匿名键,整车出厂合格证/进口车辆电子信息单的制造日期,实际重新列入日期及整改配置对应原件,销售统一发票/有效凭证开具日期,工业和信息化部校验后的减免税标识,车辆电子信息与整改配置的可核查对应关系,model-level collection checklist; no VIN/date/vehicle eligibility invented
GAM6490BEVH0G,1,evt-48332dfd233267f8,2024-05-20,2024-05-20,8017fdbcfa01dc3f5d2bd65fe4a06f5212edd78d39fee33fd47f6a2823eedcf7,0,0,VIN或项目内稳定车辆匿名键,整车出厂合格证/进口车辆电子信息单的制造日期,实际重新列入日期及整改配置对应原件,销售统一发票/有效凭证开具日期,工业和信息化部校验后的减免税标识,车辆电子信息与整改配置的可核查对应关系,model-level collection checklist; no VIN/date/vehicle eligibility invented
GAM7000BEVE0E,1,evt-2b0ce45349fab7be,2024-05-20,2024-05-20,8017fdbcfa01dc3f5d2bd65fe4a06f5212edd78d39fee33fd47f6a2823eedcf7,0,0,VIN或项目内稳定车辆匿名键,整车出厂合格证/进口车辆电子信息单的制造日期,实际重新列入日期及整改配置对应原件,销售统一发票/有效凭证开具日期,工业和信息化部校验后的减免税标识,车辆电子信息与整改配置的可核查对应关系,model-level collection checklist; no VIN/date/vehicle eligibility invented
HFC6483EC1SEV1-W,1,evt-b502a7c63a5a001a,2024-04-15,2024-04-15,8017fdbcfa01dc3f5d2bd65fe4a06f5212edd78d39fee33fd47f6a2823eedcf7,0,0,VIN或项目内稳定车辆匿名键,整车出厂合格证/进口车辆电子信息单的制造日期,实际重新列入日期及整改配置对应原件,销售统一发票/有效凭证开具日期,工业和信息化部校验后的减免税标识,车辆电子信息与整改配置的可核查对应关系,model-level collection checklist; no VIN/date/vehicle eligibility invented
HFC6493EC1SEV1-W,1,evt-a8867f50cdda83ec,2024-04-15,2024-04-15,8017fdbcfa01dc3f5d2bd65fe4a06f5212edd78d39fee33fd47f6a2823eedcf7,0,0,VIN或项目内稳定车辆匿名键,整车出厂合格证/进口车辆电子信息单的制造日期,实际重新列入日期及整改配置对应原件,销售统一发票/有效凭证开具日期,工业和信息化部校验后的减免税标识,车辆电子信息与整改配置的可核查对应关系,model-level collection checklist; no VIN/date/vehicle eligibility invented
HFC6494ECSEV1-W,1,evt-8794f4cd9d86edbc,2024-04-15,2024-04-15,8017fdbcfa01dc3f5d2bd65fe4a06f5212edd78d39fee33fd47f6a2823eedcf7,0,0,VIN或项目内稳定车辆匿名键,整车出厂合格证/进口车辆电子信息单的制造日期,实际重新列入日期及整改配置对应原件,销售统一发票/有效凭证开具日期,工业和信息化部校验后的减免税标识,车辆电子信息与整改配置的可核查对应关系,model-level collection checklist; no VIN/date/vehicle eligibility invented
HFC6494ECSEV2-W,1,evt-3531e9d602d60ed2,2024-04-15,2024-04-15,8017fdbcfa01dc3f5d2bd65fe4a06f5212edd78d39fee33fd47f6a2823eedcf7,0,0,VIN或项目内稳定车辆匿名键,整车出厂合格证/进口车辆电子信息单的制造日期,实际重新列入日期及整改配置对应原件,销售统一发票/有效凭证开具日期,工业和信息化部校验后的减免税标识,车辆电子信息与整改配置的可核查对应关系,model-level collection checklist; no VIN/date/vehicle eligibility invented
HFC6512ECSEV1-W,1,evt-193f6eb965d592e5,2024-04-15,2024-04-15,8017fdbcfa01dc3f5d2bd65fe4a06f5212edd78d39fee33fd47f6a2823eedcf7,0,0,VIN或项目内稳定车辆匿名键,整车出厂合格证/进口车辆电子信息单的制造日期,实际重新列入日期及整改配置对应原件,销售统一发票/有效凭证开具日期,工业和信息化部校验后的减免税标识,车辆电子信息与整改配置的可核查对应关系,model-level collection checklist; no VIN/date/vehicle eligibility invented
HFC7002BSEV2,1,evt-cd89a73e7b42045a,2024-05-20,2024-05-20,8017fdbcfa01dc3f5d2bd65fe4a06f5212edd78d39fee33fd47f6a2823eedcf7,0,0,VIN或项目内稳定车辆匿名键,整车出厂合格证/进口车辆电子信息单的制造日期,实际重新列入日期及整改配置对应原件,销售统一发票/有效凭证开具日期,工业和信息化部校验后的减免税标识,车辆电子信息与整改配置的可核查对应关系,model-level collection checklist; no VIN/date/vehicle eligibility invented
HFC7002CSEV1-W,1,evt-35ad8acd5ff9175d,2024-04-15,2024-04-15,8017fdbcfa01dc3f5d2bd65fe4a06f5212edd78d39fee33fd47f6a2823eedcf7,0,0,VIN或项目内稳定车辆匿名键,整车出厂合格证/进口车辆电子信息单的制造日期,实际重新列入日期及整改配置对应原件,销售统一发票/有效凭证开具日期,工业和信息化部校验后的减免税标识,车辆电子信息与整改配置的可核查对应关系,model-level collection checklist; no VIN/date/vehicle eligibility invented
HFC7003CSEV1-W,1,evt-310a0ebfda17990a,2024-04-15,2024-04-15,8017fdbcfa01dc3f5d2bd65fe4a06f5212edd78d39fee33fd47f6a2823eedcf7,0,0,VIN或项目内稳定车辆匿名键,整车出厂合格证/进口车辆电子信息单的制造日期,实际重新列入日期及整改配置对应原件,销售统一发票/有效凭证开具日期,工业和信息化部校验后的减免税标识,车辆电子信息与整改配置的可核查对应关系,model-level collection checklist; no VIN/date/vehicle eligibility invented
HFC7004CSEV1-W,1,evt-fb7cb729ee9f124e,2024-04-15,2024-04-15,8017fdbcfa01dc3f5d2bd65fe4a06f5212edd78d39fee33fd47f6a2823eedcf7,0,0,VIN或项目内稳定车辆匿名键,整车出厂合格证/进口车辆电子信息单的制造日期,实际重新列入日期及整改配置对应原件,销售统一发票/有效凭证开具日期,工业和信息化部校验后的减免税标识,车辆电子信息与整改配置的可核查对应关系,model-level collection checklist; no VIN/date/vehicle eligibility invented
HXK7000BEVA10,1,evt-efbf568559fb6e79,2024-05-20,2024-05-20,8017fdbcfa01dc3f5d2bd65fe4a06f5212edd78d39fee33fd47f6a2823eedcf7,0,0,VIN或项目内稳定车辆匿名键,整车出厂合格证/进口车辆电子信息单的制造日期,实际重新列入日期及整改配置对应原件,销售统一发票/有效凭证开具日期,工业和信息化部校验后的减免税标识,车辆电子信息与整改配置的可核查对应关系,model-level collection checklist; no VIN/date/vehicle eligibility invented
HXK7000BEVA14,1,evt-5bd86b92c20456bc,2024-08-02,2024-08-02,8017fdbcfa01dc3f5d2bd65fe4a06f5212edd78d39fee33fd47f6a2823eedcf7,0,0,VIN或项目内稳定车辆匿名键,整车出厂合格证/进口车辆电子信息单的制造日期,实际重新列入日期及整改配置对应原件,销售统一发票/有效凭证开具日期,工业和信息化部校验后的减免税标识,车辆电子信息与整改配置的可核查对应关系,model-level collection checklist; no VIN/date/vehicle eligibility invented
HXK7000BEVA16,1,evt-82b191c863607df0,2024-05-20,2024-05-20,8017fdbcfa01dc3f5d2bd65fe4a06f5212edd78d39fee33fd47f6a2823eedcf7,0,0,VIN或项目内稳定车辆匿名键,整车出厂合格证/进口车辆电子信息单的制造日期,实际重新列入日期及整改配置对应原件,销售统一发票/有效凭证开具日期,工业和信息化部校验后的减免税标识,车辆电子信息与整改配置的可核查对应关系,model-level collection checklist; no VIN/date/vehicle eligibility invented
HXK7000BEVB00,1,evt-a1844f69f408e8c4,2024-10-18,2024-10-18,8017fdbcfa01dc3f5d2bd65fe4a06f5212edd78d39fee33fd47f6a2823eedcf7,0,0,VIN或项目内稳定车辆匿名键,整车出厂合格证/进口车辆电子信息单的制造日期,实际重新列入日期及整改配置对应原件,销售统一发票/有效凭证开具日期,工业和信息化部校验后的减免税标识,车辆电子信息与整改配置的可核查对应关系,model-level collection checklist; no VIN/date/vehicle eligibility invented
JL7001SEV03,1,evt-662621a4dc2ec166,2024-04-15,2024-04-15,8017fdbcfa01dc3f5d2bd65fe4a06f5212edd78d39fee33fd47f6a2823eedcf7,0,0,VIN或项目内稳定车辆匿名键,整车出厂合格证/进口车辆电子信息单的制造日期,实际重新列入日期及整改配置对应原件,销售统一发票/有效凭证开具日期,工业和信息化部校验后的减免税标识,车辆电子信息与整改配置的可核查对应关系,model-level collection checklist; no VIN/date/vehicle eligibility invented
JMV6550QRBEV,1,evt-be41326c68111417,2024-05-31,2024-05-31,8017fdbcfa01dc3f5d2bd65fe4a06f5212edd78d39fee33fd47f6a2823eedcf7,0,0,VIN或项目内稳定车辆匿名键,整车出厂合格证/进口车辆电子信息单的制造日期,实际重新列入日期及整改配置对应原件,销售统一发票/有效凭证开具日期,工业和信息化部校验后的减免税标识,车辆电子信息与整改配置的可核查对应关系,model-level collection checklist; no VIN/date/vehicle eligibility invented
JWT6470SEV04,1,evt-d64921e9a2e1cbc4,2024-05-31,2024-05-31,8017fdbcfa01dc3f5d2bd65fe4a06f5212edd78d39fee33fd47f6a2823eedcf7,0,0,VIN或项目内稳定车辆匿名键,整车出厂合格证/进口车辆电子信息单的制造日期,实际重新列入日期及整改配置对应原件,销售统一发票/有效凭证开具日期,工业和信息化部校验后的减免税标识,车辆电子信息与整改配置的可核查对应关系,model-level collection checklist; no VIN/date/vehicle eligibility invented
JWT7001SEV01,1,evt-9e14d4f8cbe40a8f,2024-05-31,2024-05-31,8017fdbcfa01dc3f5d2bd65fe4a06f5212edd78d39fee33fd47f6a2823eedcf7,0,0,VIN或项目内稳定车辆匿名键,整车出厂合格证/进口车辆电子信息单的制造日期,实际重新列入日期及整改配置对应原件,销售统一发票/有效凭证开具日期,工业和信息化部校验后的减免税标识,车辆电子信息与整改配置的可核查对应关系,model-level collection checklist; no VIN/date/vehicle eligibility invented
JX6480EUABEV,1,evt-ff836a666ecba3d6,2024-04-15,2024-04-15,8017fdbcfa01dc3f5d2bd65fe4a06f5212edd78d39fee33fd47f6a2823eedcf7,0,0,VIN或项目内稳定车辆匿名键,整车出厂合格证/进口车辆电子信息单的制造日期,实际重新列入日期及整改配置对应原件,销售统一发票/有效凭证开具日期,工业和信息化部校验后的减免税标识,车辆电子信息与整改配置的可核查对应关系,model-level collection checklist; no VIN/date/vehicle eligibility invented
JX6526TA-L6BEV,1,evt-e6044871bf7bcf07,2024-05-31,2024-05-31,8017fdbcfa01dc3f5d2bd65fe4a06f5212edd78d39fee33fd47f6a2823eedcf7,0,0,VIN或项目内稳定车辆匿名键,整车出厂合格证/进口车辆电子信息单的制造日期,实际重新列入日期及整改配置对应原件,销售统一发票/有效凭证开具日期,工业和信息化部校验后的减免税标识,车辆电子信息与整改配置的可核查对应关系,model-level collection checklist; no VIN/date/vehicle eligibility invented
JX6556T-M6BEV,1,evt-2a6710c63502afe2,2024-04-15,2024-04-15,8017fdbcfa01dc3f5d2bd65fe4a06f5212edd78d39fee33fd47f6a2823eedcf7,0,0,VIN或项目内稳定车辆匿名键,整车出厂合格证/进口车辆电子信息单的制造日期,实际重新列入日期及整改配置对应原件,销售统一发票/有效凭证开具日期,工业和信息化部校验后的减免税标识,车辆电子信息与整改配置的可核查对应关系,model-level collection checklist; no VIN/date/vehicle eligibility invented
JX6556TA-M6BEV,1,evt-744b639784380741,2024-03-11,2024-03-11,8017fdbcfa01dc3f5d2bd65fe4a06f5212edd78d39fee33fd47f6a2823eedcf7,0,0,VIN或项目内稳定车辆匿名键,整车出厂合格证/进口车辆电子信息单的制造日期,实际重新列入日期及整改配置对应原件,销售统一发票/有效凭证开具日期,工业和信息化部校验后的减免税标识,车辆电子信息与整改配置的可核查对应关系,model-level collection checklist; no VIN/date/vehicle eligibility invented
JX6556TB-M6BEV,1,evt-2634983c08092cc2,2024-04-15,2024-04-15,8017fdbcfa01dc3f5d2bd65fe4a06f5212edd78d39fee33fd47f6a2823eedcf7,0,0,VIN或项目内稳定车辆匿名键,整车出厂合格证/进口车辆电子信息单的制造日期,实际重新列入日期及整改配置对应原件,销售统一发票/有效凭证开具日期,工业和信息化部校验后的减免税标识,车辆电子信息与整改配置的可核查对应关系,model-level collection checklist; no VIN/date/vehicle eligibility invented
JX6556TC-M6BEV,1,evt-e039c936636d3737,2024-04-15,2024-04-15,8017fdbcfa01dc3f5d2bd65fe4a06f5212edd78d39fee33fd47f6a2823eedcf7,0,0,VIN或项目内稳定车辆匿名键,整车出厂合格证/进口车辆电子信息单的制造日期,实际重新列入日期及整改配置对应原件,销售统一发票/有效凭证开具日期,工业和信息化部校验后的减免税标识,车辆电子信息与整改配置的可核查对应关系,model-level collection checklist; no VIN/date/vehicle eligibility invented
JX7004ESBBEV,1,evt-48db04649fe1fccc,2024-05-20,2024-05-20,8017fdbcfa01dc3f5d2bd65fe4a06f5212edd78d39fee33fd47f6a2823eedcf7,0,0,VIN或项目内稳定车辆匿名键,整车出厂合格证/进口车辆电子信息单的制造日期,实际重新列入日期及整改配置对应原件,销售统一发票/有效凭证开具日期,工业和信息化部校验后的减免税标识,车辆电子信息与整改配置的可核查对应关系,model-level collection checklist; no VIN/date/vehicle eligibility invented
LF6461SEV01,1,evt-cc3777c7495fea54,2024-05-20,2024-05-20,8017fdbcfa01dc3f5d2bd65fe4a06f5212edd78d39fee33fd47f6a2823eedcf7,0,0,VIN或项目内稳定车辆匿名键,整车出厂合格证/进口车辆电子信息单的制造日期,实际重新列入日期及整改配置对应原件,销售统一发票/有效凭证开具日期,工业和信息化部校验后的减免税标识,车辆电子信息与整改配置的可核查对应关系,model-level collection checklist; no VIN/date/vehicle eligibility invented
LF6462SEV01,1,evt-d8aad4149399b71a,2024-04-15,2024-04-15,8017fdbcfa01dc3f5d2bd65fe4a06f5212edd78d39fee33fd47f6a2823eedcf7,0,0,VIN或项目内稳定车辆匿名键,整车出厂合格证/进口车辆电子信息单的制造日期,实际重新列入日期及整改配置对应原件,销售统一发票/有效凭证开具日期,工业和信息化部校验后的减免税标识,车辆电子信息与整改配置的可核查对应关系,model-level collection checklist; no VIN/date/vehicle eligibility invented
LF6470SEV01,1,evt-d08703e154e8e516,2024-05-20,2024-05-20,8017fdbcfa01dc3f5d2bd65fe4a06f5212edd78d39fee33fd47f6a2823eedcf7,0,0,VIN或项目内稳定车辆匿名键,整车出厂合格证/进口车辆电子信息单的制造日期,实际重新列入日期及整改配置对应原件,销售统一发票/有效凭证开具日期,工业和信息化部校验后的减免税标识,车辆电子信息与整改配置的可核查对应关系,model-level collection checklist; no VIN/date/vehicle eligibility invented
LF6470SEV02,1,evt-64e1a3e3dd341f78,2024-05-20,2024-05-20,8017fdbcfa01dc3f5d2bd65fe4a06f5212edd78d39fee33fd47f6a2823eedcf7,0,0,VIN或项目内稳定车辆匿名键,整车出厂合格证/进口车辆电子信息单的制造日期,实际重新列入日期及整改配置对应原件,销售统一发票/有效凭证开具日期,工业和信息化部校验后的减免税标识,车辆电子信息与整改配置的可核查对应关系,model-level collection checklist; no VIN/date/vehicle eligibility invented
LF6473SEV,1,evt-353f131a89d4c68c,2024-05-20,2024-05-20,8017fdbcfa01dc3f5d2bd65fe4a06f5212edd78d39fee33fd47f6a2823eedcf7,0,0,VIN或项目内稳定车辆匿名键,整车出厂合格证/进口车辆电子信息单的制造日期,实际重新列入日期及整改配置对应原件,销售统一发票/有效凭证开具日期,工业和信息化部校验后的减免税标识,车辆电子信息与整改配置的可核查对应关系,model-level collection checklist; no VIN/date/vehicle eligibility invented
LF6473SEV1,1,evt-b3c58fb00f33640c,2024-05-20,2024-05-20,8017fdbcfa01dc3f5d2bd65fe4a06f5212edd78d39fee33fd47f6a2823eedcf7,0,0,VIN或项目内稳定车辆匿名键,整车出厂合格证/进口车辆电子信息单的制造日期,实际重新列入日期及整改配置对应原件,销售统一发票/有效凭证开具日期,工业和信息化部校验后的减免税标识,车辆电子信息与整改配置的可核查对应关系,model-level collection checklist; no VIN/date/vehicle eligibility invented
LF6480SEV01,1,evt-a3fc20eb97ff7d79,2024-05-31,2024-05-31,8017fdbcfa01dc3f5d2bd65fe4a06f5212edd78d39fee33fd47f6a2823eedcf7,0,0,VIN或项目内稳定车辆匿名键,整车出厂合格证/进口车辆电子信息单的制造日期,实际重新列入日期及整改配置对应原件,销售统一发票/有效凭证开具日期,工业和信息化部校验后的减免税标识,车辆电子信息与整改配置的可核查对应关系,model-level collection checklist; no VIN/date/vehicle eligibility invented
LF7001SEV1,1,evt-37ac8f0ffeef3fcb,2024-05-31,2024-05-31,8017fdbcfa01dc3f5d2bd65fe4a06f5212edd78d39fee33fd47f6a2823eedcf7,0,0,VIN或项目内稳定车辆匿名键,整车出厂合格证/进口车辆电子信息单的制造日期,实际重新列入日期及整改配置对应原件,销售统一发票/有效凭证开具日期,工业和信息化部校验后的减免税标识,车辆电子信息与整改配置的可核查对应关系,model-level collection checklist; no VIN/date/vehicle eligibility invented
LF7001SEV2,1,evt-d4f1978f00561484,2024-05-31,2024-05-31,8017fdbcfa01dc3f5d2bd65fe4a06f5212edd78d39fee33fd47f6a2823eedcf7,0,0,VIN或项目内稳定车辆匿名键,整车出厂合格证/进口车辆电子信息单的制造日期,实际重新列入日期及整改配置对应原件,销售统一发票/有效凭证开具日期,工业和信息化部校验后的减免税标识,车辆电子信息与整改配置的可核查对应关系,model-level collection checklist; no VIN/date/vehicle eligibility invented
LZ6510NEB0EV,1,evt-be56e64b13904363,2024-12-31,2024-12-31,8017fdbcfa01dc3f5d2bd65fe4a06f5212edd78d39fee33fd47f6a2823eedcf7,0,0,VIN或项目内稳定车辆匿名键,整车出厂合格证/进口车辆电子信息单的制造日期,实际重新列入日期及整改配置对应原件,销售统一发票/有效凭证开具日期,工业和信息化部校验后的减免税标识,车辆电子信息与整改配置的可核查对应关系,model-level collection checklist; no VIN/date/vehicle eligibility invented
LZ7008SLAEV,1,evt-8f573385061c1684,2024-05-20,2024-05-20,8017fdbcfa01dc3f5d2bd65fe4a06f5212edd78d39fee33fd47f6a2823eedcf7,0,0,VIN或项目内稳定车辆匿名键,整车出厂合格证/进口车辆电子信息单的制造日期,实际重新列入日期及整改配置对应原件,销售统一发票/有效凭证开具日期,工业和信息化部校验后的减免税标识,车辆电子信息与整改配置的可核查对应关系,model-level collection checklist; no VIN/date/vehicle eligibility invented
LZW7004EVA4,1,evt-b78570c9ec181abe,2024-03-11,2024-03-11,8017fdbcfa01dc3f5d2bd65fe4a06f5212edd78d39fee33fd47f6a2823eedcf7,0,0,VIN或项目内稳定车辆匿名键,整车出厂合格证/进口车辆电子信息单的制造日期,实际重新列入日期及整改配置对应原件,销售统一发票/有效凭证开具日期,工业和信息化部校验后的减免税标识,车辆电子信息与整改配置的可核查对应关系,model-level collection checklist; no VIN/date/vehicle eligibility invented
MR6490SEV02,1,evt-718cb309ae77164d,2024-05-20,2024-05-20,8017fdbcfa01dc3f5d2bd65fe4a06f5212edd78d39fee33fd47f6a2823eedcf7,0,0,VIN或项目内稳定车辆匿名键,整车出厂合格证/进口车辆电子信息单的制造日期,实际重新列入日期及整改配置对应原件,销售统一发票/有效凭证开具日期,工业和信息化部校验后的减免税标识,车辆电子信息与整改配置的可核查对应关系,model-level collection checklist; no VIN/date/vehicle eligibility invented
MR7001SEV02,1,evt-5a61f37e7979a79f,2024-05-31,2024-05-31,8017fdbcfa01dc3f5d2bd65fe4a06f5212edd78d39fee33fd47f6a2823eedcf7,0,0,VIN或项目内稳定车辆匿名键,整车出厂合格证/进口车辆电子信息单的制造日期,实际重新列入日期及整改配置对应原件,销售统一发票/有效凭证开具日期,工业和信息化部校验后的减免税标识,车辆电子信息与整改配置的可核查对应关系,model-level collection checklist; no VIN/date/vehicle eligibility invented
MR7001SEV03,1,evt-7d67f7708dafd6d4,2024-05-31,2024-05-31,8017fdbcfa01dc3f5d2bd65fe4a06f5212edd78d39fee33fd47f6a2823eedcf7,0,0,VIN或项目内稳定车辆匿名键,整车出厂合格证/进口车辆电子信息单的制造日期,实际重新列入日期及整改配置对应原件,销售统一发票/有效凭证开具日期,工业和信息化部校验后的减免税标识,车辆电子信息与整改配置的可核查对应关系,model-level collection checklist; no VIN/date/vehicle eligibility invented
MSP2LR,1,evt-be6697dde9a69946,2024-03-11,2024-03-11,8017fdbcfa01dc3f5d2bd65fe4a06f5212edd78d39fee33fd47f6a2823eedcf7,0,0,VIN或项目内稳定车辆匿名键,整车出厂合格证/进口车辆电子信息单的制造日期,实际重新列入日期及整改配置对应原件,销售统一发票/有效凭证开具日期,工业和信息化部校验后的减免税标识,车辆电子信息与整改配置的可核查对应关系,model-level collection checklist; no VIN/date/vehicle eligibility invented
MSP2P,1,evt-374b7f73117a9eec,2024-03-11,2024-03-11,8017fdbcfa01dc3f5d2bd65fe4a06f5212edd78d39fee33fd47f6a2823eedcf7,0,0,VIN或项目内稳定车辆匿名键,整车出厂合格证/进口车辆电子信息单的制造日期,实际重新列入日期及整改配置对应原件,销售统一发票/有效凭证开具日期,工业和信息化部校验后的减免税标识,车辆电子信息与整改配置的可核查对应关系,model-level collection checklist; no VIN/date/vehicle eligibility invented
MXP2LR,1,evt-db2f01326853052f,2024-03-11,2024-03-11,8017fdbcfa01dc3f5d2bd65fe4a06f5212edd78d39fee33fd47f6a2823eedcf7,0,0,VIN或项目内稳定车辆匿名键,整车出厂合格证/进口车辆电子信息单的制造日期,实际重新列入日期及整改配置对应原件,销售统一发票/有效凭证开具日期,工业和信息化部校验后的减免税标识,车辆电子信息与整改配置的可核查对应关系,model-level collection checklist; no VIN/date/vehicle eligibility invented
MXP2P,1,evt-0b5152370f9a6312,2024-03-11,2024-03-11,8017fdbcfa01dc3f5d2bd65fe4a06f5212edd78d39fee33fd47f6a2823eedcf7,0,0,VIN或项目内稳定车辆匿名键,整车出厂合格证/进口车辆电子信息单的制造日期,实际重新列入日期及整改配置对应原件,销售统一发票/有效凭证开具日期,工业和信息化部校验后的减免税标识,车辆电子信息与整改配置的可核查对应关系,model-level collection checklist; no VIN/date/vehicle eligibility invented
NHQ6480BEVFA,1,evt-d00d50e69df8ba32,2024-03-11,2024-03-11,8017fdbcfa01dc3f5d2bd65fe4a06f5212edd78d39fee33fd47f6a2823eedcf7,0,0,VIN或项目内稳定车辆匿名键,整车出厂合格证/进口车辆电子信息单的制造日期,实际重新列入日期及整改配置对应原件,销售统一发票/有效凭证开具日期,工业和信息化部校验后的减免税标识,车辆电子信息与整改配置的可核查对应关系,model-level collection checklist; no VIN/date/vehicle eligibility invented
SC6480PQ6B1BEV,1,evt-ed0ea892f32101b9,2024-03-11,2024-03-11,8017fdbcfa01dc3f5d2bd65fe4a06f5212edd78d39fee33fd47f6a2823eedcf7,0,0,VIN或项目内稳定车辆匿名键,整车出厂合格证/进口车辆电子信息单的制造日期,实际重新列入日期及整改配置对应原件,销售统一发票/有效凭证开具日期,工业和信息化部校验后的减免税标识,车辆电子信息与整改配置的可核查对应关系,model-level collection checklist; no VIN/date/vehicle eligibility invented
SH6491N1SEV-9,1,evt-1986d4dd008c3d5b,2024-05-20,2024-05-20,8017fdbcfa01dc3f5d2bd65fe4a06f5212edd78d39fee33fd47f6a2823eedcf7,0,0,VIN或项目内稳定车辆匿名键,整车出厂合格证/进口车辆电子信息单的制造日期,实际重新列入日期及整改配置对应原件,销售统一发票/有效凭证开具日期,工业和信息化部校验后的减免税标识,车辆电子信息与整改配置的可核查对应关系,model-level collection checklist; no VIN/date/vehicle eligibility invented
SH6531T1SEV-9,1,evt-2779ffbf53c63c81,2024-05-20,2024-05-20,8017fdbcfa01dc3f5d2bd65fe4a06f5212edd78d39fee33fd47f6a2823eedcf7,0,0,VIN或项目内稳定车辆匿名键,整车出厂合格证/进口车辆电子信息单的制造日期,实际重新列入日期及整改配置对应原件,销售统一发票/有效凭证开具日期,工业和信息化部校验后的减免税标识,车辆电子信息与整改配置的可核查对应关系,model-level collection checklist; no VIN/date/vehicle eligibility invented
TAYCAN4SC111,1,evt-c8eb22a802093db5,2024-05-20,2024-05-20,8017fdbcfa01dc3f5d2bd65fe4a06f5212edd78d39fee33fd47f6a2823eedcf7,0,0,VIN或项目内稳定车辆匿名键,整车出厂合格证/进口车辆电子信息单的制造日期,实际重新列入日期及整改配置对应原件,销售统一发票/有效凭证开具日期,工业和信息化部校验后的减免税标识,车辆电子信息与整改配置的可核查对应关系,model-level collection checklist; no VIN/date/vehicle eligibility invented
THZ6450SEVS30M,1,evt-f805819c701c086e,2024-04-15,2024-04-15,8017fdbcfa01dc3f5d2bd65fe4a06f5212edd78d39fee33fd47f6a2823eedcf7,0,0,VIN或项目内稳定车辆匿名键,整车出厂合格证/进口车辆电子信息单的制造日期,实际重新列入日期及整改配置对应原件,销售统一发票/有效凭证开具日期,工业和信息化部校验后的减免税标识,车辆电子信息与整改配置的可核查对应关系,model-level collection checklist; no VIN/date/vehicle eligibility invented
WHJ7000BEVHH111,1,evt-b36186e52a1a7619,2024-05-31,2024-05-31,8017fdbcfa01dc3f5d2bd65fe4a06f5212edd78d39fee33fd47f6a2823eedcf7,0,0,VIN或项目内稳定车辆匿名键,整车出厂合格证/进口车辆电子信息单的制造日期,实际重新列入日期及整改配置对应原件,销售统一发票/有效凭证开具日期,工业和信息化部校验后的减免税标识,车辆电子信息与整改配置的可核查对应关系,model-level collection checklist; no VIN/date/vehicle eligibility invented
XEBM15L-AWDBSC2,1,evt-833417bd9ba4e8c6,2024-05-20,2024-05-20,8017fdbcfa01dc3f5d2bd65fe4a06f5212edd78d39fee33fd47f6a2823eedcf7,0,0,VIN或项目内稳定车辆匿名键,整车出厂合格证/进口车辆电子信息单的制造日期,实际重新列入日期及整改配置对应原件,销售统一发票/有效凭证开具日期,工业和信息化部校验后的减免税标识,车辆电子信息与整改配置的可核查对应关系,model-level collection checklist; no VIN/date/vehicle eligibility invented
XEBM15L-AWDCSC2,1,evt-5b4bd2253d1f9c74,2024-05-20,2024-05-20,8017fdbcfa01dc3f5d2bd65fe4a06f5212edd78d39fee33fd47f6a2823eedcf7,0,0,VIN或项目内稳定车辆匿名键,整车出厂合格证/进口车辆电子信息单的制造日期,实际重新列入日期及整改配置对应原件,销售统一发票/有效凭证开具日期,工业和信息化部校验后的减免税标识,车辆电子信息与整改配置的可核查对应关系,model-level collection checklist; no VIN/date/vehicle eligibility invented
XEBM15L-AWDLSC2,1,evt-a49400d2720a5892,2024-05-20,2024-05-20,8017fdbcfa01dc3f5d2bd65fe4a06f5212edd78d39fee33fd47f6a2823eedcf7,0,0,VIN或项目内稳定车辆匿名键,整车出厂合格证/进口车辆电子信息单的制造日期,实际重新列入日期及整改配置对应原件,销售统一发票/有效凭证开具日期,工业和信息化部校验后的减免税标识,车辆电子信息与整改配置的可核查对应关系,model-level collection checklist; no VIN/date/vehicle eligibility invented
YQZ6460BEV,1,evt-2e6795add978bf2d,2024-04-15,2024-04-15,8017fdbcfa01dc3f5d2bd65fe4a06f5212edd78d39fee33fd47f6a2823eedcf7,0,0,VIN或项目内稳定车辆匿名键,整车出厂合格证/进口车辆电子信息单的制造日期,实际重新列入日期及整改配置对应原件,销售统一发票/有效凭证开具日期,工业和信息化部校验后的减免税标识,车辆电子信息与整改配置的可核查对应关系,model-level collection checklist; no VIN/date/vehicle eligibility invented
